name,type,region,locality,geolocation
«Второй» домашний магазин «И.Я. Чурин и Ко» и магазин братьев Платонов,архитектура,Амурская область,Благовещенск,"(Decimal('127.548877'), Decimal('49.811568'))"
«Город чекистов»,архитектура,Свердловская область,Екатеринбург,"(Decimal('60.621271'), Decimal('56.841798'))"
«Дворец для любимой»,архитектура,Курская область,Сафоновка,"(Decimal('35.139965'), Decimal('51.491293'))"
«Дом с Жар-птицей» (усадьба Желябова Л.К.),архитектура,Томская область,Томск,"(Decimal('85.050946'), Decimal('56.469513'))"
«Дом с привидениями»,архитектура,Новосибирская область,Новосибирск,"(Decimal('82.958761'), Decimal('55.041787'))"
«Домик-графин»,архитектура,Свердловская область,Верх-нейвинский,"(Decimal('60.131644'), Decimal('57.265584'))"
«Емельяновский номер»,архитектура,Ярославская область,Ростов,"(Decimal('39.414526'), Decimal('57.185866'))"
Больница «Мясниковская»,архитектура,Ярославская область,Ростов,"(Decimal('39.414526'), Decimal('57.185866'))"
«Трасса Вейнбаума»,архитектура,Белгородская область,Белгород,"(Decimal('36.587223'), Decimal('50.59566'))"
«Особняк Хомич»,архитектура,Томская область,Томск,"(Decimal('84.947649'), Decimal('56.48464'))"
«Серая лошадь»,архитектура,Приморский край,Владивосток,"(Decimal('131.885485'), Decimal('43.115536'))"
«Фотография» И.М. Бабыкин,архитектура,Курганская область,Курган,"(Decimal('65.341118'), Decimal('55.441004'))"
«Школа Л.Н. Толстого» на Пятницкой,архитектура,Москва,,Not found
Аврамиевская надвратная башня,архитектура,Смоленская область,Смоленск,"(Decimal('32.045251'), Decimal('54.782635'))"
Административное здание ликеро-водочного завода им. Д.Смолина,архитектура,Курганская область,Курган,Not found
Администрация Волгоградской области (здания парткома и исполкома),архитектура,Волгоградская область,Волгоград,"(Decimal('44.516948'), Decimal('48.707067'))"
Екатеринбургская городская администрация,архитектура,Свердловская область,Екатеринбург,"(Decimal('61.077166'), Decimal('56.744732'))"
Азовский пороховой погреб,архитектура,Ростовская область,Азов,"(Decimal('39.408391'), Decimal('47.119291'))"
Академия художеств,архитектура,Санкт-Петербург,Санкт-Петербург,"(Decimal('30.345926'), Decimal('59.991093'))"
Александро-Мариинская пятиклассная школа,архитектура,Иркутская область,Иркутск,"(Decimal('104.281047'), Decimal('52.287054'))"
Алексеевская женская гимназия.,архитектура,Амурская область,Благовещенск,"(Decimal('127.527173'), Decimal('50.29064'))"
Анапский маяк,архитектура,Краснодарский край,Анапа,"(Decimal('37.304366'), Decimal('44.953155'))"
Ансамбль Александровский сад,архитектура,Кировская область,Киров,"(Decimal('51.802725'), Decimal('58.284554'))"
Ансамбль Верхотурского Кремля.,архитектура,Свердловская область,Верхотурье,"(Decimal('60.807581'), Decimal('58.860518'))"
Ансамбль Преображенской церкви,архитектура,Костромская область,Николо-Шанга,"(Decimal('45.5395'), Decimal('58.452015'))"
Ансамбль правительственных учреждений в Калуге.,архитектура,Калужская область,Калуга,"(Decimal('36.167539'), Decimal('54.53284'))"
Ансамбль Рогожская Ямская Слобода,архитектура,Москва,,"(Decimal('37.681173'), Decimal('55.746512'))"
Ансамбль торговых рядов,архитектура,Костромская область,Солигалич,"(Decimal('42.285973'), Decimal('59.077591'))"
Ансамбль Железнодорожной Больницы,архитектура,Волгоградская область,Волгоград,"(Decimal('44.516948'), Decimal('48.707067'))"
Ансамбль заводского поселка Кыновского завода,архитектура,Пермь,Кин,Not found
Ансамбль купеческих домов на набережной,архитектура,Ивановская область,Танец,Not found
Ансамбль первой женской школы,архитектура,Свердловская область,Екатеринбург,"(Decimal('60.592336'), Decimal('56.886105'))"
Ансамбль площади Ленина (Круглая площадь),архитектура,Республика Карелия,Петрозаводск,"(Decimal('34.362293'), Decimal('61.789836'))"
"Ансамбль спорткомплекса стадиона ""Динамо""",архитектура,Волгоградская область,Волгоград,"(Decimal('44.506204'), Decimal('48.711895'))"
Ансамбль церкви Константина и Елены,архитектура,Псковская область,Псков,Not found
Аптека «Стрела»,архитектура,Калужская область,Калуга,"(Decimal('36.261215'), Decimal('54.513845'))"
Аптечные насыпи,архитектура,Кировская область,Киров,"(Decimal('49.668014'), Decimal('58.603591'))"
аптека Вейерсберга,архитектура,Свердловская область,Екатеринбург,"(Decimal('60.597465'), Decimal('56.838011'))"
аптека Крюгера,архитектура,Алтайский край,Барнаул,"(Decimal('83.776856'), Decimal('53.346785'))"
Аптечный горнодобывающий отдел,архитектура,Свердловская область,Екатеринбург,"(Decimal('60.449899'), Decimal('56.796382'))"
Аракчеевский кадетский корпус,архитектура,Нижегородская область,Нижний Новгород,"(Decimal('44.006516'), Decimal('56.326797'))"
Арка 140-летия города - курорт Горячий Ключ,архитектура,Краснодарский край,Горячая клавиша,"(Decimal('39.136426'), Decimal('44.634246'))"
Арка «Золотые ворота» («Альтн Бош»),архитектура,Республика Калмыкия,Элиста,"(Decimal('44.269759'), Decimal('46.307743'))"
Арка в честь 50-летия курорта Горячий Ключ,архитектура,Краснодарский край,Горячая клавиша,"(Decimal('39.136426'), Decimal('44.634246'))"
триумфальная арка,архитектура,Кабардино-Балкарская Республика,,"(Decimal('43.408274'), Decimal('43.494396'))"
Арсенал. Ижевский Кремль,архитектура,Удмуртская республика,Ижевск,"(Decimal('53.180418'), Decimal('56.822306'))"
Арсенальная (Вольская) башня,архитектура,Ярославская область,Ярославль,"(Decimal('39.893804'), Decimal('57.626559'))"
Архангельский поселок,архитектура,Республика Марий Эл,Йошкар-Ола,"(Decimal('47.902995'), Decimal('56.632818'))"
Археологический комплекс «Гнездово».,архитектура,Смоленская область,,"(Decimal('31.863863'), Decimal('54.782464'))"
Епископский дом,архитектура,Пермь,Пермский,"(Decimal('56.253967'), Decimal('58.006473'))"
Епископский дом,архитектура,Пензенская область,Пенза,"(Decimal('45.004715'), Decimal('53.173479'))"
Архиерейский дом на Печорском подворье,архитектура,Псковская область,Псков,Not found
Архитектурный ансамбль Соборной горы,архитектура,Смоленская область,Смоленск,Not found
Горизонт города Кыштым,архитектура,Челябинская область,Аргаяш,Not found
Архитектурный ансамбль площади имени Ленина,архитектура,Ростовская область,Волгодонск,"(Decimal('42.156436'), Decimal('47.515772'))"
Архитектурный ансамбль села Великорецкое.,архитектура,Кировская область,Великорецкое,"(Decimal('49.16272'), Decimal('58.955449'))"
Архитектурный ансамбль центральной площади,архитектура,Курганская область,Курган,Not found
Архитектурный комплекс Лезгор,архитектура,Республика Северная Осетия - Алания,Лезгор,"(Decimal('43.770268'), Decimal('43.015099'))"
Архитектурный комплекс Советской площади,архитектура,Республика Башкортостан,Уфа,"(Decimal('55.958727'), Decimal('54.735147'))"
Архитектурный комплекс Суздальского кремля.,архитектура,Владимирская область,Суздаль,"(Decimal('40.449457'), Decimal('56.419836'))"
Архитектурный комплекс Тля,архитектура,Республика Северная Осетия - Алания,,"(Decimal('43.892359'), Decimal('42.666152'))"
Архитектурный комплекс села Галиат,архитектура,Республика Северная Осетия - Алания,Галиат,"(Decimal('43.847811'), Decimal('42.920194'))"
Архитектурный комплекс магазинов,архитектура,Кировская область,Киров,"(Decimal('49.668014'), Decimal('58.603591'))"
Архитектурный комплекс магазинов в Кирове,архитектура,Кировская область,Киров,"(Decimal('49.689313'), Decimal('58.521682'))"
Астраханская государственная консерватория,архитектура,Астраханская область,Астрахань,"(Decimal('47.969722'), Decimal('46.436952'))"
Астраханский Кремль,архитектура,Астраханская область,Астрахань,"(Decimal('47.948719'), Decimal('46.286977'))"
Базановский детский дом,архитектура,Иркутская область,Иркутск,"(Decimal('113.795679'), Decimal('57.820324'))"
Байдарские ворота,архитектура,Севастополь,Орлиное,"(Decimal('33.77307'), Decimal('44.444772'))"
бактериологический институт,архитектура,Кировская область,Киров,"(Decimal('49.668014'), Decimal('58.603591'))"
Бальга,архитектура,Калининградская область,,"(Decimal('19.975954'), Decimal('54.545219'))"
Банк Волга-Кама,архитектура,Ярославская область,Рыбинск,"(Decimal('38.858406'), Decimal('58.048454'))"
Банк внешней торговли,архитектура,Кировская область,Киров,"(Decimal('49.668014'), Decimal('58.603591'))"
Усадебный дом Ляховых,архитектура,Республика Башкортостан,Спартак,"(Decimal('54.349764'), Decimal('54.18571'))"
Башенные комплексы Вовнушки,архитектура,Республика Ингушетия,,"(Decimal('44.994852'), Decimal('42.800697'))"
Жилой комплекс Tower Huli,архитектура,Республика Ингушетия,,"(Decimal('44.804086'), Decimal('42.811544'))"
Башенный комплекс Бейн,архитектура,Республика Ингушетия,Бэйн,"(Decimal('44.714281'), Decimal('42.831627'))"
Башенный комплекс Былган,архитектура,Республика Ингушетия,,"(Decimal('44.789731'), Decimal('42.798586'))"
Башенный комплекс Гадаборш,архитектура,Республика Ингушетия,,"(Decimal('44.900017'), Decimal('42.821597'))"
Карты башенного комплекса,архитектура,Республика Ингушетия,,"(Decimal('44.880371'), Decimal('42.827264'))"
Башенный комплекс Ляжги,архитектура,Республика Ингушетия,Ляжги,"(Decimal('44.734484'), Decimal('42.808773'))"
Башенный комплекс Моцар,архитектура,Чеченская Республика,,"(Decimal('45.370285'), Decimal('42.890173'))"
Башенный комплекс Нидж,архитектура,Республика Ингушетия,Пялинг,"(Decimal('44.98798'), Decimal('42.825227'))"
Башенный комплекс Оздик,архитектура,Республика Ингушетия,Лэми,"(Decimal('44.900807'), Decimal('42.830173'))"
Башенный комплекс САЛГА,архитектура,Республика Ингушетия,,"(Decimal('44.819986'), Decimal('42.797918'))"
Башенный комплекс Тарг,архитектура,Республика Ингушетия,Таргим,"(Decimal('44.942354'), Decimal('42.835125'))"
Башенный комплекс Тори,архитектура,Республика Ингушетия,,"(Decimal('44.920534'), Decimal('42.843085'))"
Башенный комплекс Кори,архитектура,Республика Ингушетия,,"(Decimal('45.094394'), Decimal('42.806319'))"
Башенный комплекс Соан,архитектура,Республика Ингушетия,Шоани,Not found
Башенный комплекс Эрзи,архитектура,Республика Ингушетия,,"(Decimal('44.759574'), Decimal('42.80362'))"
Башенный комплекс в селе Эгикал,архитектура,Республика Ингушетия,Эгикхал,Not found
башни Туаева,архитектура,Республика Северная Осетия - Алания,лекарство,"(Decimal('43.910711'), Decimal('42.671548'))"
Башни рода Гагиева,архитектура,Республика Ингушетия,Алкун,"(Decimal('45.012818'), Decimal('42.979241'))"
башня Абисалова,архитектура,Республика Северная Осетия - Алания,Дунта,"(Decimal('43.849886'), Decimal('42.900978'))"
башня Бзыковых,архитектура,Республика Северная Осетия - Алания,Донисар,"(Decimal('44.19872'), Decimal('42.862933'))"
башня Бублейка,архитектура,Смоленская область,Смоленск,"(Decimal('32.045251'), Decimal('54.782635'))"
Громовая башня,архитектура,Смоленская область,Смоленск,"(Decimal('32.045251'), Decimal('54.782635'))"
башня Долгочевская,архитектура,Смоленская область,Смоленск,"(Decimal('32.045251'), Decimal('54.782635'))"
башня Елоева,архитектура,Республика Северная Осетия - Алания,,"(Decimal('44.262033'), Decimal('43.092669'))"
башня Кантемирова,архитектура,Республика Северная Осетия - Алания,Кусс,"(Decimal('43.633689'), Decimal('42.904042'))"
Башня Кокуи и «Галерея времени»,архитектура,Новгородская область,Новгород,Not found
Курт и Тага Тауэр,архитектура,Республика Северная Осетия - Алания,верхний Фиагдон,"(Decimal('44.306958'), Decimal('42.83418'))"
башня Мамсурова,архитектура,Республика Северная Осетия - Алания,,"(Decimal('44.262033'), Decimal('43.092669'))"
Тауэр Мосс (Маховая),архитектура,Смоленская область,Смоленск,"(Decimal('32.045251'), Decimal('54.782635'))"
Орлиная башня,архитектура,Смоленская область,Смоленск,"(Decimal('32.045251'), Decimal('54.782635'))"
башня Позднякова,архитектура,Смоленская область,Смоленск,"(Decimal('32.045251'), Decimal('54.782635'))"
Башня ратуши,архитектура,Ленинградская область,Выборг,"(Decimal('28.730117'), Decimal('60.714211'))"
Башня Согласия,архитектура,Республика Ингушетия,Магас,"(Decimal('44.81624'), Decimal('43.171501'))"
башня Таймазова,архитектура,Республика Северная Осетия - Алания,Кусс,"(Decimal('43.633689'), Decimal('42.904042'))"
башня Хатаговых,архитектура,Республика Северная Осетия - Алания,Донифарс,"(Decimal('43.7646'), Decimal('42.999975'))"
башня Хестановых,архитектура,Республика Северная Осетия - Алания,Донисар,"(Decimal('44.19872'), Decimal('42.862933'))"
Башня Шамиля,архитектура,Курская область,Льгов,"(Decimal('35.259432'), Decimal('51.656942'))"
башня ветров,архитектура,Севастополь,,"(Decimal('33.525369'), Decimal('44.616604'))"
любители башни,архитектура,Кабардино-Балкарская Республика,Нальчик,"(Decimal('43.607072'), Decimal('43.485259'))"
башня кровники,архитектура,Республика Северная Осетия - Алания,,"(Decimal('44.262033'), Decimal('43.092669'))"
Башня кровники над Кахтисаром,архитектура,Республика Северная Осетия - Алания,Кобан,Not found
Башня с часами Государственного банка,архитектура,Нижегородская область,Нижний Новгород,Not found
Белая Башня,архитектура,Свердловская область,Екатеринбург,"(Decimal('61.372065'), Decimal('57.389991'))"
Белая башня Нижегородского кремля.,архитектура,Нижегородская область,Нижний Новгород,"(Decimal('44.448685'), Decimal('55.830038'))"
Кремль Белозерское.,архитектура,Вологодская область,Ши,"(Decimal('37.789016'), Decimal('60.030843'))"
Белозерский кремль и городская стена,архитектура,Вологодская область,Ши,"(Decimal('37.789016'), Decimal('60.030843'))"
Белорусский вокзал,архитектура,Москва,,"(Decimal('37.581496'), Decimal('55.776618'))"
Белый дом,архитектура,Иркутская область,Иркутск,"(Decimal('104.357736'), Decimal('52.249324'))"
берёзовый дом,архитектура,Ленинградская область,,"(Decimal('28.617441'), Decimal('60.300988'))"
АН беседка Островского,архитектура,Костромская область,Кострома,"(Decimal('40.913797'), Decimal('57.771907'))"
беседка Шамиля,архитектура,Республика Дагестан,Гуни,"(Decimal('46.964318'), Decimal('42.387091'))"
Беседка на набережной Волги,архитектура,Ярославская область,Ярославль,Not found
Библиотека Академии наук,архитектура,Санкт-Петербург,Санкт-Петербург,"(Decimal('30.315868'), Decimal('59.939095'))"
Бирючанские торговые ряды,архитектура,Белгородская область,одинокий волк,"(Decimal('38.400553'), Decimal('50.648389'))"
Благовещенская башня,архитектура,Республика Марий Эл,Йошкар-Ола,"(Decimal('47.886178'), Decimal('56.631595'))"
Церковь евангельских христиан-баптистов «Благодать»,архитектура,Красноярский край,Красноярск,Not found
дворянство,архитектура,Пермь,Пермский,"(Decimal('56.229434'), Decimal('58.01045'))"
Блиновский проезд,архитектура,Нижегородская область,Нижний Новгород,"(Decimal('44.006516'), Decimal('56.326797'))"
Блокадная подстанция,архитектура,Санкт-Петербург,Санкт-Петербург,"(Decimal('30.315868'), Decimal('59.939095'))"
Богоявленский (зимний) собор,архитектура,Ярославская область,Углич,"(Decimal('38.319372'), Decimal('57.526592'))"
Боевая башня Бек Чельдиева,архитектура,Республика Северная Осетия - Алания,Згиль,Not found
Боевая башня Боциева,архитектура,Республика Северная Осетия - Алания,лекарство,"(Decimal('43.910711'), Decimal('42.671548'))"
Боевая башня Габисова в Халгоне,архитектура,Республика Северная Осетия - Алания,,Not found
Боевая башня в деревне Зубанчи.,архитектура,Республика Дагестан,,Not found
Серия «Большая гостиная»,архитектура,Республика Бурятия,Улан-Удэ,"(Decimal('107.584574'), Decimal('51.834464'))"
Серия «Большая гостиная»,архитектура,Республика Бурятия,,"(Decimal('110.71311'), Decimal('54.934805'))"
Большая серия муки,архитектура,Костромская область,Кострома,"(Decimal('40.924792'), Decimal('57.767568'))"
Большой Гостиный Двор,архитектура,Санкт-Петербург,Санкт-Петербург,"(Decimal('30.329514'), Decimal('59.929245'))"
Большой дом на Литейном заводе,архитектура,Санкт-Петербург,Санкт-Петербург,"(Decimal('30.315868'), Decimal('59.939095'))"
Борисоглебская башня Нижегородского кремля.,архитектура,Нижегородская область,Нижний Новгород,Not found
Дом Ботнии,архитектура,Санкт-Петербург,Санкт-Петербург,"(Decimal('30.278606'), Decimal('59.958525'))"
Бранденбург,архитектура,Калининградская область,Ушаково,"(Decimal('20.235639'), Decimal('54.608973'))"
Бывшая Пермская духовная семинария,архитектура,Пермь,Пермский,"(Decimal('56.234914'), Decimal('58.009129'))"
Бывшая гимназия,архитектура,Брянская область,Стародуб,"(Decimal('32.760346'), Decimal('52.585277'))"
Бывшая религиозная школа,архитектура,Пермь,Пермский,"(Decimal('56.229434'), Decimal('58.01045'))"
Бывшее здание Банка взаимного кредита,архитектура,Забайкальский край,Сретенск,Not found
Бывшее здание театра 501-я стройка.,архитектура,Ямало-Ненецкий автономный округ,Салехард,Not found
Бывшая усадьба Югской Дорофеевой пустыни,архитектура,Ярославская область,Рыбинск,Not found
Бывшая баня Кашинская,архитектура,Пермь,Пермский,"(Decimal('56.553313'), Decimal('61.23108'))"
Бывший дом Дворянского собрания,архитектура,Смоленская область,Смоленск,"(Decimal('34.207091'), Decimal('55.489667'))"
Бывший дом Дворянского собрания в Смоленске.,архитектура,Смоленская область,Смоленск,"(Decimal('32.045251'), Decimal('54.782635'))"
Бывший дом Энгельгардта в Смоленске,архитектура,Смоленская область,Смоленск,Not found
Бывший дом смоленского губернатора,архитектура,Смоленская область,Смоленск,"(Decimal('32.082333'), Decimal('54.770842'))"
Бывший дом купца Ланина,архитектура,Смоленская область,Смоленск,"(Decimal('34.207091'), Decimal('55.489667'))"
Бывший торговый дом Фаберже,архитектура,Санкт-Петербург,Санкт-Петербург,"(Decimal('30.332424'), Decimal('59.928807'))"
Купальной корпус Николая II (Верхняя баня),архитектура,Ставропольский край,Ессентуки,Not found
баня Островского,архитектура,Ставропольский край,Железноводск,"(Decimal('43.136875'), Decimal('44.084718'))"
Введенский замок,архитектура,Республика Крым,Изобильное,"(Decimal('34.352142'), Decimal('44.706694'))"
вдовы Главная,архитектура,Нижегородская область,Нижний Новгород,"(Decimal('43.982909'), Decimal('56.31231'))"
Верхнебазарное торговое объединение,архитектура,Нижегородская область,Нижний Новгород,"(Decimal('44.006516'), Decimal('56.326797'))"
Ветряная мельница,архитектура,Белгородская область,Меняйлово,"(Decimal('38.752899'), Decimal('50.528627'))"
Ветряная мельница,архитектура,Белгородская область,Демидовка,"(Decimal('35.392104'), Decimal('50.947035'))"
винный склад,архитектура,Пермь,Соликамск,"(Decimal('56.572573'), Decimal('59.755304'))"
Витебский вокзал,архитектура,Санкт-Петербург,,"(Decimal('30.329181'), Decimal('59.919901'))"
Владимирская площадь,архитектура,Санкт-Петербург,Санкт-Петербург,"(Decimal('30.34748'), Decimal('59.928257'))"
Власьевская башня,архитектура,Псковская область,Псков,"(Decimal('28.332451'), Decimal('57.819274'))"
Водонапорная башня,архитектура,Республика Коми,Инта,"(Decimal('60.115367'), Decimal('66.03682'))"
Водонапорная башня,архитектура,Красноярский край,Ханабадский,"(Decimal('94.328297'), Decimal('55.813172'))"
Водонапорная башня,архитектура,Новосибирская область,Новосибирск,"(Decimal('82.901278'), Decimal('54.983763'))"
Водонапорная башня,архитектура,Свердловская область,Екатеринбург,"(Decimal('60.597465'), Decimal('56.838011'))"
Водонапорная башня,архитектура,Ярославская область,Рыбинск,"(Decimal('38.858406'), Decimal('58.048454'))"
Водонапорная башня в Старой Руссе.,архитектура,Новгородская область,Старая Русса,"(Decimal('31.355452'), Decimal('57.990715'))"
Водонапорная башня во Владимире.,архитектура,Владимирская область,,Not found
Водонапорная башня с дымоходом,архитектура,Новосибирская область,проклинать,Not found
Водонапорные башни,архитектура,Курганская область,Курган,"(Decimal('65.341118'), Decimal('55.441004'))"
Водяная мельница,архитектура,Курская область,Красников,"(Decimal('36.402637'), Decimal('51.235774'))"
Водяная мельница в деревне Лох,архитектура,Саратовская область,дурак,Not found
Военный санаторий в Гурзуфе.,архитектура,Республика Крым,,"(Decimal('36.390456'), Decimal('45.225904'))"
Станция Оренбург,архитектура,Оренбургская область,Оренбург,"(Decimal('55.074327'), Decimal('51.776581'))"
Волго-Донской канал,архитектура,Волгоградская область,,"(Decimal('43.52943'), Decimal('48.62269'))"
Волгоградская консерватория. П. А. Серебряков,архитектура,Волгоградская область,Волгоград,"(Decimal('44.335848'), Decimal('48.683577'))"
Волгоградский государственный медицинский университет,архитектура,Волгоградская область,Волгоград,"(Decimal('44.543296'), Decimal('48.734296'))"
Волгоградский государственный педагогический университет (главный корпус),архитектура,Волгоградская область,Волгоград,"(Decimal('44.543296'), Decimal('48.734296'))"
Волгоградский государственный технический университет,архитектура,Волгоградская область,Волгоград,"(Decimal('44.543296'), Decimal('48.734296'))"
Волгоградский технический колледж (гидромелиоративный колледж),архитектура,Волгоградская область,Волгоград,"(Decimal('44.543296'), Decimal('48.734296'))"
Волгоградское областное статистическое управление (1-я Мариинская женская гимназия),архитектура,Волгоградская область,Волгоград,Not found
Волжская ГЭС,архитектура,Волгоградская область,Волжский,"(Decimal('44.780487'), Decimal('48.771558'))"
Ворота в Долину Царей,архитектура,Республика Хакасия,камыши,Not found
Надвратная башня Гостиного двора.,архитектура,Новгородская область,Новгород,Not found
приют для подкидышей,архитектура,Санкт-Петербург,Санкт-Петербург,"(Decimal('30.278606'), Decimal('59.958525'))"
Вторая мужская гимназия,архитектура,Кировская область,Киров,"(Decimal('49.668014'), Decimal('58.603591'))"
Второе пожарное депо в Благовещенске,архитектура,Амурская область,Благовещенск,"(Decimal('127.527173'), Decimal('50.29064'))"
Здание Красных ворот,архитектура,Москва,,Not found
Выставочный комплекс «Сестрорецкий заграничный»,архитектура,Санкт-Петербург,Санкт-Петербург,"(Decimal('30.315868'), Decimal('59.939095'))"
Вятская женская гимназия.,архитектура,Кировская область,Киров,"(Decimal('49.747317'), Decimal('58.608011'))"
Вятский государственный педагогический университет,архитектура,Кировская область,Киров,"(Decimal('49.745916'), Decimal('58.641864'))"
Вятское земское реальное училище,архитектура,Кировская область,Киров,"(Decimal('48.734871'), Decimal('58.057617'))"
Жвачка,архитектура,Приморский край,Владивосток,"(Decimal('131.885485'), Decimal('43.115536'))"
Галерная гавань,архитектура,Санкт-Петербург,Санкт-Петербург,"(Decimal('30.223961'), Decimal('59.93571'))"
Гауптвахта,архитектура,Костромская область,Кострома,"(Decimal('40.926858'), Decimal('57.767961'))"
Георгиевская башня Нижегородского кремля,архитектура,Нижегородская область,Нижний Новгород,Not found
Георгиевский собор в Гусь-Хрустальном,архитектура,Владимирская область,,"(Decimal('41.705563'), Decimal('55.660287'))"
Гердауэн,архитектура,Калининградская область,железная дорога,"(Decimal('21.305308'), Decimal('54.360931'))"
Гимназия имени А.Л. Кекина,архитектура,Ярославская область,Ростов,"(Decimal('39.414526'), Decimal('57.185866'))"
Гимназия №2 им. В.Г. Короленко,архитектура,Республика Крым,Керчь,"(Decimal('36.467378'), Decimal('45.356219'))"
Школа №32,архитектура,Ивановская область,Иваново,"(Decimal('40.973921'), Decimal('57.000348'))"
Главный корпус Мариинской больницы,архитектура,Санкт-Петербург,Санкт-Петербург,"(Decimal('30.320818'), Decimal('59.922165'))"
Главные ворота парка Мон Репо,архитектура,Ленинградская область,Выборг,"(Decimal('28.72576'), Decimal('60.732374'))"
Главный дом купца Дементьева,архитектура,Красноярский край,Питорафик,Not found
Главный дом Усадьба М.И. Сизова,архитектура,Нижегородская область,Нижний Новгород,Not found
Главный корпус Ижевского оружейного завода,архитектура,Удмуртская республика,Ижевск,Not found
почтовое отделение,архитектура,Приморский край,Владивосток,"(Decimal('131.885485'), Decimal('43.115536'))"
почтовое отделение,архитектура,Санкт-Петербург,,"(Decimal('30.315868'), Decimal('59.939095'))"
почтовое отделение,архитектура,Свердловская область,Екатеринбург,"(Decimal('60.597465'), Decimal('56.838011'))"
почтовое отделение,архитектура,Волгоградская область,Волгоград,"(Decimal('44.516948'), Decimal('48.707067'))"
дом Глебова,архитектура,Санкт-Петербург,Санкт-Петербург,"(Decimal('30.278606'), Decimal('59.958525'))"
Голландский дом Петра I,архитектура,Москва,,"(Decimal('37.804979'), Decimal('55.736371'))"
Горный институт,архитектура,Санкт-Петербург,Санкт-Петербург,"(Decimal('30.318545'), Decimal('59.916342'))"
Шахматный город в Элисте,архитектура,Республика Калмыкия,Элиста,"(Decimal('44.261638'), Decimal('46.307319'))"
Полицейский-магистрат,архитектура,Пермь,Кунгур,"(Decimal('56.944206'), Decimal('57.42881'))"
Городская пожарная часть,архитектура,Кировская область,Киров,"(Decimal('49.668014'), Decimal('58.603591'))"
Городская публичная библиотека,архитектура,Ярославская область,Углич,"(Decimal('38.319372'), Decimal('57.526592'))"
Городская телефонная станция,архитектура,Амурская область,Благовещенск,"(Decimal('127.527173'), Decimal('50.29064'))"
Правительство города,архитектура,Пермь,Кунгур,"(Decimal('56.944206'), Decimal('57.42881'))"
городская власть,архитектура,Амурская область,Благовещенск,"(Decimal('127.527173'), Decimal('50.29064'))"
Городская Николаевская школа,архитектура,Тюменская область,Тюмень,"(Decimal('69.420835'), Decimal('56.107122'))"
Городской женский колледж,архитектура,Новосибирская область,Новосибирск,"(Decimal('82.923619'), Decimal('55.012532'))"
Городской жилой дом,архитектура,Новосибирская область,Новосибирск,"(Decimal('82.958761'), Decimal('55.041787'))"
"Гостиница «Арктика», самое лучшее в мире здание за Полярным кругом.",архитектура,Мурманская область,Мурманск,Not found
"Отель ""Бристоль""",архитектура,Воронежская область,Воронеж,"(Decimal('39.200269'), Decimal('51.660781'))"
"Отель ""Версаль""",архитектура,Приморский край,Владивосток,"(Decimal('131.885485'), Decimal('43.115536'))"
"Гостиница ""Волгоград""",архитектура,Волгоградская область,Волгоград,"(Decimal('44.516948'), Decimal('48.707067'))"
"Отель ""Империал""",архитектура,Республика Северная Осетия - Алания,Владикавказ,"(Decimal('44.68196'), Decimal('43.02115'))"
"Гостиница ""Ленинград""",архитектура,Москва,,"(Decimal('37.44497'), Decimal('55.881485'))"
"Гостиница ""Метрополь""",архитектура,Москва,,"(Decimal('37.56609'), Decimal('55.752825'))"
"Гостиница ""Националь""",архитектура,Москва,,"(Decimal('37.56609'), Decimal('55.752825'))"
"Гостиница ""Украина""",архитектура,Москва,,Not found
"Гостиница ""Центральная""",архитектура,Кировская область,Киров,"(Decimal('49.578524'), Decimal('58.637574'))"
Отель А.Е. Лукьянов,архитектура,Амурская область,Благовещенск,"(Decimal('128.923622'), Decimal('51.639551'))"
Отель Централ,архитектура,Ивановская область,Иваново,"(Decimal('40.902442'), Decimal('57.004211'))"
Купец гостиницы В.Ю. Атаманова,архитектура,Свердловская область,Екатеринбург,Not found
Гостиница Никитина купцов,архитектура,Нижегородская область,Нижний Новгород,"(Decimal('44.006516'), Decimal('56.326797'))"
Живая серия,архитектура,Республика Бурятия,Кяхтинский,"(Decimal('106.449903'), Decimal('50.355214'))"
Гостиный Двор,архитектура,Пермь,Кунгур,"(Decimal('56.944206'), Decimal('57.42881'))"
Гостиный Двор,архитектура,Архангельская область,Архангельск,"(Decimal('46.504372'), Decimal('61.61071'))"
Гостиный Двор,архитектура,Тюменская область,Тюмень,"(Decimal('65.554513'), Decimal('57.229939'))"
Гостиный Двор,архитектура,Тюменская область,Тобольск,"(Decimal('68.253762'), Decimal('58.201698'))"
Гостиный двор (красная серия),архитектура,Костромская область,Кострома,"(Decimal('46.655361'), Decimal('59.192647'))"
Гостиный двор в Калуге.,архитектура,Калужская область,Калуга,"(Decimal('36.255268'), Decimal('54.568625'))"
Городские комплексы по улице Волгодонской,архитектура,Волгоградская область,Волгоград,"(Decimal('43.721652'), Decimal('48.635284'))"
Графская набережная,архитектура,Севастополь,,"(Decimal('33.526941'), Decimal('44.616969'))"
Гремячая башня,архитектура,Псковская область,Псков,"(Decimal('28.349043'), Decimal('57.823386'))"
Гросс Фонсдорф,архитектура,Калининградская область,спа,"(Decimal('21.126902'), Decimal('54.465387'))"
Дом губернатора,архитектура,Ярославская область,Ярославль,"(Decimal('39.857944'), Decimal('57.640937'))"
Земская управа,архитектура,Пермь,Пермский,"(Decimal('56.229434'), Decimal('58.01045'))"
Губернская казначейская палата,архитектура,Пермь,Пермский,"(Decimal('55.272576'), Decimal('59.079399'))"
провинциальный приют,архитектура,Пермь,Пермский,"(Decimal('56.229434'), Decimal('58.01045'))"
Губстракасса,архитектура,Ивановская область,Иваново,"(Decimal('40.973921'), Decimal('57.000348'))"
Дворец «Дюльбер»,архитектура,Республика Крым,,"(Decimal('33.993751'), Decimal('45.389194'))"
Брачный дворец,архитектура,Астраханская область,Астрахань,"(Decimal('48.033574'), Decimal('46.347869'))"
Брачный дворец,архитектура,Тамбовская область,Тамбов,"(Decimal('41.452274'), Decimal('52.721219'))"
Дворец бракосочетаний на Фурштатской,архитектура,Санкт-Петербург,Санкт-Петербург,"(Decimal('30.297668'), Decimal('59.929263'))"
Дворец военного губернатора,архитектура,Нижегородская область,Нижний Новгород,"(Decimal('44.006516'), Decimal('56.326797'))"
Дворец детства и юношества,архитектура,Севастополь,,Not found
Дворец искусств,архитектура,Ивановская область,Иваново,"(Decimal('40.986569'), Decimal('56.994474'))"
Дворец культуры «Авиатор»,архитектура,Ярославская область,Рыбинск,"(Decimal('38.858406'), Decimal('58.048454'))"
Дворец культуры ЛВРЗ,архитектура,Республика Бурятия,Улан-Удэ,"(Decimal('106.39507'), Decimal('52.172408'))"
Дворец культуры железнодорожников,архитектура,Свердловская область,Екатеринбург,"(Decimal('60.626122'), Decimal('56.852485'))"
Дворец культуры им. М. Горького,архитектура,Новосибирская область,Новосибирск,"(Decimal('82.920196'), Decimal('55.027144'))"
Работники связи Дворца культуры,архитектура,Санкт-Петербург,Санкт-Петербург,"(Decimal('30.380161'), Decimal('60.051163'))"
Дворец пионеров,архитектура,Приморский край,Владивосток,Not found
Дворец труда,архитектура,Нижегородская область,Нижний Новгород,"(Decimal('43.872182'), Decimal('56.347504'))"
Дворец труда,архитектура,Новосибирская область,Новосибирск,"(Decimal('82.869872'), Decimal('54.99476'))"
Дворец эмира Бухары,архитектура,Ставропольский край,Железноводск,"(Decimal('43.030533'), Decimal('44.132058'))"
Дворец бухарского эмира в Ялте.,архитектура,Республика Крым,,Not found
Дворцовая площадь,архитектура,Санкт-Петербург,Санкт-Петербург,"(Decimal('30.315311'), Decimal('59.938924'))"
Дворцово-парковый ансамбль «Гостилицы».,архитектура,Ленинградская область,Гостилицы,"(Decimal('29.637658'), Decimal('59.725852'))"
Дворцово-парковый ансамбль «Ропша».,архитектура,Ленинградская область,ROPS,"(Decimal('29.862381'), Decimal('59.729409'))"
Дворцово-парковый комплекс «Приорат»,архитектура,Ленинградская область,,"(Decimal('30.123359'), Decimal('59.560091'))"
Благородное собрание,архитектура,Оренбургская область,Оренбург,"(Decimal('55.096955'), Decimal('51.768199'))"
Благородное собрание,архитектура,Костромская область,Кострома,"(Decimal('40.926858'), Decimal('57.767961'))"
Благородное собрание,архитектура,Тульская область,Тула,"(Decimal('37.617348'), Decimal('54.193122'))"
Двухэтажный кирпичный особняк,архитектура,Новосибирская область,Новосибирск,"(Decimal('82.952868'), Decimal('55.034425'))"
Девичья баня,архитектура,Республика Дагестан,Дербент,"(Decimal('48.288776'), Decimal('42.057669'))"
Бизнес-билдинг (Строительство Индустриального Банка),архитектура,Свердловская область,Екатеринбург,"(Decimal('60.675322'), Decimal('56.833161'))"
Демвтов ресторан,архитектура,Санкт-Петербург,Санкт-Петербург,"(Decimal('30.315868'), Decimal('59.939095'))"
Денисова пещера,архитектура,Алтайский край,,"(Decimal('83.020834'), Decimal('51.170746'))"
Деревянная усадьба мещанина Г. Машкова,архитектура,Тюменская область,Тюмень,"(Decimal('65.961387'), Decimal('57.136167'))"
Деревянное здание в стиле модерн.,архитектура,Новосибирская область,Новосибирск,"(Decimal('82.92043'), Decimal('55.030199'))"
Деревянная архитектура,архитектура,Омская область,Омск,"(Decimal('73.368212'), Decimal('54.989342'))"
Деревянный дом рыболов производитель Тюменский мещанин Горкушенко,архитектура,Ханты-Мансийский автономный округ,Октябрь,Not found
Деревянный дом,архитектура,Тюменская область,Тюмень,"(Decimal('65.523036'), Decimal('57.151969'))"
Деревянная квартира,архитектура,Новосибирская область,Новосибирск,"(Decimal('82.958761'), Decimal('55.041787'))"
Игрушечная железная дорога,архитектура,Новосибирская область,,Not found
Дмитриевская башня Нижегородского кремля.,архитектура,Нижегородская область,Нижний Новгород,Not found
Дмитриевский собор,архитектура,Владимирская область,Владимир,"(Decimal('40.560884'), Decimal('55.907147'))"
"Днепровские ворота, ворота Одигитриевской церкви",архитектура,Смоленская область,Смоленск,Not found
город Довмонт,архитектура,Псковская область,Псков,"(Decimal('28.332451'), Decimal('57.819274'))"
Дом,архитектура,Курганская область,Курган,"(Decimal('65.334893'), Decimal('55.430319'))"
Дом &quot;Корабль&quot;,архитектура,Ивановская область,Иваново,Not found
Дом &quot;Подкова&quot;,архитектура,Ивановская область,Иваново,Not found
Дом «Аэрофлота»,архитектура,Новосибирская область,Новосибирск,"(Decimal('82.958761'), Decimal('55.041787'))"
Дом А. А. Дельвига,архитектура,Санкт-Петербург,Санкт-Петербург,"(Decimal('30.368285'), Decimal('59.927189'))"
Дом А.А. Дрозжилова,архитектура,Свердловская область,Екатеринбург,"(Decimal('60.565342'), Decimal('56.845884'))"
"Дом А.Г.Морозова, 1905 г. (музей А.Грина)",архитектура,Кировская область,Киров,"(Decimal('49.661079'), Decimal('58.560004'))"
Дом Рубинштейнов,архитектура,Санкт-Петербург,Санкт-Петербург,"(Decimal('30.344363'), Decimal('59.929484'))"
Дом А.Д. Андреева,архитектура,Свердловская область,Екатеринбург,"(Decimal('60.056635'), Decimal('56.750048'))"
Дом А.Д. Усанина,архитектура,Свердловская область,Екатеринбург,"(Decimal('60.056635'), Decimal('56.750048'))"
Дом Титова,архитектура,Республика Бурятия,Улан-Удэ,"(Decimal('107.660823'), Decimal('51.869022'))"
Дом AY Левитик,архитектура,Кировская область,Киров,"(Decimal('49.594567'), Decimal('58.508738'))"
АА дом Зотова,архитектура,Свердловская область,Екатеринбург,"(Decimal('60.565342'), Decimal('56.845884'))"
АА дом Титова,архитектура,Ярославская область,Ростов,Not found
Дом А. Екимова (Дом Васнецова),архитектура,Кировская область,Киров,"(Decimal('49.594567'), Decimal('58.508738'))"
Я дома. Дюрингер,архитектура,Ивановская область,Иваново,"(Decimal('40.940306'), Decimal('57.021672'))"
дом Баландина,архитектура,Свердловская область,Екатеринбург,"(Decimal('60.675322'), Decimal('56.833161'))"
дом Балаовит,архитектура,Республика Северная Осетия - Алания,Галиат,"(Decimal('43.847811'), Decimal('42.920194'))"
дом Баура,архитектура,Санкт-Петербург,Санкт-Петербург,"(Decimal('30.295683'), Decimal('59.920154'))"
Главная Бендеры,архитектура,Саратовская область,Саратов,"(Decimal('46.076037'), Decimal('51.58032'))"
Дом Билибина в Калуге.,архитектура,Калужская область,Калуга,"(Decimal('36.267863'), Decimal('54.530567'))"
дом Болконских,архитектура,Ярославская область,Ярославль,"(Decimal('39.857944'), Decimal('57.640937'))"
дом Боткина,архитектура,Санкт-Петербург,Санкт-Петербург,"(Decimal('30.295683'), Decimal('59.920154'))"
дом Бутыриной,архитектура,Вологодская область,Вологда,"(Decimal('39.88103'), Decimal('59.227647'))"
Дом Белоусова,архитектура,Свердловская область,Екатеринбург,"(Decimal('60.675322'), Decimal('56.833161'))"
Дом В.М.Бехтерева,архитектура,Санкт-Петербург,Санкт-Петербург,"(Decimal('30.553796'), Decimal('60.175857'))"
Дом В.В. Никитина,архитектура,Новосибирская область,Новосибирск,"(Decimal('82.972038'), Decimal('55.021664'))"
ВМ домашний спондилит,архитектура,Кировская область,Киров,"(Decimal('49.689313'), Decimal('58.521682'))"
Дом В.М. Лукина / Дальневосточный окружной медицинский центр,архитектура,Амурская область,Благовещенск,Not found
ВС дом Попова,архитектура,Тюменская область,Тюмень,"(Decimal('65.397784'), Decimal('57.272057'))"
Дом В.Ю. Жмакина,архитектура,Кировская область,Киров,"(Decimal('49.594567'), Decimal('58.508738'))"
дом В.Я.Сафьянщикова,архитектура,Псковская область,Псков,Not found
дом Ваграмеева,архитектура,Ярославская область,Ярославль,"(Decimal('39.857944'), Decimal('57.640937'))"
дом Витова,архитектура,Ивановская область,Иваново,"(Decimal('40.973921'), Decimal('57.000348'))"
дом Воробьева,архитектура,Саратовская область,Саратов,"(Decimal('46.076037'), Decimal('51.58032'))"
дом Воронцова,архитектура,Республика Крым,Симферополь,"(Decimal('34.103722'), Decimal('44.942247'))"
второй дом,архитектура,Иркутская область,Иркутск,"(Decimal('104.357736'), Decimal('52.249324'))"
дом Галибина,архитектура,Санкт-Петербург,Санкт-Петербург,"(Decimal('30.295683'), Decimal('59.920154'))"
дом Гарелина,архитектура,Ивановская область,Иваново,"(Decimal('40.973921'), Decimal('57.000348'))"
Братство Дома Святого Георгия,архитектура,Нижегородская область,Нижний Новгород,"(Decimal('43.982909'), Decimal('56.31231'))"
Начальники горнодобывающих предприятий,архитектура,Свердловская область,Екатеринбург,"(Decimal('60.675322'), Decimal('56.833161'))"
дом Грибушина,архитектура,Пермь,Пермский,"(Decimal('56.253967'), Decimal('58.006473'))"
дом Губина,архитектура,Липецкая область,Липецк,"(Decimal('39.59922'), Decimal('52.60882'))"
дом Гусева,архитектура,Вологодская область,Вологда,"(Decimal('39.88103'), Decimal('59.227647'))"
Дом ДМ Смита,архитектура,Иркутская область,Иркутск,"(Decimal('104.281047'), Decimal('52.287054'))"
"Дом Д. Ф. Бабина, 1804 - 1806 гг.",архитектура,Кировская область,Киров,"(Decimal('49.594567'), Decimal('58.508738'))"
Дом Дворянского собрания,архитектура,Калужская область,Калуга,"(Decimal('36.263784'), Decimal('54.506857'))"
дом Демидова,архитектура,Республика Башкортостан,Уфа,"(Decimal('55.990581'), Decimal('54.720231'))"
Дом Дмитрия Сидорова,архитектура,Воронежская область,Нижнедевик,"(Decimal('38.361629'), Decimal('51.541097'))"
дом Довлатова,архитектура,Псковская область,Березино,"(Decimal('28.926588'), Decimal('57.042601'))"
дом Дюршмидта,архитектура,Нижегородская область,Нижний Новгород,"(Decimal('43.982909'), Decimal('56.31231'))"
Главная Е.К. Куклина,архитектура,Новосибирская область,Новосибирск,"(Decimal('82.958761'), Decimal('55.041787'))"
"Дом Е. П. Нарышкиной, жены декабристов М. М. Нарышкина",архитектура,Забайкальский край,Чита,"(Decimal('114.029537'), Decimal('51.808188'))"
Главная Е.Г. Иконниковой,архитектура,Новосибирская область,Новосибирск,"(Decimal('82.92043'), Decimal('55.030199'))"
Дом EY езда,архитектура,Новосибирская область,Новосибирск,"(Decimal('82.958761'), Decimal('55.041787'))"
Дом Европы,архитектура,Иркутская область,Иркутск,"(Decimal('104.357736'), Decimal('52.249324'))"
дом Железнова,архитектура,Свердловская область,Екатеринбург,"(Decimal('60.675322'), Decimal('56.833161'))"
дом Засецкая,архитектура,Вологодская область,Вологда,"(Decimal('39.88103'), Decimal('59.227647'))"
дом Зверкова,архитектура,Санкт-Петербург,Санкт-Петербург,"(Decimal('30.295683'), Decimal('59.920154'))"
Дом Зингера,архитектура,Санкт-Петербург,Санкт-Петербург,"(Decimal('30.295683'), Decimal('59.920154'))"
Дом Зиньковецкого (Дом офицеров),архитектура,Республика Адыгея,Майкоп,"(Decimal('40.098548'), Decimal('44.608865'))"
Дом И. Меркулева,архитектура,Астраханская область,Астрахань,"(Decimal('47.993761'), Decimal('46.312972'))"
Дом ИП Шувалова - М.А. Хайнце,архитектура,Нижегородская область,Нижний Новгород,Not found
"Дом И. Репина, 1815 г.",архитектура,Кировская область,Киров,"(Decimal('49.719343'), Decimal('58.49252'))"
Дом И. Саяпина,архитектура,Амурская область,Благовещенск,"(Decimal('128.13341'), Decimal('51.689398'))"
IV дом Малышева,архитектура,Костромская область,Кострома,"(Decimal('40.898894'), Decimal('57.733973'))"
Дом И.Г. Ведерникова,архитектура,Новосибирская область,Новосибирск,"(Decimal('82.92043'), Decimal('55.030199'))"
Дом И.И. Меншикова,архитектура,Республика Бурятия,Улан-Удэ,"(Decimal('107.660823'), Decimal('51.869022'))"
Дом II Фейнберга,архитектура,Иркутская область,Иркутск,"(Decimal('104.357736'), Decimal('52.249324'))"
Домашний айпи Войнова,архитектура,Тюменская область,Тюмень,"(Decimal('65.580268'), Decimal('57.169565'))"
ИФ Дом Стихина,архитектура,Новосибирская область,Новосибирск,"(Decimal('82.932943'), Decimal('55.021075'))"
Дом Ивана Поляшова,архитектура,Костромская область,Погорелово,"(Decimal('43.130668'), Decimal('58.825872'))"
Дом Ивана Штейнгеля,архитектура,Республика Северная Осетия - Алания,Владикавказ,"(Decimal('44.68196'), Decimal('43.02115'))"
дом Игнатьева,архитектура,Тюменская область,Тюмень,"(Decimal('65.397784'), Decimal('57.272057'))"
Дом К. Фирстова,архитектура,Кировская область,Киров,"(Decimal('49.594567'), Decimal('58.508738'))"
Дом КП Бузолина,архитектура,Новосибирская область,Новосибирск,"(Decimal('82.958761'), Decimal('55.041787'))"
дом Каменских,архитектура,Нижегородская область,Нижний Новгород,"(Decimal('43.982909'), Decimal('56.31231'))"
Дом Бая-Карима (центр татарской культуры),архитектура,Томская область,Томск,"(Decimal('85.050946'), Decimal('56.469513'))"
дом Клигмана,архитектура,Воронежская область,Воронеж,"(Decimal('39.164247'), Decimal('51.701105'))"
дом Колмогоровых,архитектура,Тюменская область,Тюмень,"(Decimal('65.397784'), Decimal('57.272057'))"
дом Корнилова,архитектура,Тюменская область,Тобольск,"(Decimal('68.232993'), Decimal('58.195698'))"
дом Костромина,архитектура,Нижегородская область,Нижний Новгород,"(Decimal('43.982909'), Decimal('56.31231'))"
Дом Кучина / дом Клинкстрем,архитектура,Санкт-Петербург,Санкт-Петербург,"(Decimal('30.295683'), Decimal('59.920154'))"
дом Кюзеля,архитектура,Санкт-Петербург,Санкт-Петербург,"(Decimal('30.295683'), Decimal('59.920154'))"
Л.И. дом Родионова,архитектура,Амурская область,Благовещенск,"(Decimal('128.13341'), Decimal('51.689398'))"
дом Лаваля,архитектура,Санкт-Петербург,Санкт-Петербург,"(Decimal('30.295683'), Decimal('59.920154'))"
дом Лаваля,архитектура,Санкт-Петербург,Санкт-Петербург,"(Decimal('30.295683'), Decimal('59.920154'))"
Дом Левашова,архитектура,Вологодская область,Вологда,"(Decimal('39.88103'), Decimal('59.227647'))"
дом Лесневских,архитектура,Алтайский край,Барнаул,"(Decimal('83.774503'), Decimal('53.362495'))"
Дом Лобанова-Ростовского,архитектура,Санкт-Петербург,Санкт-Петербург,"(Decimal('30.295683'), Decimal('59.920154'))"
дом Локтева,архитектура,Московская область,Зарайск,"(Decimal('38.874845'), Decimal('54.756973'))"
дом Лукина,архитектура,Забайкальский край,Чита,"(Decimal('118.645746'), Decimal('52.459782'))"
Дом М. Н. Замятнина,архитектура,Воронежская область,Воронеж,"(Decimal('39.164247'), Decimal('51.701105'))"
Мамалова поймала Кокса в ловушку,архитектура,Республика Дагестан,Аул Чокс,Not found
Мариан Хаус Сазонов,архитектура,Костромская область,Осташово,"(Decimal('43.080398'), Decimal('58.688099'))"
дом Мельникова,архитектура,Москва,,"(Decimal('37.671301'), Decimal('55.725929'))"
дом Мешкова,архитектура,Пермь,Пермский,"(Decimal('56.253967'), Decimal('58.006473'))"
Главная Майкл,архитектура,Севастополь,Можжевельник excelsa Балаклава,"(Decimal('33.599857'), Decimal('44.501214'))"
Моэрга в ловушке,архитектура,Республика Карелия,Калевала,"(Decimal('31.184413'), Decimal('65.197743'))"
дом Мурузи,архитектура,Санкт-Петербург,Санкт-Петербург,"(Decimal('30.295683'), Decimal('59.920154'))"
НИ дом Клабукова,архитектура,Кировская область,Киров,"(Decimal('49.594567'), Decimal('58.508738'))"
Наксишашева поймала Кокса в ловушку,архитектура,Республика Дагестан,Аул Чокс,Not found
Николас Хаус Бассейн,архитектура,Санкт-Петербург,Санкт-Петербург,"(Decimal('30.466507'), Decimal('59.865072'))"
Главная Носовича,архитектура,Алтайский край,Барнаул,"(Decimal('83.774503'), Decimal('53.362495'))"
Дом Орловой-Давыдовой,архитектура,Санкт-Петербург,Санкт-Петербург,"(Decimal('30.295683'), Decimal('59.920154'))"
Главная П. Е. Борисова,архитектура,Курганская область,Курган,"(Decimal('65.334893'), Decimal('55.430319'))"
Главная П.И. Подаруева,архитектура,Тюменская область,Тюмень,"(Decimal('65.397784'), Decimal('57.272057'))"
Дом П.Г. Аршауловой,архитектура,Кировская область,Киров,"(Decimal('49.668014'), Decimal('58.603591'))"
ПД Хаус Долище,архитектура,Псковская область,Псков,"(Decimal('28.332451'), Decimal('57.819274'))"
Дом Пи Демпси,архитектура,Республика Башкортостан,Уфа,"(Decimal('55.990581'), Decimal('54.720231'))"
Дом П.И.Чайковского,архитектура,Санкт-Петербург,Санкт-Петербург,"(Decimal('30.35278'), Decimal('59.94654'))"
Дом Павлова,архитектура,Волгоградская область,,"(Decimal('43.510799'), Decimal('48.655732'))"
Дом памяти,архитектура,Оренбургская область,Оренбург,"(Decimal('55.096955'), Decimal('51.768199'))"
дом Панёва,архитектура,Вологодская область,Вологда,"(Decimal('39.88103'), Decimal('59.227647'))"
дом Пашкова,архитектура,Москва,,"(Decimal('37.637874'), Decimal('55.770218'))"
дом Перепилихи,архитектура,Архангельская область,Уемский,"(Decimal('40.862476'), Decimal('64.475911'))"
дом Переславцева,архитектура,Ярославская область,Углич,"(Decimal('38.319372'), Decimal('57.526592'))"
Дом Паклевских-Козеллов,архитектура,Свердловская область,Екатеринбург,"(Decimal('60.675322'), Decimal('56.833161'))"
дом Попова,архитектура,Ярославская область,Рыбинск,"(Decimal('38.902415'), Decimal('58.031132'))"
дом Пряничникова,архитектура,Санкт-Петербург,Санкт-Петербург,"(Decimal('30.295683'), Decimal('59.920154'))"
Дом Пупыревского-Пузыревского,архитектура,Вологодская область,Вологда,"(Decimal('39.88103'), Decimal('59.227647'))"
дом Раскольникова,архитектура,Санкт-Петербург,Санкт-Петербург,"(Decimal('30.295683'), Decimal('59.920154'))"
Дом Русского литературного общества,архитектура,Санкт-Петербург,Санкт-Петербург,"(Decimal('30.295683'), Decimal('59.920154'))"
SA дом Пендзинского,архитектура,Амурская область,Благовещенск,"(Decimal('128.13341'), Decimal('51.689398'))"
дом С.А.Шиллинга,архитектура,Забайкальский край,Чита,"(Decimal('118.645746'), Decimal('52.459782'))"
"Дом Савинцева (Дом, где жили князья Романовы)",архитектура,Кировская область,Киров,"(Decimal('49.594567'), Decimal('58.508738'))"
дом Салтыкова,архитектура,Санкт-Петербург,Санкт-Петербург,"(Decimal('30.367395'), Decimal('59.943368'))"
Главная Сварох,архитектура,Воронежская область,,"(Decimal('40.233395'), Decimal('50.970898'))"
дом Свешниковой,архитектура,Вологодская область,Вологда,"(Decimal('39.88103'), Decimal('59.227647'))"
дом Севастьянова,архитектура,Свердловская область,Екатеринбург,"(Decimal('60.675322'), Decimal('56.833161'))"
дом Седова,архитектура,Ярославская область,Рыбинск,"(Decimal('38.858406'), Decimal('58.048454'))"
Дом Сергея Довлатова,архитектура,Санкт-Петербург,Санкт-Петербург,"(Decimal('30.34015'), Decimal('59.925421'))"
дом Синакевича,архитектура,Пермь,Пермский,"(Decimal('56.253967'), Decimal('58.006473'))"
Главная Сироткина,архитектура,Нижегородская область,Нижний Новгород,"(Decimal('43.982909'), Decimal('56.31231'))"
дом Ситникова,архитектура,Вологодская область,Вологда,"(Decimal('39.88103'), Decimal('59.227647'))"
дом Смышляева,архитектура,Пермь,Пермский,"(Decimal('56.26463'), Decimal('57.989341'))"
Дом Советов,архитектура,Кировская область,Киров,"(Decimal('49.594567'), Decimal('58.508738'))"
Дом Советов,архитектура,Нижегородская область,Нижний Новгород,"(Decimal('43.989395'), Decimal('56.279337'))"
Дом Софьи Перовской,архитектура,Псковская область,Псков,"(Decimal('28.359751'), Decimal('57.818047'))"
Дом Союзов (Дворянская коллекция),архитектура,Москва,,"(Decimal('37.637874'), Decimal('55.770218'))"
Дом Т.Г. Шевченко,архитектура,Санкт-Петербург,Санкт-Петербург,"(Decimal('30.242898'), Decimal('59.936837'))"
дом Твердова,архитектура,Нижегородская область,Арзамас,"(Decimal('43.815687'), Decimal('55.386666'))"
дом Телегина,архитектура,Свердловская область,Екатеринбург,"(Decimal('60.675322'), Decimal('56.833161'))"
дом Томпсон,архитектура,Ярославская область,Мышкин,"(Decimal('38.454587'), Decimal('57.786654'))"
дом Тонконоговых,архитектура,Красноярский край,Питорафик,"(Decimal('92.173769'), Decimal('58.453069'))"
дом Трезини,архитектура,Санкт-Петербург,Санкт-Петербург,"(Decimal('30.288101'), Decimal('59.936562'))"
дом Тупицына,архитектура,Пермь,Пермский,"(Decimal('56.253967'), Decimal('58.006473'))"
Дом УО Петелина,архитектура,Свердловская область,Екатеринбург,"(Decimal('61.030139'), Decimal('59.481254'))"
дома Харитоненко,архитектура,Белгородская область,Красная Яруга,"(Decimal('35.658041'), Decimal('50.800972'))"
дом Шиля,архитектура,Санкт-Петербург,Санкт-Петербург,"(Decimal('30.295683'), Decimal('59.920154'))"
дом Шувалова,архитектура,Пермь,Лысьва,"(Decimal('57.807244'), Decimal('58.058326'))"
Дом Е.Г. Скрибановича,архитектура,Амурская область,Благовещенск,"(Decimal('127.527173'), Decimal('50.29064'))"
дом Якунчикова,архитектура,Санкт-Петербург,Санкт-Петербург,"(Decimal('30.295683'), Decimal('59.920154'))"
домашний актер,архитектура,Москва,,"(Decimal('37.637874'), Decimal('55.770218'))"
домашний актер,архитектура,Свердловская область,Екатеринбург,"(Decimal('60.675322'), Decimal('56.833161'))"
Дом английской конгрегации,архитектура,Санкт-Петербург,Санкт-Петербург,"(Decimal('30.295683'), Decimal('59.920154'))"
Домашний аптекарь Ульриха,архитектура,Липецкая область,Задонск,"(Decimal('38.919456'), Decimal('52.391972'))"
дом архитектора,архитектура,Алтайский край,Барнаул,"(Decimal('83.774503'), Decimal('53.362495'))"
Архитектор дома (Даум Рысин),архитектура,Волгоградская область,Волгоград,"(Decimal('44.483639'), Decimal('48.684565'))"
Дом архитектора Ф.Е. Пономаревой,архитектура,Забайкальский край,Чита,"(Decimal('118.645746'), Decimal('52.459782'))"
Дом атамана Ф.Ю. Бурсака,архитектура,Краснодарский край,Краснодар,"(Decimal('38.935473'), Decimal('45.131536'))"
Дом братьев Столетовых,архитектура,Владимирская область,Владимир,"(Decimal('40.413121'), Decimal('56.133076'))"
Дом в Потапове,архитектура,Москва,,"(Decimal('37.678343'), Decimal('55.788368'))"
Заместитель губернатора Палаты представителей,архитектура,Нижегородская область,Нижний Новгород,"(Decimal('43.982909'), Decimal('56.31231'))"
магистраты дома,архитектура,Пермь,Соликамск,"(Decimal('56.771029'), Decimal('59.648333'))"
магистраты дома,архитектура,Красноярский край,Питорафик,"(Decimal('92.173769'), Decimal('58.453069'))"
Дом военного губернатора Амурской области,архитектура,Амурская область,Благовещенск,"(Decimal('128.13341'), Decimal('51.689398'))"
Дом Волжского пароходства,архитектура,Ярославская область,Мышкин,"(Decimal('38.454587'), Decimal('57.786654'))"
Домашний врач Мартынов С.В.,архитектура,Воронежская область,Воронеж,"(Decimal('39.164247'), Decimal('51.701105'))"
Дом вятских губернаторов,архитектура,Кировская область,Киров,"(Decimal('49.594567'), Decimal('58.508738'))"
Дом горного вождя,архитектура,Республика Карелия,Петрозаводск,"(Decimal('34.33591'), Decimal('61.806405'))"
Родной город архитектора К. П. Чакина,архитектура,Тюменская область,Тюмень,"(Decimal('65.397784'), Decimal('57.272057'))"
Дом мэра Ф. Ина Шветова,архитектура,Курганская область,Курган,"(Decimal('65.341118'), Decimal('55.441004'))"
дом мэра,архитектура,Тюменская область,Тюмень,"(Decimal('65.397784'), Decimal('57.272057'))"
Городская больница Хауса,архитектура,Ярославская область,,Not found
грузчики,архитектура,Волгоградская область,Волгоград,"(Decimal('44.483639'), Decimal('48.684565'))"
дом губернатора,архитектура,Приморский край,Владивосток,"(Decimal('131.885485'), Decimal('43.115536'))"
дом губернатора,архитектура,Республика Башкортостан,Уфа,"(Decimal('55.990581'), Decimal('54.720231'))"
Дом дворянки Войткевич,архитектура,Нижегородская область,Нижний Новгород,"(Decimal('43.982909'), Decimal('56.31231'))"
Дом Дворянского собрания,архитектура,Нижегородская область,Нижний Новгород,"(Decimal('43.982909'), Decimal('56.31231'))"
Дом декабриста Розена,архитектура,Курганская область,Курган,"(Decimal('65.334893'), Decimal('55.430319'))"
Дом для сотрудников банка,архитектура,Новосибирская область,Новосибирск,"(Decimal('82.917546'), Decimal('54.99243'))"
дом железнодорожников,архитектура,Нижегородская область,Нижний Новгород,"(Decimal('43.989395'), Decimal('56.279337'))"
Дом пригоден для проживания,архитектура,Тюменская область,Тюмень,"(Decimal('65.523036'), Decimal('57.151969'))"
Дом жилой мещанин А.И. Василькова.,архитектура,Тюменская область,,"(Decimal('68.096045'), Decimal('57.541821'))"
Жилой дом с магазинами купца Я. А. Немчинова.,архитектура,Республика Бурятия,Улан-Удэ,Not found
Дом и больница доктора И.А. Сяно,архитектура,Свердловская область,Екатеринбург,"(Decimal('60.597465'), Decimal('56.838011'))"
Дом из усадьбы Н.И. Давыдова.,архитектура,Тюменская область,Тюмень,"(Decimal('65.534328'), Decimal('57.153033'))"
Инженерный дом Остапца,архитектура,Курганская область,Курган,"(Decimal('65.334893'), Decimal('55.430319'))"
Дом инженера Перцова,архитектура,Москва,,"(Decimal('37.577427'), Decimal('55.769747'))"
Казначейский дом,архитектура,Ярославская область,Мышкин,"(Decimal('38.454587'), Decimal('57.786654'))"
Дом княгини Гагариной,архитектура,Санкт-Петербург,Санкт-Петербург,"(Decimal('30.295683'), Decimal('59.920154'))"
Дом компании &quot;Схефальс и Эсдерс&quot;,архитектура,Санкт-Петербург,Санкт-Петербург,Not found
дом композиторов,архитектура,Новосибирская область,Новосибирск,"(Decimal('82.958761'), Decimal('55.041787'))"
дом консервщиков,архитектура,Волгоградская область,Волгоград,"(Decimal('44.483639'), Decimal('48.684565'))"
Дом крестьянки А. Ю. Капитановой,архитектура,Тюменская область,Тюмень,"(Decimal('65.397784'), Decimal('57.272057'))"
дом священника,архитектура,Псковская область,Псков,"(Decimal('28.332451'), Decimal('57.819274'))"
дом Кириллова,архитектура,Свердловская область,Кунар,Not found
Дом культуры Октябрьской революции,архитектура,Новосибирская область,Новосибирск,"(Decimal('82.909659'), Decimal('55.026432'))"
Торговое собрание Дома,архитектура,Калужская область,Калуга,"(Decimal('36.263784'), Decimal('54.506857'))"
Гильдия торговцев Дом Святого Духа,архитектура,Ленинградская область,Выборг,"(Decimal('29.486516'), Decimal('60.420888'))"
Дом купца А.Д. Рычина,архитектура,Нижегородская область,Нижний Новгород,"(Decimal('43.982909'), Decimal('56.31231'))"
Дом купца А.М.Лушникова,архитектура,Республика Бурятия,Кяхтинский,"(Decimal('106.449903'), Decimal('50.355214'))"
Дом купца А. Лебедева,архитектура,Свердловская область,Екатеринбург,"(Decimal('60.675322'), Decimal('56.833161'))"
Дом купца А.К. Поснова,архитектура,Ярославская область,Углич,Not found
Дом Купца Алексеева,архитектура,Волгоградская область,Волгоград,"(Decimal('44.404147'), Decimal('48.574612'))"
Дом купца Бородкина,архитектура,Красноярский край,Питорафик,"(Decimal('92.173769'), Decimal('58.453069'))"
Дом купца В.И. Смирновой,архитектура,Нижегородская область,Нижний Новгород,"(Decimal('43.841289'), Decimal('56.234105'))"
Дом Торговца Векрута,архитектура,Ленинградская область,Выборг,"(Decimal('29.486516'), Decimal('60.420888'))"
Дом купца Г. Р. Бейлина,архитектура,Новосибирская область,Новосибирск,"(Decimal('82.958761'), Decimal('55.041787'))"
Дом купца Г.П. Лариной,архитектура,Амурская область,Благовещенск,"(Decimal('127.599587'), Decimal('50.366046'))"
Дом Купца Донцова (ЖК Трест «Нижневолгоэлектромонтаж»),архитектура,Волгоградская область,Волгоград,"(Decimal('44.483639'), Decimal('48.684565'))"
Дом купца З.Г. Крюкова,архитектура,Новосибирская область,Новосибирск,"(Decimal('82.958761'), Decimal('55.041787'))"
Дом купца И.Г. Пшеничникова.,архитектура,Свердловская область,Екатеринбург,"(Decimal('60.675322'), Decimal('56.833161'))"
Дом купца И. Ефремовой,архитектура,Новосибирская область,Новосибирск,"(Decimal('82.958761'), Decimal('55.041787'))"
Дом купца И.Ю. Андреева.,архитектура,Курганская область,Курган,"(Decimal('65.334893'), Decimal('55.430319'))"
Дом купца И.Т. Сурикова (женская гимназия П.А. Смирнова),архитектура,Новосибирская область,Новосибирск,"(Decimal('82.981919'), Decimal('55.053196'))"
Дом Купца Ищенко,архитектура,Волгоградская область,Волгоград,"(Decimal('44.483639'), Decimal('48.684565'))"
Дом купца Кытманова,архитектура,Красноярский край,Питорафик,"(Decimal('92.15441'), Decimal('58.439982'))"
Дом купца М.К. Курбатова.,архитектура,Республика Бурятия,Улан-Удэ,"(Decimal('107.660823'), Decimal('51.869022'))"
Покупатель дома Бабикова Н.Г.,архитектура,Свердловская область,Екатеринбург,"(Decimal('60.675322'), Decimal('56.833161'))"
Дом Купца Н.Л. Капельмана,архитектура,Республика Бурятия,Улан-Удэ,"(Decimal('107.660823'), Decimal('51.869022'))"
Дом Купицы Орликовой,архитектура,Забайкальский край,Сретенск,"(Decimal('118.645746'), Decimal('52.459782'))"
Пожар в доме Квпка,архитектура,Санкт-Петербург,Санкт-Петербург,"(Decimal('30.295683'), Decimal('59.920154'))"
Дом купца П.Т. Трунева,архитектура,Республика Бурятия,Улан-Удэ,"(Decimal('107.660823'), Decimal('51.869022'))"
Дом купца Павлова (Дом книги) в Смоленске,архитектура,Смоленская область,Смоленск,"(Decimal('32.014088'), Decimal('54.773496'))"
Дом Купца Полякова,архитектура,Алтайский край,Барнаул,"(Decimal('83.774503'), Decimal('53.362495'))"
Дом купца Пятова на Рождество,архитектура,Нижегородская область,Нижний Новгород,"(Decimal('43.982909'), Decimal('56.31231'))"
Покупатель дома Ракова,архитектура,Калужская область,Калуга,"(Decimal('36.263784'), Decimal('54.506857'))"
Дом купца Селиванова,архитектура,Белгородская область,Белгород,"(Decimal('36.587223'), Decimal('50.59566'))"
Дом купца Серебрянникова,архитектура,Орловская область,Орел,"(Decimal('36.063837'), Decimal('52.970371'))"
Дом купца Сливчанского,архитектура,Санкт-Петербург,Санкт-Петербург,"(Decimal('30.295683'), Decimal('59.920154'))"
Дом купца Спирина (центр традиционной народной культуры Никольское),архитектура,Вологодская область,Никольский,"(Decimal('45.471642'), Decimal('59.527546'))"
Дом купца Суханова,архитектура,Республика Коми,Сыктывкар,"(Decimal('50.836399'), Decimal('61.668793'))"
Дом Купца Сычева,архитектура,Алтайский край,,"(Decimal('83.783378'), Decimal('53.317682'))"
Покупатель дома Телегина,архитектура,Свердловская область,Екатеринбург,"(Decimal('60.675322'), Decimal('56.833161'))"
Покупатель дома Теренина,архитектура,Калужская область,Калуга,"(Decimal('36.263784'), Decimal('54.506857'))"
Дом купца Ф.М. Рязанцева,архитектура,Кировская область,Киров,"(Decimal('49.668014'), Decimal('58.603591'))"
Дом купца Чернухиной,архитектура,Самарская область,Сызрань,"(Decimal('48.474485'), Decimal('53.155782'))"
Дом купца Чеснокова,архитектура,Нижегородская область,Нижний Новгород,"(Decimal('43.982909'), Decimal('56.31231'))"
Дом торговца Эдельштейна,архитектура,Забайкальский край,Сретенск,"(Decimal('118.645746'), Decimal('52.459782'))"
Дом купца Ю.А. Истомина,архитектура,Новосибирская область,Новосибирск,"(Decimal('82.958761'), Decimal('55.041787'))"
Дом купцов Агафуровых,архитектура,Свердловская область,Екатеринбург,"(Decimal('60.586174'), Decimal('56.838568'))"
Дом купца Евреинова,архитектура,Ярославская область,Углич,"(Decimal('38.319372'), Decimal('57.526592'))"
Дом купцов Ижболиных,архитектура,Свердловская область,Екатеринбург,"(Decimal('60.586174'), Decimal('56.838568'))"
Дом купца Казанцева,архитектура,Свердловская область,Ирбит,"(Decimal('63.057664'), Decimal('57.683819'))"
Торговцы домами Кекин,архитектура,Ярославская область,Ростов,"(Decimal('39.414526'), Decimal('57.185866'))"
Дом купца Лошкарёва,архитектура,Нижегородская область,Нижний Новгород,"(Decimal('43.982909'), Decimal('56.31231'))"
Дом купца Пьянкова,архитектура,Архангельская область,Сольвычегодск,"(Decimal('46.928089'), Decimal('61.330589'))"
Дом купца Столбовая,архитектура,Ярославская область,Мышкин,"(Decimal('38.454587'), Decimal('57.786654'))"
Дом купца Шадрина,архитектура,Алтайский край,Барнаул,"(Decimal('83.774503'), Decimal('53.362495'))"
Дом купца Шумова,архитектура,Забайкальский край,Чита,"(Decimal('118.645746'), Decimal('52.459782'))"
Дом Яковлева и купцов Поляковой,архитектура,Алтайский край,Барнаул,"(Decimal('83.774503'), Decimal('53.362495'))"
Дом купчихи Т. Борисовой,архитектура,Республика Бурятия,Улан-Удэ,"(Decimal('107.660823'), Decimal('51.869022'))"
Домашний торговец Д.М. Пахолкова,архитектура,Республика Бурятия,Улан-Удэ,"(Decimal('107.660823'), Decimal('51.869022'))"
Домашний торговец ИП Нечаева,архитектура,Тюменская область,Тюмень,"(Decimal('65.397784'), Decimal('57.272057'))"
Домашний торговец М. Розенфельд,архитектура,Новосибирская область,Новосибирск,"(Decimal('82.92043'), Decimal('55.030199'))"
Домашний мещанин М.А. Рубцов.,архитектура,Новосибирская область,Новосибирск,"(Decimal('82.958761'), Decimal('55.041787'))"
Домашний мещанин Н. В. Лазарев.,архитектура,Свердловская область,Екатеринбург,"(Decimal('60.675322'), Decimal('56.833161'))"
Дом на набережной Тинкерс,архитектура,Москва,,"(Decimal('37.637874'), Decimal('55.770218'))"
Дом на Набережной,архитектура,Москва,,"(Decimal('37.637874'), Decimal('55.770218'))"
"Дом на улице Чехова, 7",архитектура,Санкт-Петербург,Санкт-Петербург,"(Decimal('30.353202'), Decimal('59.937265'))"
Дом начальника Алтайского горного округа,архитектура,Алтайский край,Барнаул,"(Decimal('83.774503'), Decimal('53.362495'))"
Дом обороны,архитектура,Свердловская область,Екатеринбург,"(Decimal('60.628421'), Decimal('56.823129'))"
Клерки Домашнего общества,архитектура,Новосибирская область,Новосибирск,"(Decimal('82.958761'), Decimal('55.041787'))"
Общественное собрание дома,архитектура,Пермь,Соликамск,"(Decimal('56.771029'), Decimal('59.648333'))"
офицеры дома,архитектура,Иркутская область,Иркутск,"(Decimal('104.357736'), Decimal('52.249324'))"
Дом офицеров Волгоградского гарнизона.,архитектура,Волгоградская область,Волгоград,"(Decimal('44.483639'), Decimal('48.684565'))"
типография,архитектура,Свердловская область,Екатеринбург,"(Decimal('60.675322'), Decimal('56.833161'))"
типография,архитектура,Волгоградская область,Волгоград,"(Decimal('44.483639'), Decimal('48.684565'))"
Дом литераторов в Лаврушинском переулке,архитектура,Москва,,Not found
Дом под чертой,архитектура,Новосибирская область,Новосибирск,"(Decimal('82.92043'), Decimal('55.030199'))"
Дом под шпилем,архитектура,Алтайский край,Барнаул,"(Decimal('83.776856'), Decimal('53.346785'))"
Подрядчик по строительству домов Смирнов,архитектура,Ярославская область,Мышкин,"(Decimal('38.454587'), Decimal('57.786654'))"
Дом помещика Коробкова,архитектура,Белгородская область,,Not found
Домашняя почта,архитектура,Кировская область,Киров,"(Decimal('49.594567'), Decimal('58.508738'))"
Суды,архитектура,Алтайский край,Барнаул,"(Decimal('83.774503'), Decimal('53.362495'))"
Дом духовенства Никольской церкви,архитектура,Нижегородская область,Нижний Новгород,"(Decimal('43.982909'), Decimal('56.31231'))"
Дом с башней и шпилем,архитектура,Магаданская область,Магадан,Not found
Дом с драконами,архитектура,Томская область,Томск,"(Decimal('85.050946'), Decimal('56.469513'))"
Дом с магазином Хнюниной и Коновалова,архитектура,Красноярский край,Питорафик,"(Decimal('92.173769'), Decimal('58.453069'))"
Домашние часы,архитектура,Новосибирская область,Новосибирск,"(Decimal('82.958761'), Decimal('55.041787'))"
Дом с часами и шпилем,архитектура,Магаданская область,Магадан,Not found
Почтовый дом (главпочтамт),архитектура,Кировская область,Киров,"(Decimal('49.594567'), Decimal('58.508738'))"
Секретарь палаты Вятской губернской канцелярии А. И. Перминова,архитектура,Кировская область,Киров,"(Decimal('49.668014'), Decimal('58.603591'))"
"Дом со львами, или отель Шванвич.",архитектура,Воронежская область,Воронеж,"(Decimal('39.200269'), Decimal('51.660781'))"
Дом со зверями,архитектура,Москва,,"(Decimal('37.637874'), Decimal('55.770218'))"
Дом со львами,архитектура,Пермь,Пермский,"(Decimal('56.253967'), Decimal('58.006473'))"
Дом со львами,архитектура,Смоленская область,Смоленск,"(Decimal('34.207091'), Decimal('55.489667'))"
Духовенство домашнего собора,архитектура,Ярославская область,Рыбинск,"(Decimal('38.858406'), Decimal('58.048454'))"
Дом солепромышленника Дубровина,архитектура,Пермь,Соликамск,"(Decimal('56.771029'), Decimal('59.648333'))"
Компания по страхованию жилья «Россия»,архитектура,Москва,,"(Decimal('37.637874'), Decimal('55.770218'))"
Дом титулярного советника Е. З. Алексеевой,архитектура,Нижегородская область,Нижний Новгород,"(Decimal('44.006516'), Decimal('56.326797'))"
Домашний фотограф Кочешева,архитектура,Курганская область,Курган,"(Decimal('65.334893'), Decimal('55.430319'))"
дом художников,архитектура,Ярославская область,Рыбинск,"(Decimal('38.858406'), Decimal('58.048454'))"
"Дом, где жил Л. Н. Сталь",архитектура,Кировская область,Киров,"(Decimal('49.594567'), Decimal('58.508738'))"
Дом-гармошка,архитектура,Воронежская область,Воронеж,"(Decimal('39.200269'), Decimal('51.660781'))"
Дом-музей В.И. Калашникова,архитектура,Ярославская область,Углич,"(Decimal('38.34581'), Decimal('57.53354'))"
Дом-музей П.П. Бажова,архитектура,Свердловская область,Екатеринбург,"(Decimal('60.597465'), Decimal('56.838011'))"
Дом-памятник И.А. Гончарову,архитектура,Ульяновская область,Ульяновск,"(Decimal('48.318484'), Decimal('54.301117'))"
Птичий Дом,архитектура,Ивановская область,Иваново,"(Decimal('40.973921'), Decimal('57.000348'))"
Дом-усадьба А.М. Устинова,архитектура,Пензенская область,граб,"(Decimal('45.063312'), Decimal('53.377269'))"
Дом-усадьба Бахметевых-Оболенских,архитектура,Пензенская область,Никольский,"(Decimal('46.084356'), Decimal('53.71447'))"
Дом-усадьба купца второй гильдии В. Я. Атаманова),архитектура,Свердловская область,Екатеринбург,"(Decimal('60.597465'), Decimal('56.838011'))"
Дом А.М. Рифмана,архитектура,Амурская область,Благовещенск,"(Decimal('127.527173'), Decimal('50.29064'))"
VI дома Шемяка,архитектура,Курская область,Горно,"(Decimal('34.661801'), Decimal('51.574168'))"
дом Коробкова,архитектура,Свердловская область,Екатеринбург,"(Decimal('60.597465'), Decimal('56.838011'))"
Дома купцов А.Д. Смолина и Т.Е. Колесникова,архитектура,Курганская область,,Not found
Дома купцов Шелихова,архитектура,Курская область,Горно,"(Decimal('34.681043'), Decimal('51.571263'))"
Усадебный дом ГС Колошин,архитектура,Кировская область,Киров,"(Decimal('49.668014'), Decimal('58.603591'))"
"Дома, раскрашенные под &quot;Дымку&quot;",архитектура,Кировская область,Киров,"(Decimal('49.745664'), Decimal('58.417482'))"
Доходные дома Мещанского общества,архитектура,Санкт-Петербург,Санкт-Петербург,"(Decimal('30.350678'), Decimal('59.937535'))"
Доходные дома Третьякова,архитектура,Костромская область,Кострома,"(Decimal('40.940036'), Decimal('57.781572'))"
Доходный дом Челишева,архитектура,Самарская область,Самара,"(Decimal('50.198406'), Decimal('53.36437'))"
Многоквартирный дом,архитектура,Новосибирская область,Новосибирск,"(Decimal('82.958761'), Decimal('55.041787'))"
Доходный дом (бывшая гостиница «Россия»),архитектура,Псковская область,Псков,"(Decimal('28.332451'), Decimal('57.819274'))"
Многоквартирный дом Долище,архитектура,Псковская область,Псков,"(Decimal('28.332451'), Decimal('57.819274'))"
Доходный дом Г.В. Уварова,архитектура,Свердловская область,Екатеринбург,"(Decimal('60.675322'), Decimal('56.833161'))"
Многоквартирный дом Е.А. Хребтовая,архитектура,Свердловская область,Екатеринбург,"(Decimal('60.675322'), Decimal('56.833161'))"
Доходный дом Елисеева,архитектура,Санкт-Петербург,Санкт-Петербург,"(Decimal('30.295683'), Decimal('59.920154'))"
Доходный дом Елисеева на Васильевском острове,архитектура,Санкт-Петербург,Санкт-Петербург,"(Decimal('30.315868'), Decimal('59.939095'))"
Многоквартирный дом Зайцева,архитектура,Санкт-Петербург,Санкт-Петербург,"(Decimal('30.295683'), Decimal('59.920154'))"
"Доходный дом Коммерческого училища, дом К. А. Варламова",архитектура,Санкт-Петербург,Санкт-Петербург,Not found
Доходный дом М. Лихачева,архитектура,Новосибирская область,Новосибирск,"(Decimal('82.958761'), Decimal('55.041787'))"
Доходный дом М.А.Бергута,архитектура,Забайкальский край,Чита,"(Decimal('118.645746'), Decimal('52.459782'))"
МВ Доходный Дом Сокол,архитектура,Москва,,"(Decimal('37.514787'), Decimal('55.805042'))"
Многоквартирный дом М.Н. Миансарова,архитектура,Москва,,"(Decimal('37.637874'), Decimal('55.770218'))"
Многоквартирный дом М.Н. Пяткова,архитектура,Новосибирская область,Новосибирск,"(Decimal('82.958761'), Decimal('55.041787'))"
Доходный дом Московского купеческого общества,архитектура,Москва,,Not found
Многоквартирный дом Н.А. Бугров,архитектура,Нижегородская область,Нижний Новгород,"(Decimal('43.982909'), Decimal('56.31231'))"
Многоквартирный дом Степанова,архитектура,Санкт-Петербург,Санкт-Петербург,"(Decimal('30.295683'), Decimal('59.920154'))"
Доходный дом Третьяков,архитектура,Москва,,"(Decimal('37.637874'), Decimal('55.770218'))"
Доходный дом братьев Фроловых,архитектура,Нижегородская область,Нижний Новгород,"(Decimal('43.989395'), Decimal('56.279337'))"
Доходный дом Княгини Урусовой,архитектура,Санкт-Петербург,Санкт-Петербург,"(Decimal('30.295683'), Decimal('59.920154'))"
Доходный дом князя Гагарина А.Г.,архитектура,Москва,,"(Decimal('37.582664'), Decimal('55.708587'))"
Доходный дом купчихи Е. Е. Емельянова,архитектура,Свердловская область,Екатеринбург,"(Decimal('60.597465'), Decimal('56.838011'))"
Доходный дом купчихи Е.Е. Пальцевой.,архитектура,Нижегородская область,Нижний Новгород,"(Decimal('44.006516'), Decimal('56.326797'))"
Доходный дом купца Елисеева.,архитектура,Санкт-Петербург,Санкт-Петербург,"(Decimal('30.295683'), Decimal('59.920154'))"
Доходный дом купчихи Чувильдиной.,архитектура,Свердловская область,Екатеринбург,"(Decimal('60.675322'), Decimal('56.833161'))"
Доходный дом мещанина А. Ф. Выходцева,архитектура,Новосибирская область,Новосибирск,"(Decimal('82.92043'), Decimal('55.030199'))"
"Многоквартирный дом по улице Чаплыгина, 45.",архитектура,Новосибирская область,Новосибирск,"(Decimal('82.916136'), Decimal('55.025797'))"
Доходный дом страхового общества &quot;Саламандра&quot;,архитектура,Санкт-Петербург,Санкт-Петербург,Not found
религиозная школа,архитектура,Пермь,Соликамск,"(Decimal('56.771029'), Decimal('59.648333'))"
религиозная школа,архитектура,Костромская область,Кострома,"(Decimal('40.926858'), Decimal('57.767961'))"
поселок Дымково,архитектура,Вологодская область,великий Устюг,"(Decimal('46.29784'), Decimal('60.761156'))"
Елецкие куранты,архитектура,Липецкая область,Елец,"(Decimal('38.485525'), Decimal('52.584205'))"
Елизаветинская академическая галерея,архитектура,Ставропольский край,Пятигорск,"(Decimal('43.07084'), Decimal('44.03929'))"
Елизаветинская школа рукоделия,архитектура,Пермь,Кунгур,"(Decimal('56.944206'), Decimal('57.42881'))"
Елизаветинские ворота,архитектура,Оренбургская область,Оренбург,"(Decimal('55.096955'), Decimal('51.768199'))"
Елисеев Продуктовый магазин,архитектура,Москва,,"(Decimal('37.617635'), Decimal('55.755814'))"
Железнодорожная станция Сарепта,архитектура,Волгоградская область,Волгоград,"(Decimal('44.51181'), Decimal('48.519512'))"
Железнодорожный вокзал,архитектура,Амурская область,Благовещенск,"(Decimal('127.527173'), Decimal('50.29064'))"
Железнодорожный вокзал,архитектура,Иркутская область,,"(Decimal('106.363305'), Decimal('57.100294'))"
Железнодорожный вокзал XIX века в деревне Вяртсиля.,архитектура,Республика Карелия,Вяртсиля,"(Decimal('30.644301'), Decimal('62.167147'))"
"Железнодорожная станция ""Вятка""",архитектура,Кировская область,Киров,"(Decimal('49.567142'), Decimal('58.628421'))"
Железнодорожный вокзал в Великом Новгороде.,архитектура,Новгородская область,Новгород,"(Decimal('31.269915'), Decimal('58.52281'))"
Железнодорожный вокзал во Владивостоке.,архитектура,Приморский край,Владивосток,"(Decimal('131.885485'), Decimal('43.115536'))"
Волгоград-I вокзал,архитектура,Волгоградская область,Волгоград,"(Decimal('44.511621'), Decimal('48.712679'))"
Железнодорожный вокзал в Йошкар-Оле,архитектура,Республика Марий Эл,,"(Decimal('48.197858'), Decimal('56.485739'))"
Нижегородский вокзал,архитектура,Нижегородская область,,"(Decimal('44.279559'), Decimal('56.595648'))"
Железнодорожный вокзал Орск,архитектура,Оренбургская область,Орск,"(Decimal('58.475196'), Decimal('51.229362'))"
Железнодорожная станция Чита-2,архитектура,Забайкальский край,Чита,"(Decimal('113.49468'), Decimal('52.028045'))"
Железнодорожный вокзал в Гагарине,архитектура,Смоленская область,Гагарин,"(Decimal('34.996845'), Decimal('55.553299'))"
Железнодорожный вокзал в Петрозаводске.,архитектура,Республика Карелия,Петрозаводск,"(Decimal('34.346878'), Decimal('61.785017'))"
Железнодорожный вокзал в Смоленске,архитектура,Смоленская область,Смоленская область,Not found
Железнодорожный вокзал в Чудово.,архитектура,Новгородская область,Прекрасно,"(Decimal('31.679358'), Decimal('59.122705'))"
Железнодорожный вокзал города Ельца.,архитектура,Липецкая область,Елец,"(Decimal('38.503653'), Decimal('52.62419'))"
Железнодорожный вокзал города Астрахани.,архитектура,Астраханская область,Астрахань,"(Decimal('48.033574'), Decimal('46.347869'))"
Район железнодорожного вокзала Иваново,архитектура,Ивановская область,Иваново,"(Decimal('40.973921'), Decimal('57.000348'))"
Железнодорожная станция Слюдянка.,архитектура,Иркутская область,Слюдянка,"(Decimal('103.724046'), Decimal('51.658568'))"
Женская средняя школа,архитектура,Пермь,Соликамск,"(Decimal('56.771029'), Decimal('59.648333'))"
Женская средняя школа,архитектура,Тюменская область,Тюмень,"(Decimal('65.534328'), Decimal('57.153033'))"
Женская семинария,архитектура,Ярославская область,Ярославль,"(Decimal('39.893804'), Decimal('57.626559'))"
Женское епархиальное училище,архитектура,Костромская область,Кострома,"(Decimal('40.926858'), Decimal('57.767961'))"
Жилой деревянный дом,архитектура,Новосибирская область,Новосибирск,"(Decimal('82.92043'), Decimal('55.030199'))"
Дом,архитектура,Тюменская область,Тюмень,"(Decimal('65.523036'), Decimal('57.151969'))"
Дом,архитектура,Тюменская область,Тюмень,"(Decimal('65.523036'), Decimal('57.151969'))"
Жилой дом ПМ Флорина,архитектура,Свердловская область,Екатеринбург,"(Decimal('60.056635'), Decimal('56.750048'))"
Жилой дом ТМ Групилон,архитектура,Пермь,Пермский,"(Decimal('56.300859'), Decimal('58.003503'))"
Жилой дом братьев Серебряковых.,архитектура,Волгоградская область,Волгоград,"(Decimal('44.471305'), Decimal('48.733886'))"
Жилой дом купца В.Ф. Плюснина.,архитектура,Хабаровский край,Хабаровск,"(Decimal('135.071917'), Decimal('48.480223'))"
Жилой дом купца Г. М. Сметанина.,архитектура,Новгородская область,Демянск,Not found
Жилой дом купцов Колобовниковых,архитектура,Забайкальский край,Нерчинск,Not found
Жилой дом начала XX века,архитектура,Алтайский край,Барнаул,"(Decimal('83.774503'), Decimal('53.362495'))"
Жилой дом на Советской,архитектура,Новосибирская область,Сузуки,"(Decimal('82.32791'), Decimal('53.787183'))"
Жилой комплекс «Второй дом горсовета»,архитектура,Свердловская область,Екатеринбург,"(Decimal('60.597465'), Decimal('56.838011'))"
Жилой дом (Вычислительный центр),архитектура,Волгоградская область,Волгоград,"(Decimal('44.493143'), Decimal('48.750082'))"
Жилой дом Вахрушева,архитектура,Кировская область,Вахруши,"(Decimal('50.026406'), Decimal('58.684657'))"
Жилые дома купцов Шмулевских.,архитектура,Забайкальский край,Нерчинск,Not found
Заалав,архитектура,Калининградская область,Каменское,"(Decimal('21.552264'), Decimal('54.657032'))"
Сельский коттеджный архитектор Малахов.,архитектура,Свердловская область,Екатеринбург,"(Decimal('60.622502'), Decimal('56.79238'))"
"Дачный проспект, 42",архитектура,Санкт-Петербург,Санкт-Петербург,"(Decimal('30.336341'), Decimal('59.923491'))"
Закхаймские ворота,архитектура,Калининградская область,Калининград,"(Decimal('20.512733'), Decimal('54.710454'))"
Замковый комплекс Пуи,архитектура,Республика Ингушетия,Пюи,"(Decimal('44.939588'), Decimal('42.804024'))"
Замковый комплекс Пялинг,архитектура,Республика Ингушетия,Пялинг,"(Decimal('44.98798'), Decimal('42.825227'))"
Замковый комплекс Гамышки,архитектура,Республика Ингушетия,Ляжги,"(Decimal('44.734484'), Decimal('42.808773'))"
Замок Георгенбург,архитектура,Калининградская область,,"(Decimal('21.218944'), Decimal('54.56009'))"
Замок Лабиау,архитектура,Калининградская область,Полесск,"(Decimal('21.10068'), Decimal('54.855486'))"
Замок Леванова,архитектура,Республика Северная Осетия - Алания,Лезгор,"(Decimal('43.770268'), Decimal('43.015099'))"
Замок Рагнит,архитектура,Калининградская область,Неман,"(Decimal('22.011392'), Decimal('55.036117'))"
Замок Тапиау,архитектура,Калининградская область,Гвардейск,"(Decimal('21.068862'), Decimal('54.635845'))"
Замок Тильзит,архитектура,Калининградская область,Советск,"(Decimal('21.888647'), Decimal('55.081029'))"
Замок Черчесова,архитектура,Республика Северная Осетия - Алания,Цамад,"(Decimal('44.17434'), Decimal('42.862701'))"
Замок-фрегат,архитектура,Республика Северная Осетия - Алания,Задалеск,"(Decimal('43.803479'), Decimal('43.007689'))"
Зачатская башня Нижегородского кремля.,архитектура,Нижегородская область,Нижний Новгород,Not found
Звонница Софийского собора,архитектура,Новгородская область,Новгород,"(Decimal('31.269915'), Decimal('58.52281'))"
Сборка 12 досок,архитектура,Санкт-Петербург,Санкт-Петербург,"(Decimal('30.315868'), Decimal('59.939095'))"
Здание «Бэтмена»,архитектура,Новосибирская область,Новосибирск,"(Decimal('82.92043'), Decimal('55.030199'))"
Здание «Гранд Отеля»,архитектура,Иркутская область,Иркутск,"(Decimal('104.281047'), Decimal('52.287054'))"
Здание «Дома Советов»,архитектура,Краснодарский край,Геленджик,"(Decimal('38.048153'), Decimal('44.589733'))"
Здание Администрации Смоленской области.,архитектура,Смоленская область,Смоленск,"(Decimal('32.045251'), Decimal('54.782635'))"
Здание Администрации Волгограда,архитектура,Волгоградская область,Волгоград,"(Decimal('44.588822'), Decimal('48.455318'))"
Здание Администрации Смоленска,архитектура,Смоленская область,Смоленск,"(Decimal('32.082333'), Decimal('54.770842'))"
Здание Академии наук,архитектура,Санкт-Петербург,Санкт-Петербург,"(Decimal('30.315868'), Decimal('59.939095'))"
Здание Александровского военного училища,архитектура,Москва,,Not found
Здание Александровского реального училища,архитектура,Тюменская область,Тюмень,Not found
Здание Александровской женской школы,архитектура,Курганская область,,Not found
Здание Арсенала,архитектура,Нижегородская область,Нижний Новгород,"(Decimal('44.006516'), Decimal('56.326797'))"
Здание Ассигнационного банка,архитектура,Санкт-Петербург,Санкт-Петербург,"(Decimal('28.333888'), Decimal('60.333885'))"
Здание фондовой биржи,архитектура,Санкт-Петербург,Санкт-Петербург,"(Decimal('30.315868'), Decimal('59.939095'))"
Здание Дворянского собрания,архитектура,Смоленская область,Смоленск,"(Decimal('32.045251'), Decimal('54.782635'))"
Здание британского консульства,архитектура,Санкт-Петербург,Санкт-Петербург,"(Decimal('30.315868'), Decimal('59.939095'))"
Здание Варшавского вокзала,архитектура,Санкт-Петербург,Санкт-Петербург,"(Decimal('30.298989'), Decimal('59.907929'))"
Здание Верхнеудинской районной школы.,архитектура,Республика Бурятия,Улан-Удэ,Not found
Владимирский корпус средней школы,архитектура,Нижегородская область,Нижний Новгород,Not found
Здание Внешторгбанка,архитектура,Санкт-Петербург,Санкт-Петербург,"(Decimal('30.315868'), Decimal('59.939095'))"
Здание Волгоградского ликеро-водочного завода,архитектура,Волгоградская область,Волгоград,"(Decimal('44.444149'), Decimal('48.690263'))"
Здание Адмиралтейства,архитектура,Санкт-Петербург,Санкт-Петербург,"(Decimal('30.315868'), Decimal('59.939095'))"
Здание Генерального штаба,архитектура,Санкт-Петербург,Санкт-Петербург,"(Decimal('30.315868'), Decimal('59.939095'))"
здания Главпочтамта,архитектура,Ненецкий автономный округ,Нарьян-Мар,"(Decimal('53.006926'), Decimal('67.63805'))"
Здание городской думы,архитектура,Забайкальский край,Нерчинск,"(Decimal('116.585415'), Decimal('51.95948'))"
Здание городской детской клинической больницы.,архитектура,Новосибирская область,Новосибирск,Not found
Здание Государственного банка,архитектура,Краснодарский край,Краснодар,"(Decimal('38.975313'), Decimal('45.03547'))"
Здание Государственного банка,архитектура,Волгоградская область,Волгоград,"(Decimal('44.516948'), Decimal('48.707067'))"
Здание Гостиного двора,архитектура,Саратовская область,Вольск,"(Decimal('47.38729'), Decimal('52.045978'))"
Здание Государственного банка,архитектура,Нижегородская область,Нижний Новгород,"(Decimal('44.006516'), Decimal('56.326797'))"
Здание Дворца бракосочетаний,архитектура,Алтайский край,Барнаул,"(Decimal('83.776856'), Decimal('53.346785'))"
Здание Дворца молодежи,архитектура,Свердловская область,Екатеринбург,"(Decimal('60.578197'), Decimal('56.906507'))"
Здание Дворянского института Александра II.,архитектура,Нижегородская область,Нижний Новгород,Not found
Дом Советов,архитектура,Республика Бурятия,Улан-Удэ,"(Decimal('107.585508'), Decimal('51.834703'))"
Развиваем детское творчество,архитектура,Новосибирская область,Новосибирск,Not found
В здании живут офицеры,архитектура,Новосибирская область,Новосибирск,"(Decimal('82.92043'), Decimal('55.030199'))"
Здание Департамента жандармов,архитектура,Республика Бурятия,Улан-Удэ,"(Decimal('107.584574'), Decimal('51.834464'))"
Здание ЗАГСа,архитектура,Республика Марий Эл,Йошкар-Ола,"(Decimal('47.886178'), Decimal('56.631595'))"
Здание районной больницы,архитектура,Ярославская область,,Not found
Здание земства,архитектура,Саратовская область,Вольск,"(Decimal('47.38729'), Decimal('52.045978'))"
здание Ивсельбанка,архитектура,Ивановская область,Иваново,"(Decimal('40.973921'), Decimal('57.000348'))"
Здание Института систематики и экологии животных,архитектура,Новосибирская область,Новосибирск,"(Decimal('82.92043'), Decimal('55.030199'))"
Здание Калмыцкого государственного университета,архитектура,Республика Калмыкия,Элиста,Not found
Лысковский строительный завод.,архитектура,Нижегородская область,Лысково,"(Decimal('45.040962'), Decimal('56.021357'))"
Здание Мариинской женской гимназии.,архитектура,Свердловская область,Ирбит,Not found
Здание медицинской академии,архитектура,Ивановская область,Иваново,"(Decimal('40.973921'), Decimal('57.000348'))"
Здание Медицинской Академии,архитектура,Нижегородская область,Нижний Новгород,"(Decimal('44.006516'), Decimal('56.326797'))"
Мещанский строительный совет,архитектура,Амурская область,Благовещенск,"(Decimal('127.527173'), Decimal('50.29064'))"
Здание Министерства молодежи и спорта Республики Беларусь.,архитектура,Республика Башкортостан,Уфа,"(Decimal('55.958727'), Decimal('54.735147'))"
Здание Мужской прогимназии,архитектура,Ростовская область,Азов,"(Decimal('39.423581'), Decimal('47.112442'))"
Здание мэрии Москвы,архитектура,Москва,,"(Decimal('37.742815'), Decimal('55.642083'))"
Здание Народного Хурала Республики Бурятия.,архитектура,Республика Бурятия,Улан-Удэ,Not found
Здание Нижегородского драматического театра.,архитектура,Нижегородская область,Нижний Новгород,Not found
Здание музея Обдорска,архитектура,Ямало-Ненецкий автономный округ,Салехард,"(Decimal('66.614399'), Decimal('66.529844'))"
Здание Обуховской больницы,архитектура,Санкт-Петербург,Санкт-Петербург,"(Decimal('30.320818'), Decimal('59.922165'))"
Здание Национального собрания,архитектура,Забайкальский край,Нерчинск,"(Decimal('116.585415'), Decimal('51.95948'))"
Здание правительства Новосибирской области (краисполкома),архитектура,Новосибирская область,Новосибирск,"(Decimal('82.92043'), Decimal('55.030199'))"
Строительство общественных мест (Псковский кадетский корпус),архитектура,Псковская область,Псков,"(Decimal('28.332451'), Decimal('57.819274'))"
здание МКБ,архитектура,Волгоградская область,Волгоград,"(Decimal('44.516948'), Decimal('48.707067'))"
Здание ПТУ им. Екатерина и Федор Березины,архитектура,Курганская область,Курган,"(Decimal('65.341118'), Decimal('55.441004'))"
Здание Российско-Китайского банка,архитектура,Новосибирская область,Новосибирск,"(Decimal('82.92043'), Decimal('55.030199'))"
Здание Сената и Синода,архитектура,Санкт-Петербург,Санкт-Петербург,Not found
Здание Смоленского государственного университета,архитектура,Смоленская область,Смоленск,Not found
Здание Союза сибирских маслодельных кустарей.,архитектура,Курганская область,Курган,"(Decimal('65.349437'), Decimal('55.500601'))"
Здание технологического университета,архитектура,Санкт-Петербург,Санкт-Петербург,"(Decimal('30.315868'), Decimal('59.939095'))"
Здание Торгово-промышленной палаты,архитектура,Краснодарский край,Краснодар,"(Decimal('38.975313'), Decimal('45.03547'))"
Здание «Запсибзолота».,архитектура,Новосибирская область,Новосибирск,"(Decimal('82.92043'), Decimal('55.030199'))"
Строительство Западно-Сибирской железной дороги,архитектура,Новосибирская область,Новосибирск,Not found
Здание Федерального казначейства,архитектура,Нижегородская область,Нижний Новгород,"(Decimal('44.006516'), Decimal('56.326797'))"
Советы по строительству ЦИК Сибирь,архитектура,Республика Бурятия,Улан-Удэ,"(Decimal('107.585508'), Decimal('51.834703'))"
Здание Центра информационных технологий,архитектура,Новосибирская область,Новосибирск,Not found
Центральный отель,архитектура,Кировская область,Киров,"(Decimal('49.668014'), Decimal('58.603591'))"
Здание центрального офиса,архитектура,Санкт-Петербург,,Not found
Здание штаба Гвардейского корпуса,архитектура,Санкт-Петербург,Санкт-Петербург,"(Decimal('30.383871'), Decimal('59.969628'))"
Здание администрации НАО,архитектура,Ненецкий автономный округ,Нарьян-Мар,"(Decimal('52.984019'), Decimal('67.640708'))"
Здание Алтайского края Русско-Немецкого Дома,архитектура,Алтайский край,Барнаул,Not found
Здание американской гостиницы,архитектура,Свердловская область,Екатеринбург,"(Decimal('60.597465'), Decimal('56.838011'))"
Аптекарский корпус Альтшулера,архитектура,Республика Адыгея,Майкоп,"(Decimal('40.098548'), Decimal('44.608865'))"
Здание архива 501-й строй.,архитектура,Ямало-Ненецкий автономный округ,Салехард,Not found
Здание архиерейского дома,архитектура,Нижегородская область,Нижний Новгород,"(Decimal('44.006516'), Decimal('56.326797'))"
здание Аэроклуба,архитектура,Новосибирская область,Новосибирск,"(Decimal('82.92043'), Decimal('55.030199'))"
Здание носит имя библиотеки В.Г. Белинского.,архитектура,Свердловская область,Екатеринбург,"(Decimal('60.803674'), Decimal('56.75028'))"
Здание библиотеки имени Твардовского.,архитектура,Смоленская область,Смоленск,"(Decimal('32.063001'), Decimal('54.776934'))"
Здание бывшей городской школы Вятского.,архитектура,Кировская область,Киров,Not found
Здание является бывшим домом коммуны,архитектура,Смоленская область,Смоленск,"(Decimal('32.045251'), Decimal('54.782635'))"
Здание бывшей религиозной школы,архитектура,Липецкая область,Липецк,Not found
Здание бывшего Института восточных языков.,архитектура,Республика Бурятия,Улан-Удэ,Not found
Здание бывшего кинотеатра «Октябрь».,архитектура,Смоленская область,Смоленск,"(Decimal('32.129279'), Decimal('54.816099'))"
Здание бывшей начальной школы,архитектура,Ярославская область,Рыбинск,Not found
Здание бывшего филиала Русско-Азиатского банка,архитектура,Иркутская область,Иркутск,Not found
Здание бывшей городской думы,архитектура,Ярославская область,Углич,Not found
Здание бывшего горсовета,архитектура,Алтайский край,Барнаул,"(Decimal('83.757507'), Decimal('53.328273'))"
Здание бывшего горсовета,архитектура,Смоленская область,Смоленск,"(Decimal('32.046329'), Decimal('54.781467'))"
"Здание бывшей гостиницы ""Казань""",архитектура,Свердловская область,Екатеринбург,Not found
Здание бывшей гостиницы «Смоленск».,архитектура,Смоленская область,Смоленск,"(Decimal('32.045251'), Decimal('54.782635'))"
Здание бывшего почтово-телеграфного управления,архитектура,Республика Бурятия,Улан-Удэ,Not found
Строительство отечественного завода «Рубин»,архитектура,Свердловская область,Екатеринбург,"(Decimal('60.379292'), Decimal('56.859365'))"
Городской аэропорт «Северный»,архитектура,Новосибирская область,Новосибирск,"(Decimal('82.92043'), Decimal('55.030199'))"
Здание городского рынка,архитектура,Ленинградская область,Выборг,"(Decimal('28.749404'), Decimal('60.710232'))"
Здание городской школы имени М. В. Ломоносова,архитектура,Нижегородская область,Нижний Новгород,"(Decimal('44.012239'), Decimal('56.311247'))"
Здание городской думы,архитектура,Санкт-Петербург,Санкт-Петербург,"(Decimal('30.224545'), Decimal('59.968597'))"
Здание городского совета,архитектура,Вологодская область,Вологда,"(Decimal('39.920484'), Decimal('59.214108'))"
Здание городской поликлиники,архитектура,Республика Калмыкия,Элиста,"(Decimal('44.269759'), Decimal('46.307743'))"
Здание городской думы,архитектура,Пермь,Соликамск,"(Decimal('56.771029'), Decimal('59.648333'))"
Здание гостиницы «Золотой якорь».,архитектура,Вологодская область,Вологда,Not found
"Здание гостиницы ""Интурист""",архитектура,Волгоградская область,Волгоград,"(Decimal('44.516948'), Decimal('48.707067'))"
Здание гостиницы «Цисты»,архитектура,Севастополь,,Not found
Здание гостиницы «Эрмитаж».,архитектура,Вологодская область,Вологда,"(Decimal('39.891523'), Decimal('59.220496'))"
Здание гостиницы «Эрмитаж» В.Г. Черепанова.,архитектура,Свердловская область,Екатеринбург,Not found
Здание гостиницы и ресторана «Яр».,архитектура,Москва,,Not found
Здание Гостиного двора,архитектура,Тамбовская область,Тамбов,"(Decimal('41.452274'), Decimal('52.721219'))"
Здание губернской классической гимназии,архитектура,Ульяновская область,Ульяновск,Not found
Здание областной почты,архитектура,Воронежская область,Воронеж,Not found
Здание Дворца детей и юношества,архитектура,Смоленская область,Смоленск,Not found
Здание детского культурного центра,архитектура,Свердловская область,Каменск-Уральский,Not found
Здание доходного дома И.С.Дорожнова и А.И.Теребилина,архитектура,Нижегородская область,Нижний Новгород,Not found
Здание епархиального училища,архитектура,Амурская область,Благовещенск,"(Decimal('127.527173'), Decimal('50.29064'))"
Здание железнодорожного вокзала,архитектура,Ярославская область,Рыбинск,"(Decimal('38.858406'), Decimal('58.048454'))"
Железнодорожный вокзал «Новосибирск-Главный»,архитектура,Новосибирская область,Новосибирск,"(Decimal('82.89454'), Decimal('55.035318'))"
Здание женской школы им.Д.К.Кромского,архитектура,Белгородская область,Короча,Not found
Здание заброшенной больницы,архитектура,Свердловская область,Екатеринбург,"(Decimal('60.222904'), Decimal('57.062849'))"
здание завода,архитектура,Пензенская область,Никольский,"(Decimal('46.084356'), Decimal('53.71447'))"
Здание инородческой управы и уезда,архитектура,Ямало-Ненецкий автономный округ,Салехард,Not found
Здание земства в Демянске.,архитектура,Новгородская область,Демянск,"(Decimal('32.464423'), Decimal('57.642859'))"
Строительство казармы Смоленского стрелкового полка имени генерала Н.Н.Раевского,архитектура,Воронежская область,Воронеж,"(Decimal('39.200269'), Decimal('51.660781'))"
Строительный комитет «Забайкаллес» и Радиокомитет,архитектура,Республика Бурятия,Улан-Удэ,Not found
Строительная компания «ВостСибУголь».,архитектура,Иркутская область,Иркутск,"(Decimal('104.281047'), Decimal('52.287054'))"
Здание консистории,архитектура,Псковская область,Псков,"(Decimal('28.332451'), Decimal('57.819274'))"
Строительный кредитно-товарный магазин Абрамов,архитектура,Новосибирская область,нижний Чулым,Not found
Строительство клиник медицинских специалистов,архитектура,Свердловская область,Екатеринбург,"(Decimal('60.597465'), Decimal('56.838011'))"
Здание лютеранской церкви,архитектура,Смоленская область,Смоленск,"(Decimal('32.045251'), Decimal('54.782635'))"
Здание лютеранской церкви в Мельниково.,архитектура,Ленинградская область,Мельниково,"(Decimal('29.772307'), Decimal('60.759873'))"
Строительный магазин ФФ Коротаева,архитектура,Амурская область,Благовещенск,Not found
Здание метеостанции,архитектура,Алтайский край,Барнаул,"(Decimal('81.431661'), Decimal('53.791236'))"
Строительство минеральных ванн,архитектура,Липецкая область,Липецк,"(Decimal('39.59922'), Decimal('52.60882'))"
Здание гимназии,архитектура,Красноярский край,Питорафик,"(Decimal('92.173769'), Decimal('58.453069'))"
Здание гимназии (средняя школа №9),архитектура,Свердловская область,Екатеринбург,"(Decimal('60.597465'), Decimal('56.838011'))"
Здание музея &quot;Русская старина&quot;,архитектура,Смоленская область,Смоленск,Not found
Здание музыкальной школы №1.,архитектура,Волгоградская область,Волгоград,"(Decimal('44.516948'), Decimal('48.707067'))"
Здание музыкальной школы №14.,архитектура,Волгоградская область,Волгоград,"(Decimal('44.516948'), Decimal('48.707067'))"
ратуша,архитектура,Новосибирская область,Новосибирск,"(Decimal('82.92043'), Decimal('55.030199'))"
Здание на Кудринской площади,архитектура,Москва,,"(Decimal('37.65125'), Decimal('55.781383'))"
Здание Судебного флигеля музея «Русская старина».,архитектура,Смоленская область,Смоленск,"(Decimal('32.045251'), Decimal('54.782635'))"
Здание Нижегородской биржи,архитектура,Нижегородская область,Нижний Новгород,"(Decimal('43.371857'), Decimal('56.64544'))"
Здания Окружкома ВКП(б),архитектура,Ямало-Ненецкий автономный округ,Салехард,"(Decimal('66.614399'), Decimal('66.529844'))"
Здание окружного суда,архитектура,Амурская область,Благовещенск,"(Decimal('127.527173'), Decimal('50.29064'))"
Здание гостиницы «Байкал Плаза».,архитектура,Республика Бурятия,Улан-Удэ,"(Decimal('107.584574'), Decimal('51.834464'))"
"Здание гостиницы ""Метрополь""",архитектура,Новосибирская область,Новосибирск,"(Decimal('82.92043'), Decimal('55.030199'))"
Строительство паровой мельницы в Благовещенске.,архитектура,Амурская область,Благовещенск,Not found
Здание является первым корпусом политехнического университета.,архитектура,Нижегородская область,Нижний Новгород,Not found
В здании находится первая городская публичная библиотека имени В.Г. Белинского.,архитектура,Свердловская область,Екатеринбург,Not found
Здание первой поликлиники,архитектура,Новосибирская область,Новосибирск,"(Decimal('82.92043'), Decimal('55.030199'))"
Здание пивоварни «Богемия».,архитектура,Ярославская область,Рыбинск,"(Decimal('38.877774'), Decimal('58.053107'))"
Здание почтового отделения,архитектура,Калужская область,Калуга,"(Decimal('36.261215'), Decimal('54.513845'))"
Здание почты и телеграфа,архитектура,Забайкальский край,Чита,Not found
Строительные проектные организации,архитектура,Архангельская область,Архангельск,"(Decimal('40.515753'), Decimal('64.539911'))"
Здание Речной школы,архитектура,Ярославская область,Рыбинск,"(Decimal('38.858406'), Decimal('58.048454'))"
синагога,архитектура,Волгоградская область,Волгоград,"(Decimal('44.516948'), Decimal('48.707067'))"
Здание сиропитательного приюта Елизаветы Медведниковой,архитектура,Иркутская область,Иркутск,Not found
Здание смоленской гимназии имени Пржевальского.,архитектура,Смоленская область,Смоленск,"(Decimal('32.044379'), Decimal('54.784053'))"
Здание соборной колокольни,архитектура,Пермь,Соликамск,"(Decimal('56.771029'), Decimal('59.648333'))"
Любаньская строительная станция,архитектура,Ленинградская область,,"(Decimal('31.24858'), Decimal('59.349296'))"
Здание техникума М.Е. Комарова,архитектура,Ярославская область,Рыбинск,Not found
"Здание торгового дома ""Е.Кухтерин и сыновья""",архитектура,Томская область,Томск,"(Decimal('84.947649'), Decimal('56.48464'))"
Здание третьего отделения жандармерии,архитектура,Санкт-Петербург,Санкт-Петербург,Not found
Здание окружного управления,архитектура,Воронежская область,Нижнедевик,Not found
Здание универмага «Чурин и Ко» в Благовещенске.,архитектура,Амурская область,Благовещенск,"(Decimal('127.527173'), Decimal('50.29064'))"
Здание администрации Алтайского района,архитектура,Алтайский край,Барнаул,Not found
Здание управления Забайкальской железной дорогой,архитектура,Забайкальский край,Чита,Not found
Строительная школа. Гоголь и Достоевский / Амурский областной институт развития образования,архитектура,Амурская область,Благовещенск,Not found
Строительство товарищеской фабрики в Нижегородской льнопрядильной фабрике,архитектура,Нижегородская область,Нижний Новгород,Not found
Здание филиала Богородско-Глуховской мануфактуры,архитектура,Новосибирская область,Новосибирск,Not found
здания Студии,архитектура,Свердловская область,Екатеринбург,"(Decimal('60.597465'), Decimal('56.838011'))"
Здание приходской школы,архитектура,Новгородская область,Парфино,"(Decimal('31.646102'), Decimal('57.962973'))"
Чайно-развесочной корпус Торгового Дома «И.Я. Чурин и Ко».,архитектура,Амурская область,Благовещенск,"(Decimal('127.527173'), Decimal('50.29064'))"
Здание частного банка,архитектура,Нижегородская область,Нижний Новгород,"(Decimal('44.006516'), Decimal('56.326797'))"
строительный чертеж,архитектура,Алтайский край,Барнаул,"(Decimal('83.776856'), Decimal('53.346785'))"
Строительство читинской синагоги,архитектура,Забайкальский край,Чита,"(Decimal('113.501049'), Decimal('52.033635'))"
Здание школы имени Героя Советского Союза А.Н. Арапова.,архитектура,Свердловская область,Верх-нейвинский,"(Decimal('60.127539'), Decimal('57.276334'))"
Здания общественных мест,архитектура,Ярославская область,Ярославль,"(Decimal('39.893804'), Decimal('57.626559'))"
офисное здание Екатеринбургского государственного банка,архитектура,Свердловская область,Екатеринбург,"(Decimal('60.642516'), Decimal('56.909235'))"
Зеленоградский краеведческий музей.,архитектура,Калининградская область,Зеленоградск,"(Decimal('20.475354'), Decimal('54.95993'))"
Земство,архитектура,Ярославская область,Углич,"(Decimal('38.319372'), Decimal('57.526592'))"
земство,архитектура,Пермь,Соликамск,"(Decimal('56.771029'), Decimal('59.648333'))"
земство,архитектура,Псковская область,Псков,"(Decimal('28.413452'), Decimal('57.785344'))"
земство,архитектура,Ярославская область,Рыбинск,"(Decimal('38.858406'), Decimal('58.048454'))"
Зеркальный пруд и павильон «Стеклянная струя»,архитектура,Ставропольский край,Кисловодск,"(Decimal('42.722483'), Decimal('43.924317'))"
Зимний стадион (Михайловский манеж),архитектура,Санкт-Петербург,Санкт-Петербург,"(Decimal('30.315868'), Decimal('59.939095'))"
Зимний дворец Петра I,архитектура,Санкт-Петербург,,"(Decimal('30.297668'), Decimal('59.929263'))"
Знаменская (Власьевская) башня.,архитектура,Ярославская область,Ярославль,"(Decimal('39.893804'), Decimal('57.626559'))"
Зирьяновский хоспис,архитектура,Пермь,Кунгур,"(Decimal('56.944206'), Decimal('57.42881'))"
Ивановская башня Нижегородского кремля.,архитектура,Нижегородская область,Нижний Новгород,Not found
Наличие «Помощи»,архитектура,Тамбовская область,Советск,"(Decimal('42.357829'), Decimal('52.238747'))"
Усадьба Романовых в селе Локоть,архитектура,Брянская область,Локоть,"(Decimal('34.712169'), Decimal('52.655131'))"
Императорский подкидыш,архитектура,Москва,,"(Decimal('37.598277'), Decimal('55.753671'))"
Императорский павильон,архитектура,Нижегородская область,Нижний Новгород,"(Decimal('44.006516'), Decimal('56.326797'))"
Имперский колледж глухих,архитектура,Санкт-Петербург,Санкт-Петербург,"(Decimal('30.315868'), Decimal('59.939095'))"
Ингербургские ворота,архитектура,Ленинградская область,Гатчина,"(Decimal('30.124473'), Decimal('59.568492'))"
Инстербург,архитектура,Калининградская область,Черняховск,"(Decimal('21.819503'), Decimal('54.630706'))"
Институт физиологии. Павлова,архитектура,Санкт-Петербург,Санкт-Петербург,"(Decimal('30.312356'), Decimal('59.978079'))"
Ирбитский проезд,архитектура,Свердловская область,Ирбит,"(Decimal('63.044162'), Decimal('57.671316'))"
Историко-археолого-природный музей-заповедник «Усадьба Левашева»,архитектура,Нижегородская область,Галибиха,"(Decimal('45.615597'), Decimal('56.75525'))"
Историко-археологический комплекс Салачик,архитектура,Республика Крым,Бахчисарай,"(Decimal('33.926512'), Decimal('44.776819'))"
Историко-архитектурный комплекс «Симбирская линия обороны».,архитектура,Ульяновская область,Ульяновск,"(Decimal('48.403123'), Decimal('54.314192'))"
Историко-архитектурный музей «Выборгский замок».,архитектура,Ленинградская область,Выборг,"(Decimal('28.739379'), Decimal('60.724622'))"
Исторический заповедник – руины мельницы им. К.Н. Грудинина,архитектура,Волгоградская область,,Not found
Исторический центр Дубовки.,архитектура,Волгоградская область,Дубовка,"(Decimal('44.826957'), Decimal('49.055369'))"
Итальянский дворик,архитектура,Севастополь,,"(Decimal('33.525369'), Decimal('44.616604'))"
Ицаринская башня,архитектура,Республика Дагестан,,"(Decimal('47.095742'), Decimal('42.259793'))"
"Казанская улица, 39",архитектура,Санкт-Петербург,Санкт-Петербург,"(Decimal('30.310227'), Decimal('59.9291'))"
Казанский (Приволжский) федеральный университет,архитектура,Республика Татарстан,Казань,"(Decimal('49.120455'), Decimal('55.787872'))"
Казенная женская гимназия с домовой церковью,архитектура,Алтайский край,Барнаул,"(Decimal('83.606769'), Decimal('53.399814'))"
"Винный склад Брич, 1901 год.",архитектура,Кировская область,Киров,Not found
Старая как камень Леэнн тас,архитектура,Республика Хакасия,Казановка,"(Decimal('90.036102'), Decimal('53.221058'))"
Купеческие каменные палаты Олисова и церковь Успения Богородицы,архитектура,Нижегородская область,Нижний Новгород,Not found
Мастер Каменного дома Т. А. Самсонович,архитектура,Республика Бурятия,Улан-Удэ,"(Decimal('107.584574'), Decimal('51.834464'))"
Камерный зал Поморской филармонии,архитектура,Архангельская область,Архангельск,"(Decimal('40.515753'), Decimal('64.539911'))"
Управление Колывано-Воскресенских заводов,архитектура,Алтайский край,Барнаул,"(Decimal('83.776856'), Decimal('53.346785'))"
Управление зданий,архитектура,Санкт-Петербург,Санкт-Петербург,"(Decimal('29.137952'), Decimal('59.899676'))"
Никольская часовня на острове Людвигштайн,архитектура,Ленинградская область,Выборг,"(Decimal('28.725176'), Decimal('60.735528'))"
Караимская Кинан,архитектура,Севастополь,,"(Decimal('33.525369'), Decimal('44.616604'))"
Картинная галерея Рыба в рядах,архитектура,Костромская область,Кострома,Not found
Картуши в Тотьме,архитектура,Вологодская область,Тотьма,"(Decimal('42.758873'), Decimal('59.973487'))"
квасные ряды,архитектура,Костромская область,Кострома,"(Decimal('40.924792'), Decimal('57.767568'))"
Киевский вокзал,архитектура,Москва,,"(Decimal('37.566359'), Decimal('55.742975'))"
Кылымовский дворец,архитектура,Республика Башкортостан,Ковровое покрытие,"(Decimal('54.624594'), Decimal('54.769871'))"
"Кинотеатр ""Орион""",архитектура,Белгородская область,Белгород,"(Decimal('36.587223'), Decimal('50.59566'))"
Кинотеатр «Победа» (Школа Кулибина),архитектура,Волгоградская область,Волгоград,"(Decimal('44.449925'), Decimal('48.714112'))"
Кинотеатр «Арт»,архитектура,Иркутская область,Иркутск,"(Decimal('104.281047'), Decimal('52.287054'))"
"Церковь Святого Семейства, Калининград (Калининградская филармония Светланова)",архитектура,Калининградская область,Калининград,"(Decimal('20.512733'), Decimal('54.710454'))"
Китайский театр,архитектура,Приморский край,Владивосток,"(Decimal('131.885485'), Decimal('43.115536'))"
Кладовая башня Нижегородского кремля.,архитектура,Нижегородская область,Нижний Новгород,Not found
Козлов вал во Владимире.,архитектура,Владимирская область,,"(Decimal('40.400499'), Decimal('56.124161'))"
Кологривский агротехнический техникум. Ф.В. Чижов,архитектура,Костромская область,Екимцево,"(Decimal('44.25605'), Decimal('58.827507'))"
Колокольня Никольского собора в Калязине,архитектура,Тверская область,Калязин,Not found
Колокольня Спасо-Преображенского собора,архитектура,Кировская область,,Not found
"Колокольня Троицкой церкви, Знаменская.",архитектура,Ивановская область,Лежнев,"(Decimal('40.885985'), Decimal('56.775343'))"
Колоннада,архитектура,Ставропольский край,Кисловодск,"(Decimal('42.716796'), Decimal('43.905225'))"
Коммерческая коллекция (Марфин Хаус),архитектура,Архангельская область,Архангельск,"(Decimal('40.515753'), Decimal('64.539911'))"
коммерческая школа,архитектура,Ярославская область,Рыбинск,"(Decimal('38.858406'), Decimal('58.048454'))"
Комплекс Никольского маяка,архитектура,Хабаровский край,,"(Decimal('136.637034'), Decimal('51.695886'))"
Комплекс бывшей больницы Верх-Исетского завода.,архитектура,Свердловская область,Екатеринбург,"(Decimal('60.634835'), Decimal('56.751716'))"
Комплекс высотных зданий «Грозный Сити».,архитектура,Чеченская Республика,грозный,"(Decimal('45.697918'), Decimal('43.315788'))"
"городской усадебный комплекс: дом, двери, сарай",архитектура,Ямало-Ненецкий автономный округ,Салехард,Not found
Комплекс зданий Екатеринбургского Алексеевского реального училища.,архитектура,Свердловская область,Екатеринбург,Not found
Комплекс зданий военной богадельни и городской больницы,архитектура,Краснодарский край,Краснодар,"(Decimal('38.970956'), Decimal('45.011726'))"
конгресс-холл,архитектура,Республика Башкортостан,Уфа,"(Decimal('55.958727'), Decimal('54.735147'))"
Конногвардейский Манеж,архитектура,Санкт-Петербург,Санкт-Петербург,"(Decimal('30.297776'), Decimal('59.933298'))"
Контора купца А.Г. Морозова.,архитектура,Алтайский край,Барнаул,Not found
"Усадьба ВМ, кабинет Лукина",архитектура,Амурская область,Благовещенск,"(Decimal('127.594655'), Decimal('50.342339'))"
Концертный зал Маклецкого,архитектура,Свердловская область,Екатеринбург,"(Decimal('60.597465'), Decimal('56.838011'))"
Конюшня,архитектура,Санкт-Петербург,Санкт-Петербург,"(Decimal('30.326253'), Decimal('59.941024'))"
Копытенские ворота Смоленской крепостной стены.,архитектура,Смоленская область,Смоленск,"(Decimal('31.89675'), Decimal('54.823061'))"
Корейский театр Сон-Чжу-Утай,архитектура,Приморский край,,"(Decimal('135.815147'), Decimal('44.371852'))"
Королевский замок,архитектура,Калининградская область,,"(Decimal('20.55817'), Decimal('54.984088'))"
Королевские числа,архитектура,Пермь,Пермский,"(Decimal('56.36985'), Decimal('58.182201'))"
Коромыслова башня Нижегородского кремля.,архитектура,Нижегородская область,Нижний Новгород,Not found
Жилищное провинциальное официальное место,архитектура,Кировская область,Киров,Not found
Костел св. Гиацинт,архитектура,Ленинградская область,Выборг,"(Decimal('28.749404'), Decimal('60.710232'))"
Костромской государственный драматический театр имени А. Островского,архитектура,Костромская область,Кострома,"(Decimal('40.926858'), Decimal('57.767961'))"
Региональная дирекция Сбербанка России,архитектура,Краснодарский край,Краснодар,"(Decimal('38.981808'), Decimal('45.093225'))"
Красная площадь,архитектура,Ленинградская область,Выборг,"(Decimal('28.749512'), Decimal('60.710381'))"
Красная площадь,архитектура,Москва,,"(Decimal('37.621031'), Decimal('55.753595'))"
Красная площадь,архитектура,Курская область,Курск,"(Decimal('36.192629'), Decimal('51.729312'))"
Красногорская сторожевая башня,архитектура,Карачаево-Черкесская Республика,,"(Decimal('41.886034'), Decimal('43.942287'))"
Красноярская ГЭС,архитектура,Красноярский край,Дивногорск,"(Decimal('92.380148'), Decimal('55.957721'))"
Красноярская ГЭС,архитектура,Красноярский край,Дивногорск,"(Decimal('92.380148'), Decimal('55.957721'))"
Красноярск Биг Бен,архитектура,Красноярский край,Красноярск,"(Decimal('92.956489'), Decimal('56.008661'))"
Красный Гостиный Двор,архитектура,Ярославская область,Рыбинск,"(Decimal('38.858406'), Decimal('58.048454'))"
Кремль в Измайлово.,архитектура,Москва,,"(Decimal('37.793822'), Decimal('55.777763'))"
Ворота крепости Гезлев,архитектура,Республика Крым,Евпатория,"(Decimal('33.367634'), Decimal('45.190629'))"
Крестьянский Земельный Банк,архитектура,Нижегородская область,Нижний Новгород,"(Decimal('44.006516'), Decimal('56.326797'))"
круглое здание,архитектура,Белгородская область,Головчино,"(Decimal('35.801664'), Decimal('50.534347'))"
Кругобайкальская железная дорога,архитектура,Иркутская область,Слюдянка,"(Decimal('103.729867'), Decimal('51.658512'))"
Кувшиновское подворье,архитектура,Амурская область,Благовещенск,"(Decimal('127.527173'), Decimal('50.29064'))"
Культурно-исторический комплекс «Царовококшайский Кремль».,архитектура,Республика Марий Эл,Йошкар-Ола,"(Decimal('47.886178'), Decimal('56.631595'))"
Кунгурское техническое училище имени Губкина.,архитектура,Пермь,Кунгур,Not found
Торговая палата XVII века.,архитектура,Владимирская область,Гороховец,Not found
Журнал курганного барсука,архитектура,Республика Хакасия,Москва,"(Decimal('91.106121'), Decimal('53.928477'))"
Кыз-Кермен и Тепе-Кермен,архитектура,Республика Крым,стоянка,"(Decimal('33.923233'), Decimal('44.699'))"
Лазаревские казармы,архитектура,Севастополь,,"(Decimal('33.525369'), Decimal('44.616604'))"
Ландшафтный сквер &quot;Дворянское гнездо&quot;,архитектура,Орловская область,Орел,"(Decimal('36.05268'), Decimal('52.967176'))"
птичий дом,архитектура,Республика Крым,Хаспра,"(Decimal('34.128534'), Decimal('44.431153'))"
Ленинградский вокзал,архитектура,Москва,,"(Decimal('37.655212'), Decimal('55.776451'))"
Лермонтова галерея,архитектура,Ставропольский край,Пятигорск,"(Decimal('43.06448'), Decimal('44.062594'))"
Лермонтовская площадка в Кисловодске.,архитектура,Ставропольский край,Кисловодск,"(Decimal('42.73788'), Decimal('43.868615'))"
литературный дом,архитектура,Санкт-Петербург,Санкт-Петербург,"(Decimal('30.278606'), Decimal('59.958525'))"
Лютеранская церковь Какисалми,архитектура,Ленинградская область,Приозерск,"(Decimal('30.102797'), Decimal('61.035748'))"
Московский государственный университет. М.В. Ломоносов,архитектура,Москва,,"(Decimal('37.900479'), Decimal('55.414348'))"
мавзолей Азиса,архитектура,Республика Крым,,"(Decimal('33.993751'), Decimal('45.389194'))"
Мавзолей Борг-Кас,архитектура,Республика Ингушетия,Плиев,"(Decimal('44.83585'), Decimal('43.285444'))"
Магазин А.Ф. Паклевского-Козелла,архитектура,Тюменская область,Тюмень,"(Decimal('65.534328'), Decimal('57.153033'))"
Магазин МТ Гурикова,архитектура,Амурская область,Благовещенск,"(Decimal('127.527173'), Decimal('50.29064'))"
Магазин ПП Клабукова,архитектура,Кировская область,Киров,"(Decimal('49.668014'), Decimal('58.603591'))"
Магазин С. И. Иванова,архитектура,Тюменская область,Тюмень,"(Decimal('65.534328'), Decimal('57.153033'))"
Купец магазина И.С. Кардаков,архитектура,Кировская область,Киров,"(Decimal('49.668014'), Decimal('58.603591'))"
"Магазин торгового дома ""Г.П.Косицыны сыновья""",архитектура,Амурская область,Благовещенск,"(Decimal('127.599587'), Decimal('50.366046'))"
Магазины товарищества «Братья Малаховы» и Торгового Дома «В. Алексеев и его сыновья»,архитектура,Амурская область,Благовещенск,"(Decimal('127.527173'), Decimal('50.29064'))"
Майкопское жандармское управление,архитектура,Республика Адыгея,Майкоп,"(Decimal('40.098548'), Decimal('44.608865'))"
Макет «Архитектурные миниатюры»,архитектура,Смоленская область,Смоленск,"(Decimal('32.045251'), Decimal('54.782635'))"
Малая серия муки,архитектура,Костромская область,Кострома,"(Decimal('40.924792'), Decimal('57.767568'))"
Малый Мраморный Дворец,архитектура,Санкт-Петербург,Санкт-Петербург,"(Decimal('30.297668'), Decimal('59.929263'))"
Малый Гостиный Двор,архитектура,Пермь,Кунгур,"(Decimal('56.944206'), Decimal('57.42881'))"
Мандала – священный дворец из песка,архитектура,Республика Калмыкия,,Not found
Манеж Кадетского корпуса,архитектура,Санкт-Петербург,Санкт-Петербург,"(Decimal('30.383871'), Decimal('59.969628'))"
Манежная площадь,архитектура,Санкт-Петербург,Санкт-Петербург,"(Decimal('30.340329'), Decimal('59.935899'))"
"Мануфактурный магазин ""Лыжотян""",архитектура,Амурская область,Благовещенск,"(Decimal('127.527173'), Decimal('50.29064'))"
Мариинская больница,архитектура,Санкт-Петербург,Санкт-Петербург,"(Decimal('30.323216'), Decimal('59.879823'))"
Мариинский женский институт,архитектура,Нижегородская область,Нижний Новгород,"(Decimal('44.006516'), Decimal('56.326797'))"
нефтяные ряды,архитектура,Костромская область,Кострома,"(Decimal('40.924792'), Decimal('57.767568'))"
Руководства по ремонту,архитектура,Кировская область,Киров,"(Decimal('49.668014'), Decimal('58.603591'))"
Маяк,архитектура,Республика Дагестан,Махачкала,"(Decimal('47.548583'), Decimal('42.938921'))"
стан Калашникова,архитектура,Ярославская область,Рыбинск,"(Decimal('38.858406'), Decimal('58.048454'))"
Мельница и усадьба Борель,архитектура,Волгоградская область,мануфактура,"(Decimal('44.687727'), Decimal('50.81906'))"
Торговая мельница Барков,архитектура,Белгородская область,Новоивановка,"(Decimal('37.77264'), Decimal('50.920639'))"
Мельницы-столбовки в Кимже,архитектура,Архангельская область,Кимджа,"(Decimal('44.038523'), Decimal('64.928708'))"
Мемориал «Лысая гора».,архитектура,Волгоградская область,,"(Decimal('44.395334'), Decimal('48.642053'))"
Мемориальная арка Дружбы,архитектура,Кабардино-Балкарская Республика,Нальчик,"(Decimal('43.646166'), Decimal('43.500209'))"
Плакетка Есенину С.А.,архитектура,Санкт-Петербург,Санкт-Петербург,"(Decimal('28.993566'), Decimal('59.490493'))"
Мемориальное кладбище русских и немецких солдат в Россошке.,архитектура,Волгоградская область,,Not found
Мемориальный дом-музей художника Ивана Крылова.,архитектура,Ростовская область,Новочеркасск,"(Decimal('40.093725'), Decimal('47.422052'))"
Мемориальный комплекс «Солдатское поле».,архитектура,Волгоградская область,городище,"(Decimal('44.476192'), Decimal('48.809658'))"
Место дуэли Пушкина,архитектура,Санкт-Петербург,Санкт-Петербург,"(Decimal('30.315868'), Decimal('59.939095'))"
Мещанская полиция часть пожарной каланчи,архитектура,Воронежская область,Воронеж,"(Decimal('41.09222'), Decimal('51.354306'))"
"Миллионная улица, 4",архитектура,Санкт-Петербург,Санкт-Петербург,"(Decimal('30.325354'), Decimal('59.943931'))"
Министерство иностранных дел,архитектура,Москва,,Not found
Михаило-Антонино-Кирилловский сыропитательный дом,архитектура,Пермь,Кунгур,"(Decimal('56.944206'), Decimal('57.42881'))"
Михайловская башня,архитектура,Псковская область,Псков,"(Decimal('28.35172'), Decimal('57.818775'))"
Михайловский (Инженерный) замок,архитектура,Санкт-Петербург,Санкт-Петербург,"(Decimal('30.294201'), Decimal('59.899816'))"
Современный архитектурный облик Москвы.,архитектура,Москва,,"(Decimal('37.559838'), Decimal('55.85864'))"
Мозаика «Человек и космос»,архитектура,Санкт-Петербург,Санкт-Петербург,"(Decimal('29.864896'), Decimal('60.657065'))"
Мозаика на здании ФСБ,архитектура,Алтайский край,Барнаул,Not found
Духовный молитвенный дом христиан (молокане),архитектура,Амурская область,Благовещенск,"(Decimal('128.13341'), Decimal('51.689398'))"
Москва-Сити,архитектура,Москва,,"(Decimal('37.542581'), Decimal('55.74975'))"
Московская застава,архитектура,Костромская область,Кострома,"(Decimal('40.877945'), Decimal('57.749225'))"
Московская область,архитектура,Санкт-Петербург,Санкт-Петербург,"(Decimal('30.323144'), Decimal('59.852154'))"
Московское почтовое отделение,архитектура,Москва,,"(Decimal('37.346551'), Decimal('55.602144'))"
Мстиславская башня,архитектура,Псковская область,Псков,"(Decimal('28.332451'), Decimal('57.819274'))"
Мужская гимназия / Благовещенский государственный педагогический университет,архитектура,Амурская область,Благовещенск,"(Decimal('127.56334'), Decimal('50.264862'))"
Музей «Дом Машарова».,архитектура,Тюменская область,Тюмень,"(Decimal('65.551944'), Decimal('57.147653'))"
Музей «Литература. Искусство. XX век»,архитектура,Вологодская область,Вологда,Not found
Музей «Тульский Кремль».,архитектура,Тульская область,Тула,"(Decimal('37.576169'), Decimal('54.177369'))"
Музей «Усадьба князя Голицына».,архитектура,Пермь,Усолье,Not found
Музей горчицы,архитектура,Волгоградская область,,"(Decimal('44.151406'), Decimal('49.615821'))"
Музей деревянного зодчества,архитектура,Владимирская область,Суздаль,"(Decimal('40.449457'), Decimal('56.419836'))"
Музей обороны Царицыно-Сталинграда,архитектура,Волгоградская область,Волгоград,"(Decimal('44.541373'), Decimal('48.749066'))"
Музей «Нижегородская острог»,архитектура,Нижегородская область,Нижний Новгород,"(Decimal('44.000336'), Decimal('56.323498'))"
Музей «Старая Сарепта». вдовий дом,архитектура,Волгоградская область,Волгоград,"(Decimal('44.510435'), Decimal('48.522621'))"
Музей «Старая Сарепта». винокуренный завод,архитектура,Волгоградская область,Волгоград,"(Decimal('44.510435'), Decimal('48.522621'))"
Музей «Старая Сарепта». Дом Беккера,архитектура,Волгоградская область,Волгоград,"(Decimal('44.510435'), Decimal('48.522621'))"
Музей «Старая Сарепта». дом Лангерфельда,архитектура,Волгоградская область,Волгоград,"(Decimal('44.510435'), Decimal('48.522621'))"
Музей «Старая Сарепта». Дом Риттер-Амель,архитектура,Волгоградская область,Волгоград,"(Decimal('44.510435'), Decimal('48.522621'))"
Музей «Старая Сарепта». домашняя аптекарь,архитектура,Волгоградская область,Волгоград,"(Decimal('44.510435'), Decimal('48.522621'))"
Музей «Старая Сарепта». Дом богатого колониста,архитектура,Волгоградская область,Волгоград,"(Decimal('44.516948'), Decimal('48.707067'))"
Музей «Старая Сарепта». Жилой дом со свечной мастерской,архитектура,Волгоградская область,Волгоград,"(Decimal('44.516948'), Decimal('48.707067'))"
Музей «Старая Сарепта». Дом жилой и кондитерский,архитектура,Волгоградская область,Волгоград,"(Decimal('44.487304'), Decimal('48.685469'))"
Музей «Старая Сарепта». домашний колонист,архитектура,Волгоградская область,Волгоград,"(Decimal('44.510435'), Decimal('48.522621'))"
Музей «Старая Сарепта». Дом незамужних сестер,архитектура,Волгоградская область,Волгоград,"(Decimal('44.516948'), Decimal('48.707067'))"
Музей «Старая Сарепта». Мансэ,архитектура,Волгоградская область,Волгоград,"(Decimal('44.510435'), Decimal('48.522621'))"
Музей «Старая Сарепта». Колонист жилого дома,архитектура,Волгоградская область,Волгоград,"(Decimal('44.516948'), Decimal('48.707067'))"
Музей «Старая Сарепта». Стабильный,архитектура,Волгоградская область,Волгоград,"(Decimal('44.510435'), Decimal('48.522621'))"
Музей «Старая Сарепта». гостиница,архитектура,Волгоградская область,Волгоград,"(Decimal('44.503348'), Decimal('48.535527'))"
Музей «Старая Сарепта». склады Кноблох,архитектура,Волгоградская область,Волгоград,"(Decimal('44.510435'), Decimal('48.522621'))"
Музей «Старая Сарепта». Торговый магазин Гольдбах,архитектура,Волгоградская область,Волгоград,"(Decimal('44.516948'), Decimal('48.707067'))"
Музей «Старая Сарепта». общественный совет,архитектура,Волгоградская область,Волгоград,"(Decimal('44.510435'), Decimal('48.522621'))"
Музей-панорама «Сталинградская битва».,архитектура,Волгоградская область,,Not found
Музей-усадьба В.П. Сукачева,архитектура,Иркутская область,Иркутск,"(Decimal('104.263125'), Decimal('52.287654'))"
Музей-усадьба Д. Веневитинова,архитектура,Воронежская область,Новоживотинное,"(Decimal('39.174029'), Decimal('51.883934'))"
Музей-усадьба Льва Толстого,архитектура,Самарская область,Самара,"(Decimal('50.077017'), Decimal('53.177667'))"
Музейный комплекс «Дом» (здание общественного места),архитектура,Владимирская область,Владимир,"(Decimal('40.406635'), Decimal('56.129057'))"
Мурманская железная дорога,архитектура,Республика Карелия,,"(Decimal('34.333386'), Decimal('61.80195'))"
Мука Гостиный Двор,архитектура,Ярославская область,Рыбинск,"(Decimal('38.858406'), Decimal('58.048454'))"
Мытный двор,архитектура,Ярославская область,Ростов,"(Decimal('39.414526'), Decimal('57.185866'))"
Набережная Фонтанки,архитектура,Санкт-Петербург,Санкт-Петербург,"(Decimal('30.310352'), Decimal('59.920321'))"
Нарзанная галерея,архитектура,Ставропольский край,Кисловодск,"(Decimal('42.716796'), Decimal('43.905225'))"
Народный дом,архитектура,Амурская область,Благовещенск,"(Decimal('128.13341'), Decimal('51.689398'))"
Национальный дом им. А.С. Пушкин,архитектура,Приморский край,Владивосток,"(Decimal('131.919486'), Decimal('43.128216'))"
Научная библиотека имени Н.И. Лобачевского,архитектура,Республика Татарстан,Казань,"(Decimal('49.121596'), Decimal('55.7947'))"
Нахимовское военно-морское училище,архитектура,Санкт-Петербург,Санкт-Петербург,"(Decimal('29.512846'), Decimal('60.398299'))"
Невьянская падающая башня,архитектура,Свердловская область,Невьянск,"(Decimal('60.218251'), Decimal('57.491225'))"
Некрополь художников,архитектура,Санкт-Петербург,Санкт-Петербург,"(Decimal('30.331652'), Decimal('59.937278'))"
Нижегородская биржа,архитектура,Нижегородская область,Нижний Новгород,"(Decimal('43.986116'), Decimal('56.321112'))"
Нижегородский Кремль,архитектура,Нижегородская область,Нижний Новгород,"(Decimal('44.002833'), Decimal('56.328619'))"
Николаевская Триумфальная Арка,архитектура,Приморский край,Владивосток,"(Decimal('131.885485'), Decimal('43.115536'))"
Никольская башня Нижегородского кремля.,архитектура,Нижегородская область,Нижний Новгород,Not found
Никольская надвратная башня,архитектура,Смоленская область,Смоленск,"(Decimal('32.063289'), Decimal('54.777666'))"
Новая Зерновая Биржа,архитектура,Ярославская область,Рыбинск,"(Decimal('38.80369'), Decimal('58.060721'))"
Новгородский Кремль,архитектура,Новгородская область,Новгород,"(Decimal('31.275619'), Decimal('58.521518'))"
Новобиржевой Гостиный Двор,архитектура,Санкт-Петербург,Санкт-Петербург,"(Decimal('30.332756'), Decimal('59.934064'))"
Новодевичье кладбище,архитектура,Санкт-Петербург,Санкт-Петербург,"(Decimal('30.325525'), Decimal('59.897442'))"
Нойхаузен,архитектура,Калининградская область,Гурьевск,"(Decimal('20.586898'), Decimal('54.780423'))"
Частный дом Бугрова,архитектура,Нижегородская область,Нижний Новгород,"(Decimal('43.982909'), Decimal('56.31231'))"
Обелиск Петру I,архитектура,Липецкая область,Липецк,"(Decimal('39.59922'), Decimal('52.60882'))"
Обнинская метеорологическая мачта,архитектура,Калужская область,Обнинск,"(Decimal('36.586531'), Decimal('55.11201'))"
Оборонительные башни Габисова,архитектура,Республика Северная Осетия - Алания,,Not found
Забор Барнаульского высшего военного авиационного училища,архитектура,Алтайский край,Барнаул,"(Decimal('83.776856'), Decimal('53.346785'))"
Районный суд,архитектура,Нижегородская область,Нижний Новгород,"(Decimal('44.006516'), Decimal('56.326797'))"
Октябрьская площадь,архитектура,Свердловская область,Екатеринбург,"(Decimal('60.59601'), Decimal('56.842251'))"
Октябрьская баня,архитектура,Ставропольский край,Кисловодск,"(Decimal('42.716796'), Decimal('43.905225'))"
Омская государственная областная научная библиотека имени А.С. Пушкина,архитектура,Омская область,Омск,"(Decimal('73.386816'), Decimal('54.975315'))"
Омский кадетский корпус военный,архитектура,Омская область,Омск,"(Decimal('73.39464'), Decimal('54.954998'))"
Опочининская библиотека,архитектура,Ярославская область,Мышкин,"(Decimal('38.454587'), Decimal('57.786654'))"
Теплица Е.Крымова,архитектура,Ивановская область,Приволжск,"(Decimal('41.28083'), Decimal('57.380662'))"
Органный зал,архитектура,Красноярский край,,"(Decimal('95.968477'), Decimal('67.236779'))"
Оренбургская семинария,архитектура,Оренбургская область,Саракташ,"(Decimal('56.36526'), Decimal('51.7831'))"
Орловские торговые ряды,архитектура,Орловская область,Орел,"(Decimal('36.09606'), Decimal('52.932137'))"
Осиновецкий маяк,архитектура,Санкт-Петербург,Санкт-Петербург,"(Decimal('30.10233'), Decimal('59.78804'))"
Особняк А.И. Кекушевой,архитектура,Москва,,"(Decimal('37.596273'), Decimal('55.713152'))"
Особняк Арсения Морозова,архитектура,Москва,,"(Decimal('37.573824'), Decimal('55.757009'))"
особняк Бриннера,архитектура,Приморский край,Владивосток,"(Decimal('131.885485'), Decimal('43.115536'))"
Особняк Викулова Морозова Бараша,архитектура,Москва,,Not found
Особняк Г.Ф. Флери,архитектура,Томская область,Томск,"(Decimal('84.947649'), Decimal('56.48464'))"
особняк Глебова,архитектура,Москва,,"(Decimal('37.617635'), Decimal('55.755814'))"
Особняк Е.А. Семеновой,архитектура,Свердловская область,Екатеринбург,"(Decimal('60.565342'), Decimal('56.845884'))"
Особняк И.И. Сидорова,архитектура,Воронежская область,Нижнедевик,Not found
Особняк Кочубей,архитектура,Санкт-Петербург,Санкт-Петербург,"(Decimal('30.315868'), Decimal('59.939095'))"
Особняк Кушелева-Безбородко,архитектура,Санкт-Петербург,Санкт-Петербург,"(Decimal('30.315868'), Decimal('59.939095'))"
Особняк Петра Демидова,архитектура,Санкт-Петербург,Санкт-Петербург,"(Decimal('30.325336'), Decimal('59.969866'))"
особняк Плотникова,архитектура,Саратовская область,Саратов,"(Decimal('46.034158'), Decimal('51.533103'))"
Особняк Половцова (дом архитектора),архитектура,Санкт-Петербург,Санкт-Петербург,"(Decimal('30.315868'), Decimal('59.939095'))"
особняк Рябушинского,архитектура,Москва,,"(Decimal('37.617635'), Decimal('55.755814'))"
особняк Селиванова,архитектура,Ярославская область,Ростов,"(Decimal('39.414526'), Decimal('57.185866'))"
Особняк Спиридонова (Дворец &quot;Малютка&quot;),архитектура,Санкт-Петербург,Санкт-Петербург,"(Decimal('30.315868'), Decimal('59.939095'))"
особняк Суркова,архитектура,Архангельская область,Архангельск,"(Decimal('40.515753'), Decimal('64.539911'))"
Особняк Т.Ф. Булычевой,архитектура,Кировская область,Киров,Not found
Особняк Щербакова,архитектура,Пермь,Кунгур,"(Decimal('56.944206'), Decimal('57.42881'))"
Особняк Ю. А. Прозорова,архитектура,Кировская область,Киров,"(Decimal('49.694316'), Decimal('58.506848'))"
Особняк военного министра,архитектура,Санкт-Петербург,Санкт-Петербург,"(Decimal('30.315868'), Decimal('59.939095'))"
Особняк княгини Долгорукой.,архитектура,Санкт-Петербург,Санкт-Петербург,"(Decimal('30.315868'), Decimal('59.939095'))"
Особняк большого хлеботорговца М. М. Полежаева (дом купца Мальгинова),архитектура,Ярославская область,Ростов,"(Decimal('39.414526'), Decimal('57.185866'))"
Особняк купца Г.М. Голованова (Русско-Немецкий дом),архитектура,Томская область,Томск,"(Decimal('84.947649'), Decimal('56.48464'))"
Особняк купчихи Иконниковой,архитектура,Нижегородская область,Нижний Новгород,"(Decimal('44.006516'), Decimal('56.326797'))"
Особняк купца Кузнецова.,архитектура,Пермь,Кунгур,"(Decimal('56.944206'), Decimal('57.42881'))"
Особняк купца Маркова,архитектура,Нижегородская область,Нижний Новгород,"(Decimal('44.006516'), Decimal('56.326797'))"
Особняк вдовы М.Д. Жернаковой,архитектура,Новосибирская область,Новосибирск,"(Decimal('82.92043'), Decimal('55.030199'))"
Усадьба мещанина П. Ф. Блинова,архитектура,Свердловская область,Екатеринбург,Not found
Особняк последнего ростовского главы А.Х.Оппеля,архитектура,Ярославская область,Ростов,Not found
Большой остров Муксалма,архитектура,Архангельская область,Соловецкий,"(Decimal('35.954917'), Decimal('65.035527'))"
остров Кий,архитектура,Архангельская область,Онега,"(Decimal('37.890193'), Decimal('63.99962'))"
остров Людникова,архитектура,Волгоградская область,,"(Decimal('44.151406'), Decimal('49.615821'))"
Филиал Сибирского коммерческого банка/Генеральная дирекция Центрального банка Российской Федерации,архитектура,Амурская область,Благовещенск,"(Decimal('127.527173'), Decimal('50.29064'))"
Павильон Венеры,архитектура,Ленинградская область,Гатчина,"(Decimal('30.104414'), Decimal('59.569335'))"
Павильон Росси,архитектура,Санкт-Петербург,Санкт-Петербург,"(Decimal('30.335155'), Decimal('59.945585'))"
Павильон общественных колодцев,архитектура,Республика Бурятия,,Not found
склады,архитектура,Санкт-Петербург,Санкт-Петербург,"(Decimal('30.315868'), Decimal('59.939095'))"
Камерный Аверкий Кириллов,архитектура,Москва,,Not found
Палата Коробова в Калуге,архитектура,Калужская область,Калуга,"(Decimal('36.167539'), Decimal('54.53284'))"
Палата Макарова в Калуге,архитектура,Калужская область,Калуга,"(Decimal('36.167539'), Decimal('54.53284'))"
Палата Меньшикова,архитектура,Псковская область,Псков,"(Decimal('28.332451'), Decimal('57.819274'))"
Палата Подзноева,архитектура,Псковская область,Псков,"(Decimal('28.332451'), Decimal('57.819274'))"
Палата Пушникова,архитектура,Нижегородская область,Нижний Новгород,"(Decimal('44.006516'), Decimal('56.326797'))"
Камерный Строганов,архитектура,Пермь,Усолье,"(Decimal('56.683757'), Decimal('59.427847'))"
Камерный дворец князей,архитектура,Ярославская область,Углич,Not found
Дом купца А. Ф. Олисовой,архитектура,Нижегородская область,Нижний Новгород,Not found
Камерная соколиная башня,архитектура,Псковская область,Псков,"(Decimal('28.332451'), Decimal('57.819274'))"
Памятник «Кадарчия».,архитектура,Республика Тыва,красный,"(Decimal('94.437757'), Decimal('51.719086'))"
Памятник «Счастливая семья».,архитектура,Республика Марий Эл,,"(Decimal('48.032038'), Decimal('56.622821'))"
Памятник Александру Пушкину,архитектура,Республика Марий Эл,Йошкар-Ола,"(Decimal('47.886178'), Decimal('56.631595'))"
Памятник Г.К. Жукову,архитектура,Волгоградская область,Волгоград,"(Decimal('44.516948'), Decimal('48.707067'))"
Памятник Петру и Февронии,архитектура,Волгоградская область,Волгоград,Not found
Памятник Саше Филиппову,архитектура,Волгоградская область,Волгоград,"(Decimal('44.516948'), Decimal('48.707067'))"
Памятник губернатору князю Ивану Андреевичу Оболенскому-Ноготкову,архитектура,Республика Марий Эл,Йошкар-Ола,"(Decimal('47.886178'), Decimal('56.631595'))"
Памятник Героям обороны Царицына красный,архитектура,Волгоградская область,,Not found
Памятник деревянного зодчества на улице Чаплыгина.,архитектура,Новосибирская область,Новосибирск,"(Decimal('82.92043'), Decimal('55.030199'))"
Памятник жертвам Сталинградской битвы в селе Песчанка.,архитектура,Волгоградская область,,"(Decimal('44.151406'), Decimal('49.615821'))"
Памятник мирным жителям,архитектура,Волгоградская область,Волгоград,"(Decimal('44.516948'), Decimal('48.707067'))"
Памятник морякам-Североморск,архитектура,Волгоградская область,,"(Decimal('44.151406'), Decimal('49.615821'))"
Памятник первому учителю,архитектура,Волгоградская область,Волгоград,"(Decimal('44.524656'), Decimal('48.76423'))"
отверстие для памятника,архитектура,Санкт-Петербург,Санкт-Петербург,"(Decimal('30.315868'), Decimal('59.939095'))"
Памятник Святым Петру и Февронии,архитектура,Республика Марий Эл,Йошкар-Ола,Not found
Памятник Собачьему отряду,архитектура,Волгоградская область,,"(Decimal('44.151406'), Decimal('49.615821'))"
Памятный знак в честь принятия волжскими булгарами ислама в 922 году.,архитектура,Республика Татарстан,Болгария,"(Decimal('49.030354'), Decimal('54.974917'))"
Парковая усадьба «Апалиха»,архитектура,Пензенская область,,"(Decimal('43.68112'), Decimal('52.954082'))"
Парк-Усадьба Еропкина,архитектура,Калужская область,Грабцево,"(Decimal('36.371241'), Decimal('54.565342'))"
Товарищество паровых мельниц «Братья Н. и М. Саяпиные»,архитектура,Амурская область,Благовещенск,Not found
Паровая мельница Юров,архитектура,Оренбургская область,Оренбург,"(Decimal('55.226169'), Decimal('51.768478'))"
Пассаж Сан Галли,архитектура,Москва,,"(Decimal('37.617635'), Decimal('55.755814'))"
Пассаж и палата Любимова,архитектура,Пермь,Пермский,"(Decimal('56.229434'), Decimal('58.01045'))"
Патриаршая область,архитектура,Республика Марий Эл,Йошкар-Ола,"(Decimal('47.907118'), Decimal('56.636744'))"
Дневная зона,архитектура,Республика Хакасия,Абакан,"(Decimal('91.442396'), Decimal('53.721002'))"
Перекресток миров,архитектура,Алтайский край,,"(Decimal('82.530013'), Decimal('52.129671'))"
Пермские ворота,архитектура,Пермь,Пермский,"(Decimal('56.229434'), Decimal('58.01045'))"
Пермский государственный университет (ПСНРУ),архитектура,Пермь,Пермский,"(Decimal('56.65237'), Decimal('58.052012'))"
Пермь I,архитектура,Пермь,Пермский,"(Decimal('56.229434'), Decimal('58.01045'))"
Петровская башня,архитектура,Псковская область,Псков,"(Decimal('28.316703'), Decimal('57.816561'))"
Петровский дворец,архитектура,Москва,,"(Decimal('37.617294'), Decimal('55.76761'))"
пещера Окладникова,архитектура,Алтайский край,Сибирячиха,"(Decimal('84.052487'), Decimal('51.746808'))"
Пивной медоваренный завод. Б. Хампля,архитектура,Курганская область,Курган,"(Decimal('65.367717'), Decimal('55.405491'))"
Пивоварня Майкоп,архитектура,Республика Адыгея,Майкоп,Not found
Пионерская площадь,архитектура,Санкт-Петербург,Санкт-Петербург,"(Decimal('30.333349'), Decimal('59.920929'))"
Питейный дом (Приказной подвал),архитектура,Кировская область,Киров,"(Decimal('49.594567'), Decimal('58.508738'))"
Городской пруд плотины в Екатеринбурге,архитектура,Свердловская область,Екатеринбург,"(Decimal('60.55387'), Decimal('57.366851'))"
Плотина городского пруда,архитектура,Свердловская область,Каменск-Уральский,"(Decimal('62.00023'), Decimal('56.358891'))"
Площадь 1905 года,архитектура,Свердловская область,Екатеринбург,"(Decimal('60.596971'), Decimal('56.837805'))"
Площадь 50-летия СССР.,архитектура,Иркутская область,Иркутск,"(Decimal('104.309263'), Decimal('52.265387'))"
Район «Пять Углов»,архитектура,Мурманская область,Мурманск,"(Decimal('33.074208'), Decimal('68.970395'))"
район Арата,архитектура,Республика Тыва,красный,"(Decimal('94.438718'), Decimal('51.720169'))"
Арбат район,архитектура,Республика Тыва,красный,"(Decimal('94.437757'), Decimal('51.719086'))"
Революция бойцов района,архитектура,Тюменская область,Тюмень,"(Decimal('65.528785'), Decimal('57.159795'))"
Площадь Дружбы Народов,архитектура,Республика Мордовия,Саранск,"(Decimal('45.188627'), Decimal('54.178133'))"
Кировский район (район графа Сперанского),архитектура,Иркутская область,Иркутск,"(Decimal('104.280552'), Decimal('52.289533'))"
Площадь Ленина,архитектура,Республика Марий Эл,Йошкар-Ола,"(Decimal('47.890823'), Decimal('56.630887'))"
Площадь Ленина,архитектура,Курганская область,Курган,"(Decimal('65.341513'), Decimal('55.440728'))"
Площадь Ленина в Ельце.,архитектура,Липецкая область,Елец,"(Decimal('38.500122'), Decimal('52.622145'))"
Университетская территория,архитектура,Санкт-Петербург,Санкт-Петербург,"(Decimal('30.334643'), Decimal('59.928888'))"
"Район Марад, Это",архитектура,Ненецкий автономный округ,Нарьян-Мар,"(Decimal('53.005066'), Decimal('67.639552'))"
Площадь Островского,архитектура,Санкт-Петербург,Санкт-Петербург,"(Decimal('30.33661'), Decimal('59.932662'))"
район Партизан,архитектура,Брянская область,Брянск,"(Decimal('34.353795'), Decimal('53.23468'))"
Площадь Растрелли,архитектура,Санкт-Петербург,Санкт-Петербург,"(Decimal('30.391264'), Decimal('59.948947'))"
Площадь Республики и Пресвятая Богородица,архитектура,Республика Марий Эл,Йошкар-Ола,"(Decimal('47.903597'), Decimal('56.633442'))"
Площадь Свободы,архитектура,Самарская область,Тольятти,"(Decimal('49.409604'), Decimal('53.51295'))"
районные советы,архитектура,Республика Бурятия,,"(Decimal('107.584754'), Decimal('51.834653'))"
Конкорд,архитектура,Кемеровская область,Междуреченск,"(Decimal('88.074496'), Decimal('53.687524'))"
область труда,архитектура,Иркутская область,Иркутск,"(Decimal('104.286877'), Decimal('52.287103'))"
Площадь Тысячелетия,архитектура,Республика Мордовия,Саранск,"(Decimal('45.183929'), Decimal('54.187238'))"
район Чекистов,архитектура,Волгоградская область,Волгоград,"(Decimal('44.505764'), Decimal('48.701383'))"
Район Сахарова,архитектура,Санкт-Петербург,Санкт-Петербург,"(Decimal('30.297264'), Decimal('59.943476'))"
"Площадь Героев, Стратонавц",архитектура,Республика Мордовия,Саранск,"(Decimal('45.1894'), Decimal('54.195851'))"
Площадь их. Оболенского-Ноготкова,архитектура,Республика Марий Эл,,"(Decimal('47.886681'), Decimal('56.631466'))"
Площадь имени В.П. Никонова.,архитектура,Республика Марий Эл,Йошкар-Ола,"(Decimal('47.901081'), Decimal('56.63412'))"
Район имени И.А.Оболенского-Ноготкова,архитектура,Республика Марий Эл,Йошкар-Ола,"(Decimal('47.886681'), Decimal('56.631466'))"
Идентификатор названия местности Бухгольц,архитектура,Омская область,Омск,"(Decimal('73.372946'), Decimal('54.980735'))"
Площадь Кирова,архитектура,Свердловская область,Екатеринбург,"(Decimal('60.650277'), Decimal('56.843555'))"
Площадь Искусств,архитектура,Санкт-Петербург,Санкт-Петербург,"(Decimal('30.331652'), Decimal('59.937278'))"
Площадь Свободы в Тихвине.,архитектура,Ленинградская область,Тихвин,"(Decimal('33.512568'), Decimal('59.645473'))"
Площадь трёх храмов,архитектура,Нижегородская область,Нижний Новгород,"(Decimal('44.006516'), Decimal('56.326797'))"
Подворье Толгского монастыря,архитектура,Ярославская область,Рыбинск,"(Decimal('38.858406'), Decimal('58.048454'))"
подпорные стены,архитектура,Приморский край,Владивосток,"(Decimal('131.885485'), Decimal('43.115536'))"
Пожарная башня,архитектура,Пензенская область,кроры,"(Decimal('44.6081'), Decimal('53.440114'))"
Пожарная башня,архитектура,Республика Коми,Сыктывкар,"(Decimal('50.836399'), Decimal('61.668793'))"
Пожарная башня,архитектура,Омская область,Омск,"(Decimal('73.368212'), Decimal('54.989342'))"
Пожарная башня,архитектура,Курганская область,,"(Decimal('64.809405'), Decimal('55.448347'))"
Пожарная башня,архитектура,Костромская область,Кострома,"(Decimal('40.926858'), Decimal('57.767961'))"
Пожарная башня,архитектура,Ярославская область,Углич,"(Decimal('38.319372'), Decimal('57.526592'))"
Пожарная башня,архитектура,Республика Адыгея,Майкоп,"(Decimal('40.098548'), Decimal('44.608865'))"
Пожарная вышка (Пожарная часть со сторожевой вышкой),архитектура,Ярославская область,Рыбинск,"(Decimal('38.858406'), Decimal('58.048454'))"
Пожарная каланча в Советске.,архитектура,Кировская область,Советск,Not found
Пожарная башня. колокольня церкви Воздвижения Креста Господня,архитектура,Ярославская область,Ростов,"(Decimal('39.414526'), Decimal('57.185866'))"
Пожарная часть Благовещенска,архитектура,Амурская область,Благовещенск,"(Decimal('127.527173'), Decimal('50.29064'))"
Пожарная часть №1,архитектура,Республика Башкортостан,Уфа,"(Decimal('57.586097'), Decimal('54.504274'))"
Покровская башня,архитектура,Псковская область,Псков,"(Decimal('27.7895'), Decimal('57.464804'))"
Поморское село Ворзогоры,архитектура,Архангельская область,Ворзогоры,"(Decimal('37.869217'), Decimal('63.86329'))"
Пороховая башня Нижегородского кремля.,архитектура,Нижегородская область,Нижний Новгород,Not found
Посадский дом,архитектура,Владимирская область,Суздаль,"(Decimal('40.396259'), Decimal('56.479217'))"
Почтовое отделение,архитектура,Тюменская область,Тюмень,"(Decimal('65.484049'), Decimal('57.161903'))"
почтовый дом,архитектура,Ленинградская область,,"(Decimal('29.608975'), Decimal('59.337013'))"
Президентская библиотека,архитектура,Санкт-Петербург,,"(Decimal('30.315868'), Decimal('59.939095'))"
привокзальная площадь,архитектура,Волгоградская область,Волгоград,"(Decimal('44.514397'), Decimal('48.712162'))"
Приморский парк,архитектура,Ростовская область,Цимлянский,"(Decimal('42.11214'), Decimal('47.638832'))"
Производственный корпус Екатеринбургского нефтеперерабатывающего завода,архитектура,Свердловская область,Екатеринбург,"(Decimal('60.594339'), Decimal('56.857249'))"
Псковский Кремль,архитектура,Псковская область,Псков,"(Decimal('28.328992'), Decimal('57.822112'))"
Путевой дворец в селе Коростинь.,архитектура,Новгородская область,Коростын,"(Decimal('30.976085'), Decimal('58.189503'))"
Пушкинская галерея,архитектура,Ставропольский край,Железноводск,"(Decimal('43.030533'), Decimal('44.132058'))"
пять углов,архитектура,Санкт-Петербург,Санкт-Петербург,"(Decimal('30.342539'), Decimal('59.926188'))"
Реальная школа,архитектура,Республика Адыгея,,"(Decimal('40.252969'), Decimal('44.429866'))"
Рентерейя,архитектура,Тюменская область,Тобольск,"(Decimal('68.253762'), Decimal('58.201698'))"
Ресторан «Бочка»,архитектура,Кабардино-Балкарская Республика,Нальчик,"(Decimal('43.607072'), Decimal('43.485259'))"
Ресторан «Маяк»,архитектура,Волгоградская область,Волгоград,"(Decimal('44.448523'), Decimal('48.436277'))"
Ресторация (Клиника ГНИИ курортологии),архитектура,Ставропольский край,Пятигорск,"(Decimal('43.07084'), Decimal('44.03929'))"
Речной вокзал,архитектура,Нижегородская область,Нижний Новгород,"(Decimal('43.987858'), Decimal('56.329622'))"
Речной вокзал,архитектура,Красноярский край,Красноярск,"(Decimal('92.885486'), Decimal('56.008404'))"
Речной вокзал в Волгограде.,архитектура,Волгоградская область,Волгоград,"(Decimal('44.163829'), Decimal('48.584208'))"
Рижский вокзал,архитектура,Москва,,"(Decimal('37.632565'), Decimal('55.792746'))"
Акушерское отделение областной больницы,архитектура,Кировская область,Киров,"(Decimal('49.553326'), Decimal('58.371081'))"
Романовский музей,архитектура,Костромская область,Кострома,"(Decimal('40.93629'), Decimal('57.759872'))"
Ромодановский (Казанский) вокзал.,архитектура,Нижегородская область,Нижний Новгород,"(Decimal('44.006516'), Decimal('56.326797'))"
Национальная библиотека России,архитектура,Санкт-Петербург,Санкт-Петербург,"(Decimal('30.315868'), Decimal('59.939095'))"
Российский торгово-промышленный банк,архитектура,Санкт-Петербург,Санкт-Петербург,"(Decimal('30.472247'), Decimal('59.925958'))"
ротонда,архитектура,Севастополь,,"(Decimal('33.525369'), Decimal('44.616604'))"
Ротонда в Волгограде,архитектура,Волгоградская область,Волгоград,"(Decimal('44.513238'), Decimal('48.705319'))"
Румянцевский район,архитектура,Санкт-Петербург,Санкт-Петербург,"(Decimal('30.292719'), Decimal('59.938275'))"
Русские ворота,архитектура,Краснодарский край,Анапа,"(Decimal('37.31617'), Decimal('44.894965'))"
Саввинское подворье,архитектура,Москва,,"(Decimal('37.59719'), Decimal('55.630314'))"
Саяно-Шушенская ГЭС имени П.С. Непорожного,архитектура,Красноярский край,,Not found
"Свердловская обл., г. Екатеринбург, ул. Толмачева 13 / Пушкина, 12",архитектура,Свердловская область,,"(Decimal('60.610293'), Decimal('56.838213'))"
"Церковь Святого Николая, памятник жертвам политических репрессий",архитектура,Красноярский край,,Not found
Северная башня Нижегородского кремля.,архитектура,Нижегородская область,Нижний Новгород,"(Decimal('44.006516'), Decimal('56.326797'))"
Северный модерн в Москве.,архитектура,Москва,,"(Decimal('37.604717'), Decimal('55.667625'))"
Северный храм на городище Нижний Архыз.,архитектура,Карачаево-Черкесская Республика,Нижний Архыз,Not found
Сенатская площадь,архитектура,Санкт-Петербург,Санкт-Петербург,"(Decimal('30.302286'), Decimal('59.936453'))"
сенокос,архитектура,Санкт-Петербург,Санкт-Петербург,"(Decimal('30.318204'), Decimal('59.926905'))"
Сентинский комплекс,архитектура,Карачаево-Черкесская Республика,нижняя Теберда,"(Decimal('41.877356'), Decimal('43.63778'))"
Сигнально- сторожевая башня в селе Муни.,архитектура,Республика Дагестан,Муни,Not found
Сигнал и сторожевая вышка в селе Али-Кули,архитектура,Республика Дагестан,,Not found
Сигнал и сторожевая вышка в селе Анцух,архитектура,Республика Дагестан,Анкух,Not found
Сигнал и сторожевая вышка в деревне Балагита,архитектура,Республика Дагестан,,Not found
Сигнал и сторожевая вышка в селе Гебгуда,архитектура,Республика Дагестан,Гебгуда,Not found
Сигнал и сторожевая вышка в селе Гига,архитектура,Республика Дагестан,Джигме,Not found
Сигнал и сторожевая вышка в селе Кособ.,архитектура,Республика Дагестан,Косо,Not found
Сигнал и сторожевая вышка в селе Магитль,архитектура,Республика Дагестан,Магитл,Not found
Сигнал и сторожевая вышка в деревне Мазада,архитектура,Республика Дагестан,Мазада,Not found
Сигнал и сторожевая вышка в деревне Санта,архитектура,Республика Дагестан,,Not found
Сигнал и сторожевая вышка в селе Хо-Чох,архитектура,Республика Дагестан,,Not found
Синопская лестница,архитектура,Севастополь,,"(Decimal('33.525369'), Decimal('44.616604'))"
"Скульптура ""12 апостолов""",архитектура,Республика Марий Эл,Йошкар-Ола,Not found
Скульптурная композиция «Древо жизни».,архитектура,Республика Марий Эл,Йошкар-Ола,Not found
"Скульптура ""Чайка Ыван""",архитектура,Республика Марий Эл,Йошкар-Ола,Not found
"Скульптура ""Скамейка любви и верности""",архитектура,Республика Марий Эл,Йошкар-Ола,"(Decimal('47.886178'), Decimal('56.631595'))"
СИЗО «Кресты»,архитектура,Санкт-Петербург,Санкт-Петербург,"(Decimal('32.429487'), Decimal('60.038164'))"
Смоленское лютеранское кладбище,архитектура,Санкт-Петербург,Санкт-Петербург,"(Decimal('30.254953'), Decimal('59.950132'))"
Соборная колокольня (XVIII в.),архитектура,Архангельская область,Каргополь,"(Decimal('38.948669'), Decimal('61.503678'))"
Соборная колокольня в Усолье,архитектура,Пермь,Усолье,Not found
Соборная площадь,архитектура,Республика Мордовия,Саранск,"(Decimal('45.181513'), Decimal('54.182037'))"
Соборная площадь,архитектура,Омская область,Омск,"(Decimal('73.365149'), Decimal('54.99023'))"
Соборная площадь,архитектура,Свердловская область,Каменск-Уральский,"(Decimal('61.893447'), Decimal('56.418099'))"
Соборная площадь,архитектура,Тамбовская область,Тамбов,"(Decimal('41.457637'), Decimal('52.72723'))"
Советский (Ильянский) район,архитектура,Ярославская область,Ярославль,"(Decimal('39.894352'), Decimal('57.626766'))"
Советская площадь,архитектура,Республика Мордовия,Саранск,"(Decimal('45.186651'), Decimal('54.180868'))"
Соловецкий Кремль,архитектура,Архангельская область,,"(Decimal('35.709128'), Decimal('65.026802'))"
Солодовенный цех пивоварни,архитектура,Республика Адыгея,Майкоп,"(Decimal('40.098548'), Decimal('44.608865'))"
Спасо-Преображенский собор в Малодорах,архитектура,Архангельская область,,Not found
Спасо-Преображенский собор.,архитектура,Ярославская область,Углич,"(Decimal('38.319372'), Decimal('57.526592'))"
Спасская башня,архитектура,Республика Марий Эл,Йошкар-Ола,"(Decimal('47.886178'), Decimal('56.631595'))"
Спасская башня,архитектура,Смоленская область,Вязьма,"(Decimal('34.298037'), Decimal('55.205944'))"
"Спорткомплекс ""Динамо""",архитектура,Свердловская область,Екатеринбург,"(Decimal('60.597465'), Decimal('56.838011'))"
Средний храм на городище Нижний Архыз,архитектура,Карачаево-Черкесская Республика,Нижний Архыз,Not found
Сретенский педагогический колледж,архитектура,Забайкальский край,Сретенск,"(Decimal('117.71192'), Decimal('52.246252'))"
Семь сестер,архитектура,Москва,,"(Decimal('37.617635'), Decimal('55.755814'))"
станция Астапово,архитектура,Липецкая область,Лев Толстой,"(Decimal('39.447845'), Decimal('53.208311'))"
Волгоград 2 станция,архитектура,Волгоградская область,Волгоград,"(Decimal('44.481078'), Decimal('48.692659'))"
Тамбовский вокзал. Рахманиновское место,архитектура,Тамбовская область,,"(Decimal('41.592249'), Decimal('52.474699'))"
Обмен Старого Хлеба (лоцманская),архитектура,Ярославская область,Рыбинск,"(Decimal('38.858406'), Decimal('58.048454'))"
Старая школа,архитектура,Волгоградская область,Волжский,"(Decimal('44.751867'), Decimal('48.786293'))"
Старая водяная мельница,архитектура,Республика Ингушетия,Барсуки,"(Decimal('44.809233'), Decimal('43.260901'))"
Старый дом с надстройкой на крыше,архитектура,Новосибирская область,Новосибирск,"(Decimal('82.958761'), Decimal('55.041787'))"
Старое здание железнодорожного вокзала в Барнауле.,архитектура,Алтайский край,Барнаул,Not found
Старожиловский конный завод,архитектура,Рязанская область,Старожилово,"(Decimal('39.91045'), Decimal('54.228891'))"
Старообрядческая часовня,архитектура,Кировская область,Киров,"(Decimal('49.668014'), Decimal('58.603591'))"
Старый вокзал Ульяновск,архитектура,Ульяновская область,,"(Decimal('48.233566'), Decimal('54.286739'))"
Старый город,архитектура,Республика Саха (Якутия),Якутск,"(Decimal('129.736445'), Decimal('62.024127'))"
Стела - памятный знак «Пионерам Югорской земли».,архитектура,Ханты-Мансийский автономный округ,Ханты-Мансийск,Not found
Стефановская площадь,архитектура,Республика Коми,Сыктывкар,"(Decimal('50.835231'), Decimal('61.668515'))"
Стокквартирный дом,архитектура,Новосибирская область,Новосибирск,"(Decimal('82.958761'), Decimal('55.041787'))"
Сторожевая башня,архитектура,Свердловская область,Нижний Тагил,"(Decimal('59.972211'), Decimal('57.907605'))"
Сторожевая башня ЕЭК Канукова,архитектура,Республика Северная Осетия - Алания,Донифарс,Not found
Моя Стоянка,архитектура,Алтайский край,,"(Decimal('84.642563'), Decimal('51.561779'))"
Приют графа Н.П. Шереметева,архитектура,Москва,,Not found
Сурские ванные комнаты,архитектура,Волгоградская область,Волгоград,"(Decimal('44.516948'), Decimal('48.707067'))"
Сызранский Кремль,архитектура,Самарская область,Сызрань,"(Decimal('48.4702'), Decimal('53.141633'))"
Знак артобстрела,архитектура,Санкт-Петербург,Санкт-Петербург,"(Decimal('30.315868'), Decimal('59.939095'))"
Тазбичинская боевая башня,архитектура,Чеченская Республика,Тазбичи - горное село,Not found
Тайницкая башня Нижегородского кремля.,архитектура,Нижегородская область,Нижний Новгород,Not found
Тамбовская областная картинная галерея,архитектура,Тамбовская область,Тамбов,"(Decimal('41.874518'), Decimal('52.645281'))"
Тамбовский государственный музыкально-педагогический институт. С.В. Рахманинов,архитектура,Тамбовская область,Тамбов,"(Decimal('41.4584'), Decimal('52.721645'))"
Тверская валунная архитектура.,архитектура,Тверская область,,"(Decimal('33.241286'), Decimal('56.624455'))"
Тверское дворянское собрание.,архитектура,Тверская область,Тверь,"(Decimal('33.241286'), Decimal('56.624455'))"
Тверское подворье,архитектура,Москва,,"(Decimal('37.59719'), Decimal('55.630314'))"
Театр &quot;Свободное пространство&quot;,архитектура,Орловская область,Орел,Not found
Театр «Золотой Рог».,архитектура,Приморский край,Владивосток,"(Decimal('131.927948'), Decimal('43.102708'))"
Театр Луначарского,архитектура,Севастополь,,"(Decimal('33.525198'), Decimal('44.610572'))"
театральная лестница,архитектура,Нижегородская область,Нижний Новгород,"(Decimal('44.006516'), Decimal('56.326797'))"
Театральная площадь,архитектура,Республика Мордовия,Саранск,"(Decimal('45.176365'), Decimal('54.181052'))"
Театральная площадь,архитектура,Санкт-Петербург,Санкт-Петербург,"(Decimal('30.297255'), Decimal('59.925831'))"
Тенищевское училище,архитектура,Санкт-Петербург,Санкт-Петербург,"(Decimal('30.315868'), Decimal('59.939095'))"
Типографская купчиха Дементьева,архитектура,Красноярский край,Питорафик,"(Decimal('92.173769'), Decimal('58.453069'))"
Литографско-книжный магазин П.И. Макушина и В.М. Посохина,архитектура,Иркутская область,Иркутск,"(Decimal('104.280831'), Decimal('52.283809'))"
Тобольский Кремль,архитектура,Тюменская область,Тобольск,"(Decimal('68.267578'), Decimal('58.20717'))"
Токаревский маяк,архитектура,Приморский край,Владивосток,"(Decimal('131.843605'), Decimal('43.079632'))"
Томский государственный университет,архитектура,Томская область,Томск,"(Decimal('84.942726'), Decimal('56.494277'))"
Томский политехнический университет,архитектура,Томская область,Томск,"(Decimal('85.450041'), Decimal('56.320248'))"
Коммерческое здание в кирпичном стиле,архитектура,Свердловская область,Екатеринбург,"(Decimal('60.597465'), Decimal('56.838011'))"
торговый пассаж,архитектура,Костромская область,Галич,"(Decimal('42.34749'), Decimal('58.381199'))"
торговый пассаж,архитектура,Ярославская область,Ростов,"(Decimal('39.414526'), Decimal('57.185866'))"
торговый пассаж,архитектура,Ярославская область,Углич,"(Decimal('38.319372'), Decimal('57.526592'))"
"Торговый пассаж ""Мавритания""",архитектура,Амурская область,Благовещенск,"(Decimal('127.527173'), Decimal('50.29064'))"
Торговые ряды Кирсанова,архитектура,Тамбовская область,полный профиль,"(Decimal('42.728663'), Decimal('52.650646'))"
Торговые ряды Тульского Кремля,архитектура,Тульская область,Тула,"(Decimal('37.577274'), Decimal('54.180077'))"
Торговые ряды в Кашине,архитектура,Тверская область,Кашин,Not found
Торговые ряды купца Филимонова.,архитектура,Курская область,Горно,Not found
Торговый дом «Кунст и Альберс»,архитектура,Хабаровский край,Хабаровск,"(Decimal('135.063077'), Decimal('48.469992'))"
Торговый дом А.Ф.Второва,архитектура,Забайкальский край,Сретенск,"(Decimal('118.645746'), Decimal('52.459782'))"
Торговый дом Агафуровых,архитектура,Свердловская область,Екатеринбург,"(Decimal('60.586174'), Decimal('56.838568'))"
Торговый дом Капланова,архитектура,Республика Адыгея,,Not found
Торговый дом Пассаж,архитектура,Санкт-Петербург,Санкт-Петербург,"(Decimal('30.332424'), Decimal('59.928807'))"
Торговый дом С.М. Рукавишникова,архитектура,Нижегородская область,Нижний Новгород,"(Decimal('44.006516'), Decimal('56.326797'))"
Торговый дом братьев Андоверовых,архитектура,Забайкальский край,Сретенск,"(Decimal('118.645746'), Decimal('52.459782'))"
Торговый дом купца А.И. Захо,архитектура,Свердловская область,,"(Decimal('61.530761'), Decimal('58.586755'))"
Торговый дом купца Корнилова.,архитектура,Ямало-Ненецкий автономный округ,Салехард,Not found
таверна,архитектура,Ярославская область,Мышкин,"(Decimal('38.454587'), Decimal('57.786654'))"
Триумфальная арка,архитектура,Амурская область,Благовещенск,"(Decimal('127.527173'), Decimal('50.29064'))"
Триумфальная арка,архитектура,Красноярский край,Красноярск,"(Decimal('92.852572'), Decimal('56.010563'))"
Триумфальная арка,архитектура,Курская область,Курск,"(Decimal('36.188416'), Decimal('51.781512'))"
Триумфальная арка,архитектура,Ростовская область,Новочеркасск,"(Decimal('40.093725'), Decimal('47.422052'))"
Триумфальная арка в честь 145-летия Горячего Ключа.,архитектура,Краснодарский край,Горячая клавиша,Not found
Троицкая площадь,архитектура,Санкт-Петербург,Санкт-Петербург,"(Decimal('30.306202'), Decimal('59.916455'))"
Троицкая площадь,архитектура,Курганская область,Курган,"(Decimal('65.354171'), Decimal('55.436351'))"
Троицкая церковь во Владимире.,архитектура,Владимирская область,,Not found
Троице-Кондровская бумажная фабрика Говард и Ко.,архитектура,Калужская область,Кондрово,"(Decimal('35.926647'), Decimal('54.80743'))"
Тютчевский дом,архитектура,Ярославская область,Мышкин,"(Decimal('38.454587'), Decimal('57.786654'))"
районная школа,архитектура,Курганская область,Курган,"(Decimal('65.341118'), Decimal('55.441004'))"
Умревинский острог,архитектура,Новосибирская область,умереть,"(Decimal('83.624879'), Decimal('55.54645'))"
Отдел «Кунст и Альберс»,архитектура,Амурская область,Благовещенск,Not found
Универсальный магазин купцов Колобовниковых,архитектура,Забайкальский край,Нерчинск,"(Decimal('116.585415'), Decimal('51.95948'))"
Университет. Герцен,архитектура,Санкт-Петербург,Санкт-Петербург,"(Decimal('30.45172'), Decimal('59.857016'))"
Амурское управление общества пароходства и торговли,архитектура,Амурская область,Благовещенск,"(Decimal('127.527173'), Decimal('50.29064'))"
Управление Санкт-Петербурга и полиция Градоначальства,архитектура,Санкт-Петербург,Санкт-Петербург,Not found
Уральский государственный горный университет,архитектура,Свердловская область,Екатеринбург,"(Decimal('60.483317'), Decimal('56.613252'))"
Усадебно-промышленный комплекс Баташевых-Шепелевых,архитектура,Нижегородская область,Выкса,"(Decimal('42.167961'), Decimal('55.320683'))"
Усадьба землемера Гиттенфервальтера IV полка,архитектура,Свердловская область,Екатеринбург,"(Decimal('60.597465'), Decimal('56.838011'))"
Усадьба «Замковая гора»,архитектура,Псковская область,Себеж,"(Decimal('28.501505'), Decimal('56.275219'))"
Усадьба «Красная горка»,архитектура,Псковская область,красные холмы,"(Decimal('28.911855'), Decimal('58.163178'))"
Усадьба «Марьино»,архитектура,Ленинградская область,Андрианов,"(Decimal('30.887843'), Decimal('59.418998'))"
"Усадьба ""Пущино""",архитектура,Московская область,Пущино,"(Decimal('37.620977'), Decimal('54.832479'))"
Усадьба А.И. Башкирова,архитектура,Нижегородская область,Нижний Новгород,"(Decimal('43.867682'), Decimal('56.348861'))"
Усадьба Авчурино,архитектура,Калужская область,Авчурино,"(Decimal('36.423074'), Decimal('54.456008'))"
Усадьба Базылевских,архитектура,Нижегородская область,Горки,"(Decimal('45.070571'), Decimal('57.628164'))"
Манор Редс,архитектура,Псковская область,,"(Decimal('29.368424'), Decimal('56.674298'))"
Усадьба Барятино,архитектура,Калужская область,Барятино,"(Decimal('34.517325'), Decimal('54.310231'))"
Усадьба Бегичево,архитектура,Калужская область,Совхоз имени Ленина,"(Decimal('36.084094'), Decimal('54.70804'))"
Усадьба Белкино,архитектура,Калужская область,Обнинск,"(Decimal('36.59078'), Decimal('55.125237'))"
Усадьба Березичи,архитектура,Калужская область,Березичи,"(Decimal('35.797127'), Decimal('53.978658'))"
Усадьба Богимово,архитектура,Калужская область,Бохимово,"(Decimal('36.896567'), Decimal('54.532652'))"
Усадьба Афония,архитектура,Костромская область,Кострома,"(Decimal('41.292095'), Decimal('58.480995'))"
Брин Мэнор,архитектура,Калужская область,Брин,"(Decimal('35.28789'), Decimal('54.076677'))"
Усадьба Брянчаниновых,архитектура,Псковская область,старая Линден,"(Decimal('30.036339'), Decimal('56.801804'))"
Усадьба Вавилова,архитектура,Приморский край,Владивосток,"(Decimal('131.885485'), Decimal('43.115536'))"
Усадьба Валуева - Неклюдова,архитектура,Псковская область,Остров,Not found
"Усадьба Воейково, с. Ольшанка",архитектура,Тамбовская область,Ольшанка,Not found
Усадьба Воробьево,архитектура,Калужская область,,"(Decimal('36.374178'), Decimal('54.866394'))"
Усадьба Воронцовых-Дашковых Новотомниково,архитектура,Тамбовская область,,"(Decimal('41.783177'), Decimal('53.769342'))"
Усадьба Г.И. Елизарьева,архитектура,Свердловская область,Екатеринбург,"(Decimal('60.844206'), Decimal('56.776769'))"
Усадьба Гали,архитектура,Вологодская область,Череповец,"(Decimal('37.903461'), Decimal('59.122612'))"
Усадьба Голицыных,архитектура,Нижегородская область,Нижний Новгород,"(Decimal('44.006516'), Decimal('56.326797'))"
Усадьба Голицыных в селе Муром-Пречистое.,архитектура,Смоленская область,Пречистое,"(Decimal('34.628797'), Decimal('55.662471'))"
Усадьба Городня,архитектура,Калужская область,Городня,"(Decimal('36.402736'), Decimal('54.53064'))"
Усадьба грузин,архитектура,Тверская область,,"(Decimal('35.04504'), Decimal('56.936195'))"
Усадьба Гудовичей,архитектура,Тамбовская область,Тамбов,"(Decimal('42.607633'), Decimal('51.790543'))"
Усадьба Давыдовых,архитектура,Свердловская область,Екатеринбург,"(Decimal('60.844206'), Decimal('56.776769'))"
Усадьба Демидовых «Великая Таис».,архитектура,Ленинградская область,Тайцы,"(Decimal('30.109902'), Decimal('59.659304'))"
Усадьба Дрозжиловых - Г. Перец,архитектура,Свердловская область,Екатеринбург,"(Decimal('60.844206'), Decimal('56.776769'))"
Усадьба Дубровка,архитектура,Калужская область,Дубровка (юбилейная),"(Decimal('34.685399'), Decimal('53.586579'))"
ЭК Манор Шаап,архитектура,Новосибирская область,Новосибирск,"(Decimal('82.787165'), Decimal('54.865212'))"
Усадьба Железнова,архитектура,Свердловская область,Екатеринбург,"(Decimal('60.844206'), Decimal('56.776769'))"
Усадьба Загряжских-Строгановых,архитектура,Тамбовская область,цифра,"(Decimal('41.445204'), Decimal('52.411203'))"
Усадьба И.А. Найквиста,архитектура,Амурская область,Благовещенск,"(Decimal('129.005836'), Decimal('55.328837'))"
Усадьба Истомино,архитектура,Калужская область,Истомин,"(Decimal('37.075709'), Decimal('54.721921'))"
Усадьба Кожина,архитектура,Липецкая область,Репец,"(Decimal('38.224106'), Decimal('52.359931'))"
Усадьба Колышево,архитектура,Калужская область,Колышево,"(Decimal('36.056309'), Decimal('54.535002'))"
Усадьба Конецполе,архитектура,Калужская область,Конецполе,"(Decimal('34.824602'), Decimal('54.335762'))"
Усадьба львов в селе Алтун,архитектура,Псковская область,Алтун,"(Decimal('29.121154'), Decimal('57.064914'))"
ММ Усадьба Ошуркова,архитектура,Свердловская область,Екатеринбург,"(Decimal('60.844206'), Decimal('56.776769'))"
Усадьба Муравьева Кара,архитектура,Липецкая область,Скорняков,"(Decimal('38.922519'), Decimal('52.672292'))"
Усадьба Муромцева,архитектура,Липецкая область,Баловнево,"(Decimal('39.035931'), Decimal('53.215521'))"
Усадьба Нечаева-Мальцева в Полибино,архитектура,Липецкая область,,"(Decimal('38.978763'), Decimal('53.505994'))"
Никольское-Черенчицы,архитектура,Тверская область,Никольское,"(Decimal('35.821849'), Decimal('56.826695'))"
Усадьба Ошуркова,архитектура,Свердловская область,Екатеринбург,"(Decimal('60.844206'), Decimal('56.776769'))"
Усадьба П.И. Тарасова,архитектура,Свердловская область,Екатеринбург,"(Decimal('60.844206'), Decimal('56.776769'))"
Усадьба П. Шмидта,архитектура,Саратовская область,Саратов,"(Decimal('45.387865'), Decimal('51.305671'))"
Усадьба Павлищева,архитектура,Калужская область,Павлищев,"(Decimal('35.534334'), Decimal('54.563066'))"
Усадьба Петрово Соловово,архитектура,Тамбовская область,,"(Decimal('42.607633'), Decimal('51.790543'))"
Усадьба Петроселе,архитектура,Калужская область,Петроселе,"(Decimal('33.806703'), Decimal('54.175535'))"
Усадьба Плешанова,архитектура,Ярославская область,Ростов,"(Decimal('39.414526'), Decimal('57.185866'))"
Усадьба Романовых,архитектура,Липецкая область,в любое время,"(Decimal('38.224106'), Decimal('52.359931'))"
Усадьба Росва,архитектура,Калужская область,ОРВ,"(Decimal('36.059858'), Decimal('54.504468'))"
Усадьба Рябинина,архитектура,Нижегородская область,Нижний Новгород,"(Decimal('44.006516'), Decimal('56.326797'))"
Усадьба С.Г. Волконского,архитектура,Иркутская область,Иркутск,"(Decimal('104.303972'), Decimal('52.287324'))"
Усадьба С.Б. Трубецкого,архитектура,Иркутская область,Иркутск,"(Decimal('104.089086'), Decimal('52.247918'))"
Усадьба Самаринских,архитектура,Самарская область,Приволжье,"(Decimal('51.352472'), Decimal('52.83917'))"
Усадьба Строгановых,архитектура,Нижегородская область,Нижний Новгород,"(Decimal('44.006516'), Decimal('56.326797'))"
Усадьба Тарасова,архитектура,Свердловская область,Екатеринбург,"(Decimal('60.844206'), Decimal('56.776769'))"
Усадьба Троицкая,архитектура,Калужская область,пудра,"(Decimal('33.728855'), Decimal('54.147183'))"
Усадьба Тулинова-Вигеля,архитектура,Воронежская область,Воронеж,"(Decimal('39.654152'), Decimal('51.878214'))"
Усадьба Турлики,архитектура,Калужская область,Обнинск,"(Decimal('36.59078'), Decimal('55.125237'))"
Усадьба Усты,архитектура,Калужская область,Усти,"(Decimal('34.959727'), Decimal('53.886732'))"
Усадьба Ф.И. Лангоцкого,архитектура,Забайкальский край,Чита,"(Decimal('113.468467'), Decimal('52.140152'))"
Усадьба Хвостова,архитектура,Липецкая область,,"(Decimal('38.224106'), Decimal('52.359931'))"
Усадьба Холомки,архитектура,Псковская область,Холомки,"(Decimal('29.666566'), Decimal('57.683419'))"
Усадьба Чичериных &quot;Караул&quot;,архитектура,Тамбовская область,Советск,Not found
Усадьба Э. Ф. Филитца,архитектура,Свердловская область,Екатеринбург,"(Decimal('60.844206'), Decimal('56.776769'))"
Усадьба Юсупова,архитектура,Белгородская область,Рокитное,"(Decimal('35.832871'), Decimal('50.83403'))"
Усадьба Яновских в Калуге.,архитектура,Калужская область,Калуга,"(Decimal('36.281544'), Decimal('54.575906'))"
архитектор Усадьба М.П. Малахова,архитектура,Свердловская область,Екатеринбург,"(Decimal('61.843141'), Decimal('58.759182'))"
Финка в Галкино,архитектура,Калужская область,Галкино,"(Decimal('35.737946'), Decimal('54.71347'))"
Усадебный городок Наумова,архитектура,Ярославская область,Рыбинск,"(Decimal('38.858406'), Decimal('58.048454'))"
Усадьба и торговая лавка купчихи Захаровой.,архитектура,Красноярский край,Питорафик,"(Decimal('92.173769'), Decimal('58.453069'))"
Усадебный купец Дубинин,архитектура,Пермь,Кунгур,"(Decimal('56.944206'), Decimal('57.42881'))"
Усадьба купцов Копериных,архитектура,Ярославская область,Ростов,"(Decimal('39.414526'), Decimal('57.185866'))"
Усадьба купцов Трапезниковых,архитектура,Иркутская область,Иркутск,"(Decimal('104.089086'), Decimal('52.247918'))"
Усадьба майора Евсеева,архитектура,Красноярский край,Питорафик,"(Decimal('92.173769'), Decimal('58.453069'))"
Усадебный мещанин Ю. М. Рубинштейн,архитектура,Республика Бурятия,,Not found
Усадебное товарищество «А. Печенкин и К»,архитектура,Свердловская область,Екатеринбург,"(Decimal('60.597465'), Decimal('56.838011'))"
Успенский собор,архитектура,Ярославская область,Ростов,"(Decimal('39.414526'), Decimal('57.185866'))"
Успенский собор Владимирского Княгининского монастыря.,архитектура,Владимирская область,,Not found
Учебный корпус Университета связи (Ваша компания),архитектура,Новосибирская область,Новосибирск,"(Decimal('83.049131'), Decimal('54.984006'))"
Школа А.В. Шпольского,архитектура,Воронежская область,Воронеж,"(Decimal('39.190711'), Decimal('51.653383'))"
Колледж реальный,архитектура,Липецкая область,Липецк,"(Decimal('39.59922'), Decimal('52.60882'))"
Учительский институт,архитектура,Республика Адыгея,Майкоп,"(Decimal('40.098548'), Decimal('44.608865'))"
Ушкалойские башни-близнецы XI-XII веков.,архитектура,Чеченская Республика,Ушкалой,Not found
"Феодальный замок ""Джабоево""",архитектура,Кабардино-Балкарская Республика,,Not found
Флигель из усадьбы купца Лагина.,архитектура,Тюменская область,Тюмень,"(Decimal('65.534328'), Decimal('57.153033'))"
"Флигель усадьбы И.Х.Раши, 1847 г. (дом, в котором жил писатель Михаил Салтыков-Щедрин)",архитектура,Кировская область,Киров,"(Decimal('49.810433'), Decimal('58.612652'))"
"Флигель усадьбы Шуравиных, 1858 г. (Музей Константина Циолковского, авиации и космонавтики)",архитектура,Кировская область,Киров,"(Decimal('49.810433'), Decimal('58.612652'))"
Фонарный переулок 3 (Дом Мерца),архитектура,Санкт-Петербург,Санкт-Петербург,"(Decimal('30.304576'), Decimal('59.929028'))"
Фонтанная площадь,архитектура,Пензенская область,Пенза,"(Decimal('45.017265'), Decimal('53.191481'))"
Фонтанная площадь,архитектура,Волгоградская область,Урюпинск,"(Decimal('42.00463'), Decimal('50.797124'))"
"Замок Форбурга, Эйлау",архитектура,Калининградская область,Багратионовск,"(Decimal('20.647714'), Decimal('54.392811'))"
Французская деревня,архитектура,Волгоградская область,Волгоград,"(Decimal('44.516948'), Decimal('48.707067'))"
Художественная галерея Смоленск,архитектура,Смоленская область,,Not found
Царевококшайский кремль.,архитектура,Республика Марий Эл,Йошкар-Ола,"(Decimal('47.886178'), Decimal('56.631595'))"
Царицынская пожарная каланча,архитектура,Волгоградская область,,"(Decimal('44.744923'), Decimal('48.665438'))"
Центр культуры и искусства НТМК,архитектура,Свердловская область,Нижний Тагил,"(Decimal('59.97019'), Decimal('57.910799'))"
Центральная станция водоподготовки Водоканал (Водокачка),архитектура,Волгоградская область,Волгоград,"(Decimal('44.432039'), Decimal('48.440067'))"
Центральная лестница на главной набережной Волгограда.,архитектура,Волгоградская область,Волгоград,"(Decimal('44.588822'), Decimal('48.455318'))"
Центральная набережная Волгограда.,архитектура,Волгоградская область,,"(Decimal('44.42859'), Decimal('48.441788'))"
центральная площадь,архитектура,Приморский край,Партизанск,"(Decimal('133.123139'), Decimal('43.119813'))"
Центральный рынок,архитектура,Волгоградская область,Волгоград,"(Decimal('44.649683'), Decimal('48.84164'))"
Центральный магазин (ЦУМ),архитектура,Волгоградская область,Волгоград,"(Decimal('44.605702'), Decimal('48.544731'))"
"Чай ""Столбы""",архитектура,Нижегородская область,Нижний Новгород,"(Decimal('44.006516'), Decimal('56.326797'))"
Чайный Дом Перлофф,архитектура,Москва,,"(Decimal('37.637874'), Decimal('55.770218'))"
Башня с часами,архитектура,Ленинградская область,Выборг,"(Decimal('28.749404'), Decimal('60.710232'))"
Часовая башня Нижегородского кремля.,архитектура,Нижегородская область,Нижний Новгород,Not found
Часовня Святой Параскевы,архитектура,Красноярский край,,"(Decimal('88.545464'), Decimal('69.331082'))"
Часовня-усыпальница Лермонтова,архитектура,Пензенская область,Лермонтово,"(Decimal('43.658536'), Decimal('52.992567'))"
арка Часов Генерального штаба,архитектура,Санкт-Петербург,Санкт-Петербург,Not found
Чебоксарская ГЭС,архитектура,Чувашская Республика,Новочебоксарск,"(Decimal('47.479125'), Decimal('56.109551'))"
Чесменский обелиск,архитектура,Ленинградская область,Гатчина,"(Decimal('30.124473'), Decimal('59.568492'))"
чеченские башни,архитектура,Чеченская Республика,,"(Decimal('45.747667'), Decimal('43.305784'))"
Вернуться Александр Баландин Читальня купца,архитектура,Красноярский край,Питорафик,"(Decimal('92.154922'), Decimal('58.438931'))"
Чкаловская лестница,архитектура,Нижегородская область,Нижний Новгород,"(Decimal('44.006516'), Decimal('56.326797'))"
Чоргунская башня,архитектура,Севастополь,,"(Decimal('33.525369'), Decimal('44.616604'))"
саксонский,архитектура,Калининградская область,Некрасово,"(Decimal('22.674143'), Decimal('54.558122'))"
Шатойская боевая башня,архитектура,Чеченская Республика,Шатой,"(Decimal('45.690947'), Decimal('42.871047'))"
Шейновский бастион,архитектура,Смоленская область,Смоленск,"(Decimal('32.045251'), Decimal('54.782635'))"
Шоанинский комплекс,архитектура,Карачаево-Черкесская Республика,Коста Хетагурова,"(Decimal('41.906561'), Decimal('43.803278'))"
"Гобеленовая улица, дом 48",архитектура,Санкт-Петербург,Санкт-Петербург,"(Decimal('30.369003'), Decimal('59.949037'))"
Штаб Центрального военного округа,архитектура,Свердловская область,Екатеринбург,"(Decimal('60.587009'), Decimal('56.805052'))"
Шуховская башня на реке Оке,архитектура,Нижегородская область,Дзержинск,"(Decimal('43.541665'), Decimal('56.193968'))"
Эйфелева башня в деревне Парижа,архитектура,Челябинская область,Париж,Not found
Эолова арфа,архитектура,Ставропольский край,Пятигорск,"(Decimal('43.07084'), Decimal('44.03929'))"
"Южные ворота, Золотая обитель Будды Шакьямуни.",архитектура,Республика Калмыкия,Элиста,"(Decimal('44.269759'), Decimal('46.307743'))"
Южный храм поселения Нижне-Архыз,архитектура,Карачаево-Черкесская Республика,Нижний Архыз,Not found
Ярмарочное здание,архитектура,Нижегородская область,Нижний Новгород,"(Decimal('43.956974'), Decimal('56.330261'))"
Ярославов двор,архитектура,Новгородская область,Новгород,"(Decimal('31.284665'), Decimal('58.518787'))"
Ярославский вокзал,архитектура,Москва,,"(Decimal('37.657727'), Decimal('55.776472'))"
Ярославский гарнизонный госпиталь,архитектура,Ярославская область,Ярославль,"(Decimal('39.914735'), Decimal('57.598693'))"
? Женская Мариинская гимназия.,архитектура,Псковская область,Псков,"(Decimal('28.332451'), Decimal('57.819274'))"
2-я женская гимназия,архитектура,Волгоградская область,Волгоград,"(Decimal('44.571152'), Decimal('48.773962'))"
«Башня смерти»,архитектура,Пермь,Пермский,"(Decimal('56.229434'), Decimal('58.01045'))"
Адмиралтейская площадь,архитектура,Воронежская область,Воронеж,"(Decimal('39.215972'), Decimal('51.657423'))"
Академическая дача имени И.Е.Репина,архитектура,Тверская область,: VIP,"(Decimal('34.474116'), Decimal('57.727635'))"
Башня Сююмбике,архитектура,Республика Татарстан,Казань,"(Decimal('49.108795'), Decimal('55.796289'))"
Богородицкий дворец-музей и парк,архитектура,Тульская область,Богородицк,"(Decimal('38.142997'), Decimal('53.774659'))"
Дворцово-парковый комплекс «Марьино».,архитектура,Курская область,Ивановское,"(Decimal('34.934673'), Decimal('51.585939'))"
дом Данилушкина,архитектура,Курганская область,Курган,"(Decimal('65.334893'), Decimal('55.430319'))"
дом Ушковой,архитектура,Республика Татарстан,Казань,"(Decimal('49.148302'), Decimal('55.761892'))"
Дом декабриста И.И. Горбачевского,архитектура,Забайкальский край,Петровск-Забайкальский,"(Decimal('108.857217'), Decimal('51.276917'))"
Замковый комплекс Лялах,архитектура,Республика Ингушетия,гули,"(Decimal('44.804086'), Decimal('42.811538'))"
Шереметевский замок в Юрино.,архитектура,Республика Марий Эл,Юрино,"(Decimal('46.253697'), Decimal('56.481747'))"
Золотые ворота,архитектура,Владимирская область,Владимир,"(Decimal('38.542577'), Decimal('56.202276'))"
Можайский Кремль,архитектура,Московская область,Можайск,"(Decimal('36.017358'), Decimal('55.506714'))"
Московский Кремль,архитектура,Москва,,"(Decimal('37.617734'), Decimal('55.751999'))"
Музей-усадьба Глинки Новоспасское,архитектура,Смоленская область,,Not found
Табачная фабрика,архитектура,Липецкая область,Елец,"(Decimal('38.503653'), Decimal('52.62419'))"
Усадьба Нечаевых-Мальцевых,архитектура,Липецкая область,Полибин,"(Decimal('38.978763'), Decimal('53.505994'))"
Часы на улице Баумана,архитектура,Республика Татарстан,Казань,"(Decimal('49.111472'), Decimal('55.792392'))"
Дворец труда,архитектура,Волгоградская область,Волгоград,"(Decimal('44.548964'), Decimal('48.746351'))"
Казанский Кремль,архитектура,Республика Татарстан,Казань,"(Decimal('49.106144'), Decimal('55.799208'))"
Свято-Троицкий собор в селе Порецкий.,Святыни и храмы,Чувашская Республика,,Not found
Воскресенский собор в Арзамасе.,Святыни и храмы,Нижегородская область,Арзамас,Not found
«Звезда Аллеи славы»,военная слава,Пермь,Звезда,"(Decimal('56.313705'), Decimal('57.734526'))"
Автомобиль «ЗИС-5»,военная слава,Ленинградская область,,Not found
Аллея Боевой Славы,военная слава,Владимирская область,Вязники,"(Decimal('42.158862'), Decimal('56.247021'))"
Аллея Героев,военная слава,Ленинградская область,Подпорожье,"(Decimal('34.156813'), Decimal('60.912784'))"
Аллея Героев,военная слава,Волгоградская область,,"(Decimal('44.51861'), Decimal('48.705932'))"
Аллея Героев,военная слава,Оренбургская область,Шарлыкский,"(Decimal('54.741348'), Decimal('52.925998'))"
Аллея Героев Агинского Бурятского района,военная слава,Забайкальский край,Агинское,"(Decimal('114.537849'), Decimal('51.103662'))"
Аллея Героев Советского Союза,военная слава,Псковская область,Псков,"(Decimal('28.332451'), Decimal('57.819274'))"
Аллея Героев в парке Победы.,военная слава,Камчатский край,Петропавловск-Камчатский,"(Decimal('158.592596'), Decimal('53.071301'))"
Аллея памяти героев,военная слава,Белгородская область,Белгород,"(Decimal('36.587223'), Decimal('50.59566'))"
Аллея Почетного гражданина Ханты-Мансийского автономного округа,военная слава,Ханты-Мансийский автономный округ,Ханты-Мансийск,"(Decimal('67.670548'), Decimal('63.775592'))"
Аллея славы,военная слава,Кировская область,,"(Decimal('50.031733'), Decimal('58.560947'))"
Аллея славы,военная слава,Брянская область,Гордеевка,"(Decimal('31.970259'), Decimal('52.957803'))"
Аллея Героев,военная слава,Саратовская область,Балаково,"(Decimal('47.778327'), Decimal('52.031103'))"
Аллея городов-героев,военная слава,Смоленская область,Смоленск,"(Decimal('32.045251'), Decimal('54.782635'))"
Аллея пионеров-героев,военная слава,Ульяновская область,Ульяновск,"(Decimal('48.392613'), Decimal('54.307589'))"
Аллея славы,военная слава,Краснодарский край,Краснодар,"(Decimal('38.962'), Decimal('45.014033'))"
"Ансамбль ""Линия обороны""",военная слава,Краснодарский край,Новороссийск,"(Decimal('37.768974'), Decimal('44.723912'))"
Ансамбль «Маленькая Земля».,военная слава,Краснодарский край,Новороссийск,"(Decimal('37.792061'), Decimal('44.690388'))"
Береговая батарея №30 (Форт «Максим Горький-1»),военная слава,Севастополь,,"(Decimal('33.545994'), Decimal('44.624777'))"
ложе почета,военная слава,Приморский край,Владивосток,"(Decimal('131.922208'), Decimal('43.116595'))"
Братская могила 1943-1944 гг.,военная слава,Новгородская область,Векшина,"(Decimal('31.211488'), Decimal('57.627065'))"
"Братская могила Х.Ф. Фаттяхутдиновой, Р.Р. Ибаррури и В.Г. Каменщиковой",военная слава,Волгоградская область,Волгоград,Not found
Братская могила в селе Нижнедевицкий.,военная слава,Воронежская область,Нижнедевик,"(Decimal('38.364045'), Decimal('51.549146'))"
Братская могила воинов Советской Армии,военная слава,Ростовская область,мой,Not found
"Братская могила воинов, погибших в 1941-1943 гг.",военная слава,Смоленская область,Пржевальское,Not found
"Братская могила солдат, погибших во время Сталинградской битвы.",военная слава,Волгоградская область,Клецкая,"(Decimal('43.061102'), Decimal('49.31469'))"
Братская могила защитников Красного Царицына в 1919 году.,военная слава,Волгоградская область,Волгоград,"(Decimal('42.781628'), Decimal('48.594751'))"
Братская могила коммунаров,военная слава,Свердловская область,Екатеринбург,"(Decimal('60.579059'), Decimal('56.835884'))"
Братская могила Красной Армии,военная слава,Кемеровская область,Гурьевск,"(Decimal('85.947635'), Decimal('54.285935'))"
Братская могила на Черной горе,военная слава,Рязанская область,Михайлов,Not found
Братская могила на городском кладбище,военная слава,Московская область,Зарайск,"(Decimal('38.874845'), Decimal('54.756973'))"
"Братская могила советских воинов, погибших в годы Великой Отечественной войны.",военная слава,Белгородская область,Ивня,"(Decimal('36.136924'), Decimal('51.062222'))"
"Братская могила членов райсовета, расстрелянных Кемью оккупантами в 1918 году.",военная слава,Республика Карелия,Кемь,Not found
Братская могила № 10,военная слава,Воронежская область,Воронеж,"(Decimal('39.163699'), Decimal('51.731053'))"
Братская могила № 12,военная слава,Воронежская область,Воронеж,"(Decimal('39.163699'), Decimal('51.731053'))"
Братская могила № 13,военная слава,Воронежская область,Воронеж,"(Decimal('39.163699'), Decimal('51.731053'))"
Братская могила № 14,военная слава,Воронежская область,Воронеж,"(Decimal('39.163699'), Decimal('51.731053'))"
Братская могила № 15,военная слава,Воронежская область,Воронеж,"(Decimal('39.163699'), Decimal('51.731053'))"
Братская могила № 16,военная слава,Воронежская область,Воронеж,"(Decimal('39.163699'), Decimal('51.731053'))"
Братская могила № 17,военная слава,Воронежская область,Воронеж,"(Decimal('39.163699'), Decimal('51.731053'))"
Братская могила № 18,военная слава,Воронежская область,Воронеж,"(Decimal('39.163699'), Decimal('51.731053'))"
Братская могила № 19,военная слава,Воронежская область,Воронеж,"(Decimal('39.163699'), Decimal('51.731053'))"
Братская могила № 201,военная слава,Воронежская область,Никольское,"(Decimal('39.324416'), Decimal('51.716726'))"
Братская могила № 202,военная слава,Воронежская область,,"(Decimal('39.163699'), Decimal('51.731053'))"
Братская могила № 21,военная слава,Воронежская область,,"(Decimal('39.163699'), Decimal('51.731053'))"
Братская могила № 211,военная слава,Воронежская область,Масловка,"(Decimal('39.759399'), Decimal('50.998506'))"
Братская могила № 214.,военная слава,Воронежская область,Таврово,"(Decimal('41.458274'), Decimal('51.146043'))"
Братская могила № 3,военная слава,Воронежская область,Воронеж,"(Decimal('39.163699'), Decimal('51.731053'))"
Братская могила № 35,военная слава,Воронежская область,Воронеж,"(Decimal('39.163699'), Decimal('51.731053'))"
Братская могила № 4,военная слава,Воронежская область,Воронеж,"(Decimal('39.163699'), Decimal('51.731053'))"
Братская могила № 5,военная слава,Воронежская область,Воронеж,"(Decimal('39.163699'), Decimal('51.731053'))"
Братская могила № 6,военная слава,Воронежская область,Воронеж,"(Decimal('39.163699'), Decimal('51.731053'))"
Братский сад,военная слава,Астраханская область,Астрахань,"(Decimal('48.03555'), Decimal('46.350239'))"
Братское кладбище,военная слава,Ленинградская область,,"(Decimal('30.586108'), Decimal('60.847614'))"
Братское кладбище,военная слава,Севастополь,,"(Decimal('33.55743'), Decimal('44.636914'))"
Бронекатер АК-454,военная слава,Пермь,Пермский,"(Decimal('56.229434'), Decimal('58.01045'))"
Бронепоезд &quot;Тульский рабочий&quot;,военная слава,Тульская область,Тула,Not found
Бульвар Героев,военная слава,Кемеровская область,Новокузнецк,"(Decimal('87.146958'), Decimal('53.754731'))"
Бульвар Победы,военная слава,Астраханская область,Астрахань,"(Decimal('48.046007'), Decimal('46.369961'))"
Бульвар Победы,военная слава,Омская область,Омск,"(Decimal('73.382271'), Decimal('54.955076'))"
Бюст Маршалу Советского Союза Р.Я. Малиновскому.,военная слава,Хабаровский край,Хабаровск,"(Decimal('135.152325'), Decimal('48.510399'))"
Вечный огонь,военная слава,Ямало-Ненецкий автономный округ,Салехард,"(Decimal('66.614399'), Decimal('66.529844'))"
Вечный огонь (Мемориал Победы),военная слава,Архангельская область,Архангельск,"(Decimal('40.515753'), Decimal('64.539911'))"
Вечный огонь на площади памяти героев,военная слава,Смоленская область,Смоленск,"(Decimal('32.046967'), Decimal('54.779047'))"
Вечный огонь и Аллея героев,военная слава,Республика Татарстан,Чистополь,"(Decimal('50.643575'), Decimal('55.372334'))"
Вечный огонь на Марсовом поле,военная слава,Санкт-Петербург,Санкт-Петербург,"(Decimal('30.36046'), Decimal('59.886848'))"
Вышкильские военные лагеря.,военная слава,Кировская область,,Not found
Военно-исторический музей «Юные защитники Родины».,военная слава,Курская область,Курск,Not found
Военно-исторический музей Дальневосточного военного округа.,военная слава,Хабаровский край,Хабаровск,"(Decimal('135.071917'), Decimal('48.480223'))"
Военно-исторический музей Курской битвы,военная слава,Курская область,Курск,"(Decimal('36.188649'), Decimal('51.756828'))"
Военно-исторический музей Отечественной войны 1812 года.,военная слава,Калужская область,Дубна,"(Decimal('36.470981'), Decimal('55.011706'))"
Военно-исторический музей Псковской области.,военная слава,Псковская область,Остров,"(Decimal('28.343806'), Decimal('57.345188'))"
Военно-исторический музей Псковской области.,военная слава,Псковская область,Остров,"(Decimal('28.343806'), Decimal('57.345188'))"
Военно-исторический музей Тихоокеанского флота,военная слава,Приморский край,Владивосток,Not found
Военно-исторический музей Тихоокеанского флота,военная слава,Приморский край,Владивосток,Not found
Военно-исторический музей Черноморского флота,военная слава,Севастополь,,Not found
Военно-исторический музей Центр дополнительного образования детей,военная слава,Кировская область,Котельнич,"(Decimal('48.347508'), Decimal('58.303426'))"
Военно-медицинский музей Министерства обороны Российской Федерации.,военная слава,Санкт-Петербург,,"(Decimal('30.315868'), Decimal('59.939095'))"
Военно-мемориальный комплекс «Знамя Победы».,военная слава,Липецкая область,,Not found
Военно-исторический музей «Морской душ»,военная слава,Ставропольский край,Кисловодск,Not found
Военно-морской музей Северного флота,военная слава,Мурманская область,Мурманск,"(Decimal('33.092022'), Decimal('69.021014'))"
"Военно-морской музей Северного флота, Мемориальный комплекс «Краснознамённая подводная лодка «К-21»",военная слава,Мурманская область,Североморск,Not found
"Военно-патриотический лагерь ""Честь имею""",военная слава,Сахалинская область,,Not found
Военно-патриотический парк отдыха Вооружённых Сил РФ «Патриот».,военная слава,Московская область,Кубинский,"(Decimal('36.828268'), Decimal('55.571052'))"
Военно-технический музей в Иваново.,военная слава,Московская область,р-н Черноголовка,Not found
Военный мемориал,военная слава,Липецкая область,Тербуны,"(Decimal('38.279963'), Decimal('52.147441'))"
Военный мемориал «Валдаукадель».,военная слава,Калининградская область,Садоводство,"(Decimal('21.650611'), Decimal('54.46445'))"
Военный мемориал «Синявинские высоты».,военная слава,Ленинградская область,,"(Decimal('31.098723'), Decimal('59.833606'))"
Военный мемориал в деревне Тие,военная слава,Орловская область,Ти-Заверх,Not found
Военное мемориальное кладбище на Севере.,военная слава,Удмуртская республика,Ижевск,"(Decimal('53.206891'), Decimal('56.852676'))"
военное захоронение,военная слава,Новгородская область,Поддорье,"(Decimal('31.500656'), Decimal('57.912855'))"
Воинское захоронение Ясная Поляна,военная слава,Новгородская область,,"(Decimal('31.561185'), Decimal('58.001304'))"
Воинское захоронение в Андриново.,военная слава,Новгородская область,,"(Decimal('31.500656'), Decimal('57.912855'))"
Военные могилы в поселке Переходы,военная слава,Новгородская область,переходы,"(Decimal('31.601663'), Decimal('57.848809'))"
Могилы военнопленных,военная слава,Ивановская область,,Not found
Военные могилы на Снежном холме,военная слава,Приморский край,граница,Not found
Галерея Города-герои,военная слава,Республика Карелия,Петрозаводск,"(Decimal('34.382299'), Decimal('61.786421'))"
холм героев,военная слава,Краснодарский край,Туапсе,"(Decimal('39.096595'), Decimal('44.078845'))"
Поныровский государственный историко-мемориальный музей,военная слава,Курская область,Поныри 1-е,"(Decimal('36.254693'), Decimal('52.322577'))"
Диорама «Высадка Евпаторийского десанта 5 января 1942 года»,военная слава,Республика Крым,Евпатория,"(Decimal('33.371667'), Decimal('45.198321'))"
Диорама «Штурм Сапун-горы 7 мая 1944 года»,военная слава,Севастополь,,Not found
Дом Павлова,архитектура,Волгоградская область,,"(Decimal('43.510799'), Decimal('48.655732'))"
Дорога жизни,военная слава,Ленинградская область,Кобо,"(Decimal('31.550261'), Decimal('60.026631'))"
Мемориальный комплекс Зал воинской славы на Мамаевом кургане,военная слава,Волгоградская область,Волгоград,Not found
Зал воинской славы,военная слава,Новгородская область,Новгород,"(Decimal('31.269915'), Decimal('58.52281'))"
"Похороны советских воинов, погибших в стене Смоленской крепости",военная слава,Смоленская область,Смоленск,Not found
"Зенитки в честь воинов-артиллеристов, погибших в боях с немецко-фашистскими захватчиками",военная слава,Краснодарский край,Краснодар,Not found
Историко-мемориальный зал военной техники и вооружения Воздушно-десантных войск,галереи,Рязанская область,Рязань,Not found
Историко-мемориальный музей «Командный пункт Воронежского фронта».,военная слава,Курская область,Киров,"(Decimal('36.674422'), Decimal('51.299213'))"
Исторический заповедник – руины мельницы им. К.Н. Грудинина,архитектура,Волгоградская область,,Not found
Казанский парк Победы,военная слава,Республика Татарстан,Казань,"(Decimal('49.218937'), Decimal('55.771783'))"
Лодка «герой»,военная слава,Нижегородская область,Нижний Новгород,"(Decimal('44.006516'), Decimal('56.326797'))"
Комната воинской славы,военная слава,Липецкая область,красный,"(Decimal('38.790503'), Decimal('52.863462'))"
Мемориальный комплекс Славы,военная слава,Брянская область,Дубровка,"(Decimal('33.504878'), Decimal('53.690163'))"
Комплекс-памятник воинам-новосергиевцам,военная слава,Оренбургская область,Новосергиевка,"(Decimal('53.644649'), Decimal('52.072607'))"
Комсомольские пожарные годы,военная слава,Республика Марий Эл,Йошкар-Ола,"(Decimal('47.84429'), Decimal('56.648845'))"
Конный памятник М.И. Платову,военная слава,Ростовская область,Новочеркасск,Not found
Кривцовский мемориал,военная слава,Орловская область,Фатнево,"(Decimal('36.234733'), Decimal('53.471588'))"
Курган бессмертия в Реадовском парке,военная слава,Смоленская область,Смоленск,"(Decimal('30.997429'), Decimal('54.686572'))"
курган Славы,военная слава,Брянская область,Суземка,"(Decimal('34.079863'), Decimal('52.315916'))"
курган Славы,военная слава,Ростовская область,Новочеркасск,"(Decimal('38.86694'), Decimal('47.558336'))"
Курган Воинской Славы в Котельниково.,военная слава,Волгоградская область,Котельниково,"(Decimal('43.140002'), Decimal('47.630077'))"
Лазаревские казармы,архитектура,Севастополь,,"(Decimal('33.525369'), Decimal('44.616604'))"
Малакофф,военная слава,Севастополь,,"(Decimal('33.547881'), Decimal('44.604662'))"
Мамаев курган,военная слава,Волгоградская область,Волгоград,"(Decimal('44.533998'), Decimal('48.742644'))"
Мемориал &quot;Вечный огонь славы&quot;,военная слава,Новгородская область,,Not found
Мемориал &quot;Долина героев&quot;,военная слава,Республика Карелия,Питкяранта,Not found
Мемориал &quot;Катюша&quot;,военная слава,Ленинградская область,,Not found
Мемориал &quot;Скорбящий матрос&quot; в Нижнем Тортолово,военная слава,Ленинградская область,,Not found
Мемориал &quot;Тамбовский колхозник&quot;,военная слава,Тамбовская область,Тамбов,Not found
Мемориал 25 комсомольцев,военная слава,Ленинградская область,,Not found
Мемориал «Афганские ворота».,военная слава,Пензенская область,Пенза,"(Decimal('45.018316'), Decimal('53.195042'))"
Мемориал «Безымянная высота»,военная слава,Ленинградская область,большие пороги,"(Decimal('30.775195'), Decimal('59.773003'))"
Мемориал «Бронированная Победа»,военная слава,Тульская область,Черный,"(Decimal('36.905065'), Decimal('53.458406'))"
Мемориал «в честь героев Курской битвы»,военная слава,Белгородская область,,"(Decimal('37.303198'), Decimal('50.872231'))"
Мемориал «Валимский заграничный»,военная слава,Ленинградская область,Волхов,"(Decimal('32.334742'), Decimal('59.906594'))"
Мемориал «Вечная слава Огню»,военная слава,Кабардино-Балкарская Республика,Нальчик,"(Decimal('43.593794'), Decimal('43.475407'))"
"Мемориал «Вечный огонь». Памятник землякам, павшим в Великой Отечественной войне 1941-1945 годов.",военная слава,Ямало-Ненецкий автономный округ,Надым,"(Decimal('72.531341'), Decimal('65.535924'))"
"Мемориал «Воинам Гражданской и Великой Отечественной войны, воинам-интернационалистам»",военная слава,Ростовская область,пролетарский,Not found
Мемориал «Горький-Фронт»,военная слава,Нижегородская область,Нижний Новгород,"(Decimal('44.006516'), Decimal('56.326797'))"
"Мемориал ""Гостилицы""",военная слава,Ленинградская область,Гостилицы,"(Decimal('29.622872'), Decimal('59.746038'))"
Мемориал «Памятник Алеше» («Алеша»),военная слава,Мурманская область,Мурманск,"(Decimal('33.074981'), Decimal('68.970682'))"
Мемориал «Карающий меч»,военная слава,Удмуртская республика,Ижевск,"(Decimal('53.206891'), Decimal('56.852676'))"
Мемориал «Холм Славы»,военная слава,Республика Крым,,"(Decimal('33.259566'), Decimal('45.178959'))"
Мемориал «Линия обороны»,военная слава,Новгородская область,,"(Decimal('31.261983'), Decimal('58.515257'))"
Мемориал «Лысая гора».,архитектура,Волгоградская область,,"(Decimal('44.395334'), Decimal('48.642053'))"
Мемориал «Любин поле»,военная слава,Новгородская область,,"(Decimal('30.44165'), Decimal('58.48234'))"
Мемориал «Миронова гора».,военная слава,Воронежская область,новая Калитва,"(Decimal('40.010469'), Decimal('50.082582'))"
Мемориал «Могила Неизвестного солдата» в Кохме.,военная слава,Ивановская область,Кохма,"(Decimal('41.093208'), Decimal('56.932531'))"
Мемориал «Мясной Бор»,военная слава,Новгородская область,,"(Decimal('31.473689'), Decimal('58.820551'))"
Мемориал «Павшим в боях за Родину и жертвам фашизма 1941-1945 гг.».,военная слава,Краснодарский край,Анапа,"(Decimal('37.31617'), Decimal('44.894965'))"
Мемориал «Партизанская слава».,военная слава,Ленинградская область,,"(Decimal('29.890462'), Decimal('58.849827'))"
Мемориал «Переправа».,военная слава,Ленинградская область,Шереметьевка,"(Decimal('31.032167'), Decimal('59.957174'))"
Мемориал «Прорыв»,военная слава,Ростовская область,Тацинская,"(Decimal('41.283229'), Decimal('48.192638'))"
Мемориал «Самбекские высоты».,военная слава,Ростовская область,Самбек,"(Decimal('39.022457'), Decimal('47.333142'))"
Мемориал «Слава героям»,военная слава,Ленинградская область,Тихвин,"(Decimal('33.542096'), Decimal('59.644209'))"
Мемориал «Якорь».,военная слава,Ленинградская область,,"(Decimal('29.54338'), Decimal('59.93245'))"
Мемориал вечной славы,военная слава,Липецкая область,Липецк,"(Decimal('39.59922'), Decimal('52.60882'))"
Мемориал Отечественной войны,военная слава,Пермь,оса,"(Decimal('55.470169'), Decimal('57.288389'))"
Мемориал Пирятинский дивизион,военная слава,Республика Хакасия,Абакан,"(Decimal('91.397993'), Decimal('53.838374'))"
Мемориал победы в Великой Отечественной войне,военная слава,Москва,,"(Decimal('37.617635'), Decimal('55.755814'))"
Мемориал Славы,военная слава,Республика Саха (Якутия),Нерюнгри,"(Decimal('124.720315'), Decimal('56.659948'))"
Мемориал Славы,военная слава,Липецкая область,Стрелец,"(Decimal('38.217728'), Decimal('52.409814'))"
Мемориал Славы в селе Чалтырь.,военная слава,Ростовская область,Чалтырь,"(Decimal('39.499929'), Decimal('47.284214'))"
Мемориал в Ред-Хиллз,военная слава,Ленинградская область,Красная Гора,"(Decimal('29.638395'), Decimal('58.947355'))"
Мемориал воинам в Палехе,военная слава,Ивановская область,Палех,Not found
"Мемориал воинам, павшим в Великой Отечественной войне 1941-1945 годов.",военная слава,Республика Дагестан,Махачкала,Not found
"Мемориал воинам, партизанам и подпольщикам",военная слава,Брянская область,Дятьково,Not found
"Мемориал однополчанам, погибшим во время Великой Отечественной войны",военная слава,Кемеровская область,Крапивинский,Not found
Мемориал воинам-кузбасовцам,военная слава,Кемеровская область,Кемерово,"(Decimal('86.088374'), Decimal('55.354727'))"
"Мемориал воинам-рязанцевам, погибшим в локальных войнах",военная слава,Рязанская область,Рязань,Not found
"Мемориал воинам-тазовчанам, погибшим в годы Великой Отечественной войны.",военная слава,Ямало-Ненецкий автономный округ,Таз,"(Decimal('80.351481'), Decimal('67.875308'))"
Мемориал воинской славы,военная слава,Ставропольский край,Пятигорск,"(Decimal('43.07084'), Decimal('44.03929'))"
Мемориал воинской славы «Марьина роща».,военная слава,Нижегородская область,Нижний Новгород,"(Decimal('43.871095'), Decimal('56.246271'))"
"Мемориал воинской славы в честь черногорских воинов, погибших в Великой Отечественной войне.",военная слава,Республика Хакасия,Саяногорск,Not found
Мемориал героям Севастопольской обороны 1941-1942 гг.,военная слава,Севастополь,,"(Decimal('33.437684'), Decimal('44.59438'))"
Мемориал героям Великой Отечественной войны,военная слава,Омская область,Омск,Not found
Мемориал жертвам фашизма,военная слава,Краснодарский край,Краснодар,"(Decimal('39.0135'), Decimal('45.089375'))"
Мемориал жертвам фашизма на шахте Красин,военная слава,Ростовская область,мой,"(Decimal('40.215797'), Decimal('47.709601'))"
Мемориал жертвам немецко-фашистской оккупации Крыма 1941-1944 годов. Концентрация «Красная».,военная слава,Республика Крым,мирный,Not found
Мемориальный музей-заповедник «Куликово поле» на Красной горке.,военная слава,Тульская область,Ивановка-2,"(Decimal('37.652768'), Decimal('54.270249'))"
Мемориал на Быковском кладбище,военная слава,Московская область,Жуковский,"(Decimal('38.119802'), Decimal('55.597475'))"
Мемориал на месте гибели советских военнопленных,военная слава,Смоленская область,Смоленск,"(Decimal('32.045251'), Decimal('54.782635'))"
Мемориал освободителям Пскова,военная слава,Псковская область,Псков,"(Decimal('31.070534'), Decimal('58.945126'))"
Мемориал,военная слава,Липецкая область,Долгоруков,"(Decimal('38.354083'), Decimal('52.323552'))"
Мемориал «Кедровый парк»,военная слава,Архангельская область,Ильинско-Подомское,"(Decimal('47.972255'), Decimal('61.125625'))"
Мемориал «Скорбящая мать»,военная слава,Брянская область,Новозыбков,Not found
Мемориал летчиков-алсибовцев,военная слава,Республика Саха (Якутия),Забайкальск,"(Decimal('114.911844'), Decimal('60.713731'))"
Мемориал новокузнечанам памяти погибших в «горячих точках»,военная слава,Кемеровская область,Новокузнецк,"(Decimal('87.136044'), Decimal('53.757547'))"
Мемориал участникам операции по взрыву Голубого моста,военная слава,Брянская область,Выгоничи,"(Decimal('34.062948'), Decimal('53.104303'))"
Мемориальный танк Победы Т-34 «Иркутский комсомолец».,военная слава,Иркутская область,Иркутск,"(Decimal('104.263664'), Decimal('52.380166'))"
Мемориал павшим воинам Великой Отечественной войны,военная слава,Ростовская область,Пешково,"(Decimal('39.391925'), Decimal('47.017939'))"
Мемориал погибшим работникам завода «Красная заря»,военная слава,Ростовская область,Ростов-на-Дону,"(Decimal('39.720349'), Decimal('47.222078'))"
"Мемориал работникам завода «Далдизель», погибшим в годы Великой Отечественной войны.",военная слава,Хабаровский край,Хабаровск,"(Decimal('135.071917'), Decimal('48.480223'))"
"Мемориал работникам завода. Киров, погибший в годы Великой Отечественной войны",военная слава,Хабаровский край,Хабаровск,"(Decimal('135.071917'), Decimal('48.480223'))"
мемориал,военная слава,Республика Северная Осетия - Алания,Владикавказ,"(Decimal('44.677118'), Decimal('42.999817'))"
"Мемориал воинам, погибшим в Великой Отечественной войне.",военная слава,Новосибирская область,,Not found
"Мемориал Тула, погибшим в годы Великой Отечественной войны 1941-1945 гг.",военная слава,Тульская область,Менделеев,Not found
Мемориально-парковый комплекс героям Первой мировой войны,военная слава,Москва,,"(Decimal('37.51229'), Decimal('55.799644'))"
Мемориальное кладбище русских и немецких солдат в Россошке.,архитектура,Волгоградская область,,Not found
Мемориал «Передний край обороны Малой Земли 1943 год».,военная слава,Краснодарский край,Новороссийск,Not found
"Мемориальный комплекс &quot;Астрача, 1941&quot;",военная слава,Ленинградская область,АСТРАКАМ,Not found
Мемориальный комплекс &quot;Высота Бессмертия&quot;,военная слава,Ростовская область,Белая Калитва,Not found
Мемориальный комплекс &quot;Журавли&quot;,военная слава,Пензенская область,Пенза,"(Decimal('44.990172'), Decimal('53.212134'))"
Мемориальный комплекс 9 Героев Советского Союза,военная слава,Республика Крым,Геройское,"(Decimal('33.746489'), Decimal('45.138086'))"
Мемориальный комплекс «Аллея воинской славы».,военная слава,Астраханская область,Астрахань,"(Decimal('47.977834'), Decimal('46.418013'))"
Мемориальный комплекс «Аллея Героев».,военная слава,Республика Калмыкия,Элиста,"(Decimal('44.262186'), Decimal('46.306871'))"
Мемориальный комплекс «Алёша-Сибиряк».,военная слава,Новосибирская область,Новосибирск,"(Decimal('82.92043'), Decimal('55.030199'))"
Мемориальный комплекс «Большой Дуб».,военная слава,Курская область,,"(Decimal('35.86124'), Decimal('52.084939'))"
Мемориальный комплекс «Вечный огонь».,военная слава,Республика Саха (Якутия),Якутск,"(Decimal('129.732178'), Decimal('62.027216'))"
Мемориальный комплекс «Вечный огонь».,военная слава,Нижегородская область,Нижний Новгород,"(Decimal('44.006516'), Decimal('56.326797'))"
"Мемориальный комплекс «Высота 194,0 Огурец»",военная слава,Липецкая область,,Not found
Мемориальный комплекс «Город воинской славы»,военная слава,Приморский край,Владивосток,"(Decimal('131.885485'), Decimal('43.115536'))"
Мемориальный комплекс «Долина Смерти».,военная слава,Краснодарский край,Новороссийск,"(Decimal('37.768974'), Decimal('44.723912'))"
Мемориальный комплекс «Донские казаки в борьбе с большевиками»,военная слава,Ростовская область,,Not found
"Мемориальный комплекс «За героизм в бою, за подвиг в деле земляки благодарны»",военная слава,Кемеровская область,Ленинск-Кузнецкий,Not found
Мемориальный комплекс «Защитникам неба Родины».,военная слава,Тульская область,Тула,"(Decimal('37.617348'), Decimal('54.193122'))"
Мемориальный комплекс «Командный пункт Центрального фронта».,военная слава,Курская область,свобода,Not found
Мемориальный комплекс «Кумженская роща».,военная слава,Ростовская область,Ростов-на-Дону,"(Decimal('39.618363'), Decimal('47.185015'))"
Мемориальный комплекс «Курск».,военная слава,Курская область,Курск,"(Decimal('36.193186'), Decimal('51.73083'))"
"Мемориальный комплекс «Морякам, погибшим в мирное время»",смотровые площадки,Мурманская область,Мурманск,Not found
Мемориальный комплекс «Мужеству посвящается»,военная слава,Кемеровская область,"Киселёвск,","(Decimal('86.636679'), Decimal('54.006025'))"
Мемориальный комплекс «Павшим воинам»,военная слава,Ростовская область,Ростов-на-Дону,"(Decimal('39.720349'), Decimal('47.222078'))"
Мемориальный комплекс «Павшим героям Великой Отечественной войны 1941 – 1945 гг.»,военная слава,Ростовская область,Семикаракорск,Not found
Мемориальный комплекс «Памяти жертв фашизма в Змиевской балке»,военная слава,Ростовская область,Ростов-на-Дону,Not found
Мемориальный комплекс «Память павшим в Великой Отечественной войне 1941-1945 годов».,военная слава,Курская область,Курск,Not found
Мемориальный комплекс «Площадь 40-летия Победы».,военная слава,Ростовская область,мой,"(Decimal('40.214009'), Decimal('47.707351'))"
Мемориальный комплекс «Поле Памяти».,военная слава,Смоленская область,Демидов,"(Decimal('31.515011'), Decimal('55.26444'))"
Мемориальный комплекс «Солдатское поле».,архитектура,Волгоградская область,городище,"(Decimal('44.476192'), Decimal('48.809658'))"
Мемориальный комплекс «Тербунский за рубежом».,военная слава,Липецкая область,пруды,"(Decimal('38.730971'), Decimal('52.0905'))"
Мемориальный комплекс «Черемушки»,военная слава,Омская область,Омск,"(Decimal('73.359669'), Decimal('54.911202'))"
Мемориальный комплекс М.Д. Скобелева,военная слава,Рязанская область,Заборова,"(Decimal('40.517343'), Decimal('53.538745'))"
Мемориал Тамбов-Парламент,военная слава,Тамбовская область,,Not found
Мемориальный комплекс в честь Героя Советского Союза маршала артиллерии В.И. Казакова,военная слава,Нижегородская область,Бутурлино,Not found
Мемориальный комплекс в честь победы в Великой Отечественной войне.,военная слава,Пензенская область,Чаадаевка,"(Decimal('45.967206'), Decimal('53.113152'))"
Мемориальный комплекс воинской славы на Маре кургане,военная слава,Псковская область,Самолва,"(Decimal('27.646246'), Decimal('58.296886'))"
Мемориальный комплекс на горе Самохвал.,военная слава,Республика Хакасия,,Not found
Мемориальный комплекс на площади Парка Горького.,военная слава,Республика Татарстан,Казань,"(Decimal('49.134513'), Decimal('55.793738'))"
"Мемориальный комплекс, посвященный Тане Савичевой и детям войны",военная слава,Нижегородская область,утки,"(Decimal('44.127987'), Decimal('55.188041'))"
"Мемориальный комплекс, посвященный воинам-беловчанам, погибшим в годы Великой Отечественной войны.",военная слава,Кемеровская область,Бельёво,Not found
Корабль-мемориал Красный Вымпел,военная слава,Приморский край,Владивосток,"(Decimal('132.412868'), Decimal('43.144663'))"
Мемориальный музей боевой и трудовой славы кузнецких металлургов в Великой Отечественной войне,галереи,Кемеровская область,Новокузнецк,"(Decimal('87.136044'), Decimal('53.757547'))"
Мемориальный парк «Роща пятисот»,военная слава,Ленинградская область,,"(Decimal('28.597921'), Decimal('59.385565'))"
Казнь комсомола В. Подорина,военная слава,Новгородская область,,Not found
Место первого партизанского боя,военная слава,Смоленская область,Пржевальское,Not found
"МиГ-19 и памятный знак выпускникам Квата, погибшим в Афганистане",военная слава,Калининградская область,,Not found
Батарея Майкла,военная слава,Севастополь,,"(Decimal('33.53004'), Decimal('44.631558'))"
Могила Гавриила Павловича Масловского,военная слава,Новгородская область,пруды,Not found
Могила Ивана Бурмистрова,военная слава,Новгородская область,,Not found
Могила неизвестного солдата,военная слава,Республика Карелия,Петрозаводск,"(Decimal('31.40901'), Decimal('61.659919'))"
Монумент «Город воинской славы»,военная слава,Псковская область,Псков,"(Decimal('28.332451'), Decimal('57.819274'))"
Памятник «Мать Россия».,военная слава,Калининградская область,Калининград,"(Decimal('20.501765'), Decimal('54.717111'))"
"Памятник «Пантеон Славы» воинам, павшим при освобождении села Крым.",военная слава,Ростовская область,Крым,Not found
Памятник «Т-34 «Пензенский комсомолец»,военная слава,Пензенская область,Пенза,"(Decimal('44.711308'), Decimal('53.122945'))"
Памятник «Тепловская высота».,военная слава,Курская область,Ольховатка,"(Decimal('36.125336'), Decimal('52.254881'))"
Памятник «Узел Памяти»,военная слава,Магаданская область,Магадан,"(Decimal('150.808586'), Decimal('59.565151'))"
Памятник воинской славы,военная слава,Воронежская область,Россошь,"(Decimal('39.57652'), Decimal('50.192899'))"
Монумент воинской славы «Легендарная «Катюша»,военная слава,Новосибирская область,,"(Decimal('78.313896'), Decimal('55.441693'))"
Памятник Победы,военная слава,Новгородская область,,"(Decimal('32.490222'), Decimal('58.307715'))"
памятник Славы,военная слава,Кемеровская область,Междуреченск,"(Decimal('88.070372'), Decimal('53.686596'))"
памятник Славы,военная слава,Ямало-Ненецкий автономный округ,Лабытнанги,"(Decimal('66.383963'), Decimal('66.660595'))"
"Памятник Славы первомайцам, погибшим в 1941-1945 годах.",военная слава,Новосибирская область,Новосибирск,"(Decimal('83.093553'), Decimal('54.837954'))"
Памятник боевой и трудовой славы,военная слава,Удмуртская республика,Ижевск,"(Decimal('53.147809'), Decimal('56.818858'))"
Памятник боевой и трудовой славы,военная слава,Пензенская область,Пенза,"(Decimal('45.022197'), Decimal('53.195085'))"
Памятник героическим защитникам Ленинграда,военная слава,Санкт-Петербург,Санкт-Петербург,Not found
Памятник героям 115-й кавалерийской дивизии,военная слава,Кабардино-Балкарская Республика,Нальчик,"(Decimal('43.609389'), Decimal('43.516777'))"
Памятник героям Волжской флотилии.,военная слава,Нижегородская область,Нижний Новгород,"(Decimal('43.797505'), Decimal('56.37829'))"
Музей «Военная горка»,военная слава,Краснодарский край,Темрюк,"(Decimal('37.370194'), Decimal('45.27841'))"
Музей «Мемориал Победы»,военная слава,Красноярский край,Красноярск,"(Decimal('92.976063'), Decimal('55.963516'))"
Музей «Подводная лодка Б-440».,галереи,Вологодская область,Вытегра,Not found
Музей боевой славы 140-го минометного полка и 20-й Новоградской Волынской пехотной бригады,военная слава,Волгоградская область,Волгоград,Not found
Музей боевой славы 92-й отдельной Красной стрелковой бригады,военная слава,Волгоградская область,Волгоград,Not found
Военно-исторический музей в Тульской области.,военная слава,Тульская область,,Not found
Музей военной техники,галереи,Вологодская область,Вологда,"(Decimal('39.891523'), Decimal('59.220496'))"
Музей военной техники «Оружие Победы».,военная слава,Краснодарский край,Краснодар,Not found
Музей военной техники под открытым небом,военная слава,Пензенская область,Пенза,Not found
Музей военной техники под открытым небом,военная слава,Ивановская область,Кинешма Онлайн бронирование,Not found
Музей боевой славы Чувашской Республики. Филиал Национального музея Чувашской Республики,военная слава,Чувашская Республика,Чебоксары,"(Decimal('47.251079'), Decimal('56.146277'))"
Музей боевой славы (центр культуры и искусства в соборе),военная слава,Владимирская область,,"(Decimal('41.311831'), Decimal('56.367368'))"
Музей гражданской войны,военная слава,Республика Татарстан,Остров Свияжск,"(Decimal('48.659035'), Decimal('55.772203'))"
Музей обороны Тулы в Великой Отечественной войне 1941-1945 годов.,галереи,Тульская область,ленинский,"(Decimal('37.460583'), Decimal('54.287985'))"
Музей обороны и логистики,галереи,Рязанская область,,"(Decimal('39.725101'), Decimal('53.913741'))"
"Музей памяти тагильчанских воинов, погибших в локальных войнах планеты",галереи,Свердловская область,Нижний Тагил,"(Decimal('59.972211'), Decimal('57.907605'))"
Музей-диорама «Курская битва. Белгородское направление»,военная слава,Белгородская область,Белгород,"(Decimal('36.573083'), Decimal('50.612673'))"
Музей-панорама «Сталинградская битва».,архитектура,Волгоградская область,,Not found
Музейно-выставочный комплекс «Плацдарм»,галереи,Кировская область,,Not found
Музейно-мемориальный комплекс музей-заповедника &quot;Куликово поле&quot; в Монастырщино,военная слава,Тульская область,,Not found
Историко-мемориальный комплекс Героическим защитникам Севастополя «35-я береговая батарея»,военная слава,Севастополь,,Not found
Музей историко-этнографического комплекса «Соколовая гора»,военная слава,Саратовская область,Саратов,"(Decimal('46.065653'), Decimal('51.556555'))"
Комплекс «Куликово Поле».,военная слава,Тульская область,,"(Decimal('38.639981'), Decimal('53.63052'))"
Музейный комплекс «Усадьба двух генералов».,военная слава,Владимирская область,Павловск,"(Decimal('41.480337'), Decimal('56.221199'))"
Дозорная 43-й армии у п.Слобода,военная слава,Смоленская область,,Not found
Нижегородский городской музей техники и оборонной промышленности «Парк Победы»,военная слава,Нижегородская область,Нижний Новгород,Not found
Обелиск «Борцам за Советскую власть»,военная слава,Краснодарский край,Туапсе,Not found
обелиск Славы,военная слава,Ульяновская область,,"(Decimal('47.606533'), Decimal('53.891057'))"
обелиск Славы,военная слава,Ивановская область,Юрьевец,"(Decimal('43.110995'), Decimal('57.317815'))"
Обелиск в деревне Быково.,военная слава,Архангельская область,Чикаго,Not found
Обелиск в деревне Слобода.,военная слава,Архангельская область,свобода,Not found
Обелиск Анжеро – погибшим в Великой Отечественной войне 1941–1945 годов.,военная слава,Кемеровская область,Анжеро-Судженск,"(Decimal('86.018216'), Decimal('56.083175'))"
Обелиск - Героям Советского Союза - навашинцам,военная слава,Нижегородская область,Навашино,"(Decimal('42.18874'), Decimal('55.543888'))"
Обелиск городу-герою Севастополю.,военная слава,Севастополь,,Not found
Обелиск и вечный огонь,военная слава,Астраханская область,Астрахань,"(Decimal('48.033574'), Decimal('46.347869'))"
"Обелиск мирным жителям, уход гитлеровцев во время оккупации 1942-1943 гг.",военная слава,Краснодарский край,Армавир,"(Decimal('41.129644'), Decimal('44.997655'))"
Обелиск Гражданской войны,военная слава,Кемеровская область,Кемерово,Not found
Орловский военно-исторический музей,галереи,Орловская область,Орел,"(Decimal('36.104441'), Decimal('52.974102'))"
остров Людникова,архитектура,Волгоградская область,,"(Decimal('44.151406'), Decimal('49.615821'))"
Памятник павшим малгобекчанам в годы Великой Отечественной войны,военная слава,Республика Ингушетия,Малгобек,"(Decimal('44.590188'), Decimal('43.509645'))"
Памятник &quot;Призрачная деревня&quot;,военная слава,Ленинградская область,,Not found
Памятник &quot;Танк Т-18&quot;,военная слава,Хабаровский край,Хабаровск,Not found
Памятник &quot;Танк Т-34&quot;,военная слава,Хабаровский край,Хабаровск,Not found
Памятник 1-й Конной армии «Тачанка-Ростовчанин»,военная слава,Ростовская область,Ростов-на-Дону,"(Decimal('39.763136'), Decimal('47.250546'))"
1200 охранников памятника,военная слава,Калининградская область,Калининград,"(Decimal('20.512733'), Decimal('54.710454'))"
Памятник 85-миллиметровым зенитным орудиям,военная слава,Тульская область,Тула,Not found
Памятник «Атака»,военная слава,Ленинградская область,,"(Decimal('29.706298'), Decimal('61.162446'))"
Памятник «Воинам-защитникам Новороссийска 1942-1943 гг»,военная слава,Краснодарский край,Новороссийск,Not found
"Памятник «Воинам-землякам, отдавшим жизнь за Родину»",военная слава,Московская область,Балашиха,Not found
Памятник «Дети войны».,военная слава,Приморский край,Партизанск,"(Decimal('133.123246'), Decimal('43.119813'))"
Памятник «Дорога жизни»,военная слава,Краснодарский край,Туапсе,"(Decimal('39.073553'), Decimal('44.09564'))"
Монумент «Единство фронта и тыла».,военная слава,Пермь,Пермский,"(Decimal('56.174673'), Decimal('57.997264'))"
Памятник «Кировчанам-фронтовикам»,военная слава,Кировская область,,"(Decimal('50.093582'), Decimal('57.392567'))"
Памятник «Матери войны».,военная слава,Ленинградская область,Подпорожье,"(Decimal('34.156813'), Decimal('60.912784'))"
"Памятник «Медицинским работникам, погибшим в Великой Отечественной войне 1941-1945 годов».",военная слава,Курская область,Курск,"(Decimal('36.193186'), Decimal('51.73083'))"
Памятник «Неизвестному матросу».,военная слава,Краснодарский край,Новороссийск,"(Decimal('37.768974'), Decimal('44.723912'))"
Памятник «Непокоренные»,военная слава,Краснодарский край,Новороссийск,"(Decimal('37.768974'), Decimal('44.723912'))"
"Памятник «В память о забытой войне, изменившей ход истории»",военная слава,Калининградская область,Калининград,"(Decimal('20.512733'), Decimal('54.710454'))"
Монумент «Партизанская слава».,военная слава,Приморский край,Партизанск,"(Decimal('133.160949'), Decimal('43.140874'))"
Памятник «Пушка ЗИС-3».,военная слава,Тульская область,Тула,"(Decimal('37.617348'), Decimal('54.193122'))"
Памятник «Пушка»,военная слава,Ленинградская область,Тихвин,"(Decimal('33.542096'), Decimal('59.644209'))"
Памятник «Пушка»,военная слава,Краснодарский край,Славянск-на-Кубани,"(Decimal('38.12822'), Decimal('45.260325'))"
Памятник «МиГ-21»,военная слава,Ленинградская область,Тихвин,"(Decimal('33.542096'), Decimal('59.644209'))"
Памятник «Самолет-штурмовик Ил-2».,военная слава,Краснодарский край,Новороссийск,"(Decimal('37.768974'), Decimal('44.723912'))"
Памятник «Скорбящая мать»,военная слава,Курская область,Курск,"(Decimal('36.193186'), Decimal('51.73083'))"
Памятник «Скорбящая мать»,военная слава,Липецкая область,красный,"(Decimal('38.790503'), Decimal('52.863462'))"
Памятник «Солдату Ямала».,военная слава,Ямало-Ненецкий автономный округ,пурпурный,"(Decimal('76.693631'), Decimal('64.476252'))"
Памятник «Стальной путь»,военная слава,Ленинградская область,,"(Decimal('29.706298'), Decimal('61.162446'))"
Памятник «Танк»,военная слава,Ленинградская область,Тихвин,"(Decimal('33.542096'), Decimal('59.644209'))"
Памятник «Танкистам-героям Курской битвы»,военная слава,Курская область,Курск,"(Decimal('36.188649'), Decimal('51.756828'))"
Памятник «Торпедный катер»,военная слава,Краснодарский край,Новороссийск,"(Decimal('37.768974'), Decimal('44.723912'))"
Памятник «Цветок жизни»,военная слава,Ленинградская область,,"(Decimal('30.8346'), Decimal('60.091863'))"
Памятник «Черный тюльпан».,военная слава,Хабаровский край,Хабаровск,"(Decimal('140.504164'), Decimal('50.22327'))"
Монумент «Эхо войны»,военная слава,Ленинградская область,,"(Decimal('29.146073'), Decimal('59.876459'))"
"Памятник А.И. Казарскому (бриг ""Меркурий"")",военная слава,Севастополь,,"(Decimal('33.489912'), Decimal('44.499691'))"
Памятник А.И. Покрышкину,военная слава,Краснодарский край,Краснодар,Not found
Памятник Александру Чекалину,военная слава,Тульская область,Тула,"(Decimal('37.617348'), Decimal('54.193122'))"
Памятник Анатолию Бредову,военная слава,Мурманская область,Мурманск,"(Decimal('33.074981'), Decimal('68.970682'))"
Памятник болгарским патриотам-коммунистам,военная слава,Брянская область,Брянск,"(Decimal('34.363407'), Decimal('53.243562'))"
"Памятник воинам Советской Армии и местным жителям, сожженным заживо в декабре 1941 года.",военная слава,Липецкая область,Вишны большой,"(Decimal('37.861384'), Decimal('51.972187'))"
Монумент Воинской Славы Холмский район,военная слава,Сахалинская область,,Not found
Памятник Воину-освободителю,военная слава,Псковская область,Идрика,"(Decimal('28.887152'), Decimal('56.332072'))"
Памятник Герою Советского Союза Н. Ладкину,военная слава,Пермь,Соликамск,Not found
Памятник Герою Советского Союза Н.В.Мамонову.,военная слава,Калининградская область,Мамоново,"(Decimal('19.942267'), Decimal('54.463785'))"
Памятник Герою Советского Союза снайперу Давиду Доеву,военная слава,Республика Северная Осетия - Алания,,"(Decimal('44.262033'), Decimal('43.092669'))"
Памятник Героям труда в годы Великой Отечественной войны,военная слава,Омская область,Омск,"(Decimal('73.368212'), Decimal('54.989342'))"
"Памятник Героям Североморска, защитникам Арктики",военная слава,Мурманская область,Североморск,Not found
Памятник ЭМ Мамонту,военная слава,Алтайский край,Барнаул,"(Decimal('83.776856'), Decimal('53.346785'))"
Памятник Георгию Жукову,военная слава,Омская область,Омск,Not found
памятник Загорскому,военная слава,Воронежская область,Вязноватовка,"(Decimal('38.457524'), Decimal('51.595865'))"
Памятник Ил-28,военная слава,Вологодская область,Вологда,"(Decimal('39.891523'), Decimal('59.220496'))"
Памятник Иссе Плиеву,военная слава,Республика Северная Осетия - Алания,Владикавказ,"(Decimal('44.68196'), Decimal('43.02115'))"
Памятник К.К. Рокоссовскому,военная слава,Курская область,Курск,"(Decimal('36.193186'), Decimal('51.73083'))"
Памятник Карбышевой,военная слава,Омская область,Омск,"(Decimal('73.368212'), Decimal('54.989342'))"
Памятник Кате Зеленко,военная слава,Курская область,Курск,"(Decimal('36.197704'), Decimal('51.738694'))"
Памятник Крониду Коренову,военная слава,Приморский край,Партизанск,"(Decimal('133.112934'), Decimal('43.117372'))"
Памятник ленинградским детям,военная слава,Ленинградская область,,"(Decimal('29.706298'), Decimal('61.162446'))"
Памятник Магомеду-Загиду Абдулманапову,военная слава,Республика Дагестан,Каспийск,"(Decimal('47.635674'), Decimal('42.890833'))"
Памятник Олегу Лоськову,военная слава,Липецкая область,Васильевка,Not found
Памятник Петру Фильм,военная слава,Республика Северная Осетия - Алания,Хюзел,"(Decimal('44.569859'), Decimal('43.042212'))"
памятник Танкистам,военная слава,Липецкая область,Липецк,"(Decimal('39.59922'), Decimal('52.60882'))"
Памятник Тотлебену,военная слава,Севастополь,,"(Decimal('33.489912'), Decimal('44.499691'))"
Памятник труженикам тыла,военная слава,Омская область,Омск,"(Decimal('73.368212'), Decimal('54.989342'))"
Памятник Уральскому добровольческому танковому комплексу,военная слава,Пермь,Пермский,Not found
Памятник адмиралу Н.Г. Кузнецову в Архангельске,военная слава,Архангельская область,Архангельск,Not found
Памятник адмиралу Н.Г. Кузнецову Котлас,военная слава,Архангельская область,Котлас,Not found
Памятник адмиралу Нахимову,военная слава,Севастополь,,"(Decimal('33.489912'), Decimal('44.499691'))"
Памятник адмиралу Сенявину,военная слава,Севастополь,,"(Decimal('33.489912'), Decimal('44.499691'))"
Памятник блокадной регулировщице,военная слава,Ленинградская область,,"(Decimal('29.706298'), Decimal('61.162446'))"
Монумент боевой славы «Танк Т-34».,военная слава,Новгородская область,Старая Русса,Not found
Монумент воинской славы на рубеже обороны советских войск.,военная слава,Республика Карелия,Войница,"(Decimal('30.11867'), Decimal('65.367139'))"
Памятник воинам 64-й армии.,военная слава,Волгоградская область,Волгоград,"(Decimal('44.42302'), Decimal('48.615477'))"
Памятник бронепоезду «Козьма Минин»,военная слава,Нижегородская область,Нижний Новгород,"(Decimal('43.765543'), Decimal('56.235496'))"
Памятник в честь 50-летия Красной Армии.,военная слава,Псковская область,Псков,"(Decimal('28.431562'), Decimal('57.796334'))"
Памятник в честь воинов 174-го отдельного противотанкового артиллерийского дивизиона имени ВЛКСМ Удмуртии,военная слава,Удмуртская республика,Ижевск,Not found
"Памятник в честь однополчан, погибших во Второй мировой войне.",военная слава,Забайкальский край,Петровск-Забайкальский,"(Decimal('108.846689'), Decimal('51.274889'))"
"Памятник в честь воинов-танковистов Т-34, танк «Родина».",военная слава,Саратовская область,Саратов,Not found
Памятник военным репортерам,военная слава,Брянская область,Белый пляж,"(Decimal('34.662888'), Decimal('53.20727'))"
Памятник военным медикам,военная слава,Липецкая область,Тербуны,"(Decimal('38.279963'), Decimal('52.147441'))"
Памятник воинам 2-й гвардейской армии,военная слава,Севастополь,,"(Decimal('33.489912'), Decimal('44.499691'))"
Памятник олонецким полкам и народному ополчению Русской армии 1698-1920 гг.,военная слава,Республика Карелия,Петрозаводск,"(Decimal('34.346878'), Decimal('61.785017'))"
"Памятник землякам, павшим в Великой Отечественной войне.",военная слава,Удмуртская республика,Малая Пурга,"(Decimal('52.998922'), Decimal('56.555872'))"
"Памятник воинам, погибшим при взятии Казани",военная слава,Республика Татарстан,Казань,Not found
"Памятник воинам, погибшим в годы Великой Отечественной войны.",военная слава,Липецкая область,Ильино,"(Decimal('39.667681'), Decimal('52.722326'))"
"Памятник воинам, погибшим в годы Великой Отечественной войны.",военная слава,Алтайский край,Быстрый источник,"(Decimal('84.389939'), Decimal('52.371292'))"
"Памятник воинам, погибшим в локальных войнах",военная слава,Республика Хакасия,Абакан,Not found
"Памятник воинам, погибшим от ран в госпиталях города Новосибирска в годы Великой Отечественной войны.",военная слава,Новосибирская область,Новосибирск,"(Decimal('82.92043'), Decimal('55.030199'))"
Памятник автомобилистам,военная слава,Тульская область,Тула,"(Decimal('37.617348'), Decimal('54.193122'))"
Памятник воинам-интернационалистам,военная слава,Калининградская область,Калининград,"(Decimal('20.512733'), Decimal('54.710454'))"
Памятник воинам-интернационалистам,военная слава,Ямало-Ненецкий автономный округ,Таз,"(Decimal('80.351481'), Decimal('67.875308'))"
"Памятник-междуреченцам, погибшим в местных воинах и вооруженном конфликте",военная слава,Кемеровская область,Междуреченск,"(Decimal('88.070372'), Decimal('53.686596'))"
Памятник-металлургам,военная слава,Кемеровская область,Гурьевск,"(Decimal('85.947635'), Decimal('54.285935'))"
"Памятники-селянам, погибшим в годы Великой Отечественной войны",военная слава,Воронежская область,Пески,"(Decimal('42.466552'), Decimal('51.252943'))"
Памятник воинам-освободителям,военная слава,Ямало-Ненецкий автономный округ,Тарко-Сале,"(Decimal('77.761055'), Decimal('64.911819'))"
Памятник воинам-освободителям,военная слава,Краснодарский край,Краснодар,"(Decimal('38.975313'), Decimal('45.03547'))"
Памятник воинской славы,военная слава,Республика Хакасия,Абакан,"(Decimal('89.711307'), Decimal('54.638632'))"
Памятник Воину-освободителю,военная слава,Новгородская область,Холм,"(Decimal('31.181835'), Decimal('57.148835'))"
Памятник герою России Дмитрию Александровичу Разумовскому,военная слава,Ульяновская область,Ульяновск,"(Decimal('48.327161'), Decimal('54.252705'))"
Памятник герою Гражданской войны Сергею Лазо.,военная слава,Приморский край,Владивосток,"(Decimal('131.885485'), Decimal('43.115536'))"
Памятник героям гвардейского танкового корпуса,военная слава,Ростовская область,Тацинская,Not found
Памятник героям Первой мировой войны,военная слава,Калининградская область,Калининград,Not found
Памятник героям Первой мировой войны.,военная слава,Липецкая область,Липецк,Not found
Памятник Героям Сещинского международного метрополитена,военная слава,Брянская область,Он вспомнил,Not found
Памятник героям Русско-Японской войны.,военная слава,Приморский край,Владивосток,Not found
"Памятник героям, павшим в боях за Родину",военная слава,Псковская область,Остров-Залит,"(Decimal('28.06999'), Decimal('58.012395'))"
Памятник Герою Советского Союза А.В. Ворожейкину.,военная слава,Нижегородская область,Городец,"(Decimal('43.472351'), Decimal('56.644822'))"
Памятник Герою Советского Союза маршалу Павлу Рыбалко,военная слава,Воронежская область,Россошь,"(Decimal('39.57652'), Decimal('50.192899'))"
Памятник детям блокадного Ленинграда,военная слава,Омская область,Омск,Not found
"Памятник детям, погибшим в годы Великой Отечественной войны.",военная слава,Липецкая область,Липецк,"(Decimal('39.59922'), Decimal('52.60882'))"
Памятник добровольцам Народной Республики Тыва,военная слава,Республика Тыва,красный,"(Decimal('94.437757'), Decimal('51.719086'))"
Памятник жертвам Сталинградской битвы в селе Песчанка.,архитектура,Волгоградская область,,"(Decimal('44.151406'), Decimal('49.615821'))"
Памятник жертвам нацистских лагерей,военная слава,Хабаровский край,Хабаровск,Not found
Памятник затопленным кораблям,военная слава,Севастополь,,"(Decimal('33.489912'), Decimal('44.499691'))"
Памятник защитникам Родины в Великой Отечественной войне.,военная слава,Нижегородская область,Нижний Новгород,"(Decimal('44.006516'), Decimal('56.326797'))"
Памятник защитникам Тулы,военная слава,Тульская область,Тула,"(Decimal('37.530247'), Decimal('54.191442'))"
Памятник защитникам и освободителям Гатчины в годы Великой Отечественной войны.,военная слава,Ленинградская область,Гатчина,"(Decimal('30.124473'), Decimal('59.568492'))"
Памятники артиллеристам,военная слава,Краснодарский край,Туапсе,"(Decimal('39.073553'), Decimal('44.09564'))"
Памятник комаричскому подполью в сквере имени Павла Незимаева,военная слава,Брянская область,Комаричи,"(Decimal('34.784097'), Decimal('52.419003'))"
Памятник комсомольцам – защитникам Сталинграда,военная слава,Волгоградская область,Волгоград,"(Decimal('44.537852'), Decimal('48.514881'))"
Памятник легендарной дивизионной пушке ЗИС-3.,военная слава,Вологодская область,Чагода,Not found
Памятник летчикам Бирмской военной авиационной школы,военная слава,Республика Хакасия,Черногорск,"(Decimal('91.306005'), Decimal('53.827013'))"
"Памятник летчикам-дальневосточникам, погибшим в Великой Отечественной войне и локальных военных конфликтах",военная слава,Хабаровский край,Хабаровск,"(Decimal('135.071917'), Decimal('48.480223'))"
"Памятник-эсминец ""Керчь""",военная слава,Краснодарский край,Туапсе,"(Decimal('39.073553'), Decimal('44.09564'))"
Памятник морякам Азовской военной флотилии — бронекатер № 124.,военная слава,Краснодарский край,Херсон,"(Decimal('38.181607'), Decimal('46.055699'))"
Памятник морякам и кораблям Ладожской военной флотилии,военная слава,Ленинградская область,,"(Decimal('29.608975'), Decimal('59.337013'))"
"Памятник морякам-амурцам, погибшим в годы Великой Отечественной войны.",военная слава,Хабаровский край,Хабаровск,"(Decimal('135.071917'), Decimal('48.480223'))"
Памятник морякам-катерникам,военная слава,Приморский край,Владивосток,"(Decimal('131.885485'), Decimal('43.115536'))"
Памятник на могиле Неизвестного солдата,военная слава,Москва,,Not found
Памятник на могиле генерала Антона Антоновича Скалона.,военная слава,Смоленская область,Смоленск,"(Decimal('32.045251'), Decimal('54.782635'))"
Памятник на могиле подпольщиков-островэровцев,военная слава,Краснодарский край,Новороссийск,Not found
Памятник павшим в Великой Отечественной войне,военная слава,Липецкая область,Лебедянки,"(Decimal('40.330565'), Decimal('52.007072'))"
Памятник сельчанам,военная слава,Липецкая область,Березнеговатка,"(Decimal('40.324277'), Decimal('52.065864'))"
Памятник сельчанам,военная слава,Липецкая область,сухая Лубна,"(Decimal('39.342535'), Decimal('52.800096'))"
Памятник погибшему Ил-2,военная слава,Ленинградская область,зеркало,Not found
Памятник павшим в Великой Отечественной войне,военная слава,Пензенская область,верхний Шкафт,"(Decimal('45.588737'), Decimal('53.505769'))"
Памятник павшим за установление советской власти,военная слава,Кемеровская область,Анжеро-Судженск,"(Decimal('86.018216'), Decimal('56.083175'))"
Памятник погибшим кораблям,военная слава,Астраханская область,Астрахань,"(Decimal('48.033574'), Decimal('46.347869'))"
Памятник погибшим морякам,военная слава,Астраханская область,,Not found
Памятник павшим в Великой Отечественной войне,военная слава,Липецкая область,Липецк,"(Decimal('39.59922'), Decimal('52.60882'))"
Памятник погибшим сотрудникам МВД,военная слава,Республика Хакасия,Абакан,"(Decimal('89.711307'), Decimal('54.638632'))"
Памятник Донскому атаману Якову Бакланову,военная слава,Ростовская область,Волгодонск,"(Decimal('42.20632'), Decimal('47.519618'))"
Памятник псковским десантникам 6-й роты,военная слава,Псковская область,черный,Not found
"Памятник работникам ВМЗ, погибшим в годы Великой Отечественной войны.",военная слава,Свердловская область,Нижний Тагил,"(Decimal('59.972211'), Decimal('57.907605'))"
"Памятник работникам ЦБК, погибшим в годы Великой Отечественной войны",военная слава,Пермь,Соликамск,"(Decimal('56.771029'), Decimal('59.648333'))"
Памятник работающему с винтовкой,военная слава,Астраханская область,Астрахань,Not found
Памятник семи братьям Газдановым,военная слава,Республика Северная Осетия - Алания,Дзуарикау,Not found
Памятник скорбящей матери,военная слава,Пермь,Пермский,"(Decimal('56.229434'), Decimal('58.01045'))"
Памятник воинам Первой мировой войны.,военная слава,Псковская область,Псков,Not found
Памятник воинам Первой мировой войны.,военная слава,Псковская область,Псков,Not found
Памятник солдатской матери А.А. Ларионовой.,военная слава,Омская область,Омск,"(Decimal('73.368212'), Decimal('54.989342'))"
Памятник солдатам и матросам,военная слава,Севастополь,,"(Decimal('33.489912'), Decimal('44.499691'))"
Памятник танкистам-освободителям Севастополя на Зеленой горке,военная слава,Севастополь,,"(Decimal('33.525369'), Decimal('44.616604'))"
Тула Памятник - Героям Советского Союза,военная слава,Тульская область,Тула,"(Decimal('37.606891'), Decimal('54.182074'))"
Памятник Тулы - защитникам Тулы в годы Великой Отечественной войны.,военная слава,Тульская область,Тула,"(Decimal('37.617348'), Decimal('54.193122'))"
Памятник Туле — участникам Первой мировой войны,военная слава,Тульская область,Тула,Not found
Памятник экипажу минного заградителя «Николай Островский».,военная слава,Краснодарский край,Туапсе,"(Decimal('39.073553'), Decimal('44.09564'))"
Памятник павшим в Великой Отечественной войне,военная слава,Пензенская область,Чаадаевка,"(Decimal('45.967206'), Decimal('53.113152'))"
Памятник-захоронение &quot;Погибшим в пути&quot;,военная слава,Ленинградская область,,Not found
Памятник-мемориал &quot;Воинам-разведчикам&quot;,военная слава,Калининградская область,,Not found
Памятник-мемориал «Чёрный тюльпан» на Площади Славы,военная слава,Хабаровский край,Хабаровск,"(Decimal('135.071917'), Decimal('48.480223'))"
"Памятник паровозу, работающему на «Дороге жизни»",военная слава,Ленинградская область,,Not found
"Памятник-ротонда «Волгодончане, погибшие за Родину»",военная слава,Ростовская область,Волгодонск,Not found
Мемориальная стела «Воинам-освободителям Ростова-на-Дону от немецко-фашистских захватчиков».,военная слава,Ростовская область,Ростов-на-Дону,"(Decimal('39.720349'), Decimal('47.222078'))"
Памятники героям фронта и тыла,военная слава,Магаданская область,Магадан,Not found
Памятный знак летчикам – первым Героям Советского Союза в годы Великой Отечественной войны.,военная слава,Псковская область,Псков,"(Decimal('28.332451'), Decimal('57.819274'))"
"Памятный знак ""Балтийские крылья"".",военная слава,Ленинградская область,,Not found
Памятный знак «122-мм гаубица».,военная слава,Тульская область,Тула,Not found
Памятный знак «Всем убитым благодарными живыми»,военная слава,Ямало-Ненецкий автономный округ,Муравленко,"(Decimal('74.494448'), Decimal('63.795285'))"
Памятный знак «Защитникам Отечества».,военная слава,Липецкая область,Липецк,Not found
"Мемориальный знак «Курским народным ополченцам, погибшим в годы Великой Отечественной войны 1941-9145 годов».",военная слава,Курская область,Курск,"(Decimal('36.193186'), Decimal('51.73083'))"
Памятный знак Шелонской битве.,военная слава,Новгородская область,,Not found
Мемориальный знак в честь партизанских отрядов М.И. Бадина и Н. Лаврентьева,военная слава,Смоленская область,Пржевальское,Not found
"Мемориальный знак в честь советских воинов, участвовавших в боях Халхин-Гол, озеро Хасан.",военная слава,Волгоградская область,Волгоград,"(Decimal('44.516948'), Decimal('48.707067'))"
Мемориальный знак венгерским военнопленным,военная слава,Ленинградская область,Подпорожье,Not found
Памятный знак контратаке Сольцов в июле 1941 года.,военная слава,Новгородская область,,Not found
Памятный знак летчикам авиаполка &quot;Нормандия-Неман&quot;,военная слава,Калининградская область,,Not found
Памятный знак морякам Балтики,военная слава,Калининградская область,,Not found
Мемориальный знак на месте переднего края обороны Тулы,военная слава,Тульская область,,"(Decimal('37.575693'), Decimal('53.888064'))"
Мемориальный знак на месте подвига политрука Барсукова,военная слава,Новгородская область,Спасская Полисть,"(Decimal('31.512873'), Decimal('58.923821'))"
Мемориальный знак на квадратном танке,военная слава,Воронежская область,Россошь,"(Decimal('39.600864'), Decimal('50.183775'))"
"Мемориальный комплекс защитникам, погибшим в Великой Отечественной войне.",военная слава,Ямало-Ненецкий автономный округ,Ноябрьск,Not found
Мемориальный памятник генералу Маргелову,военная слава,Нижегородская область,Нижний Новгород,Not found
Площадь памяти героев Великой Отечественной войны.,военная слава,Приморский край,Партизанск,"(Decimal('133.123246'), Decimal('43.119813'))"
Панорама «Оборона Севастополя 1854-1855 гг.»,военная слава,Севастополь,,Not found
Парк «Сад Победы»,"Сады, скверы, парки",Челябинская область,Челябинск,"(Decimal('61.45683'), Decimal('55.169216'))"
Парк Найквист,военная слава,Приморский край,граница,"(Decimal('131.3742'), Decimal('44.409927'))"
Парк Победы,"Сады, скверы, парки",Ямало-Ненецкий автономный округ,Салехард,"(Decimal('66.606368'), Decimal('66.545298'))"
Парк Победы,"Сады, скверы, парки",Белгородская область,Прохоровка,"(Decimal('36.678105'), Decimal('51.021305'))"
Парк морской славы,"Сады, скверы, парки",Рязанская область,Рязань,"(Decimal('39.678047'), Decimal('54.662198'))"
Паровоз «ЭЛ 2500» бронетанковой береговой обороны Черноморского флота «Железняков»,военная слава,Севастополь,,Not found
Паровоз Л-0186,военная слава,Алтайский край,Барнаул,"(Decimal('83.776856'), Decimal('53.346785'))"
Паровоз Л-1174,военная слава,Алтайский край,Бийск,"(Decimal('85.21382'), Decimal('52.539297'))"
Памятник паровозу Л-0154,военная слава,Алтайский край,Камень-на-Оби,"(Decimal('81.354558'), Decimal('53.791486'))"
Пискаревское мемориальное кладбище,военная слава,Санкт-Петербург,,"(Decimal('30.421447'), Decimal('59.996708'))"
Плацдарм «Ивановское рыло»,военная слава,Ленинградская область,добро пожаловать,"(Decimal('30.794544'), Decimal('59.774086'))"
Площадь «Города воинской славы»,военная слава,Хабаровский край,Хабаровск,"(Decimal('135.065296'), Decimal('48.466682'))"
Площадь Воинской Славы в Козельске.,военная слава,Калужская область,Козельск,"(Decimal('35.78226'), Decimal('54.034574'))"
Площадь Героев,военная слава,Краснодарский край,Новороссийск,"(Decimal('37.776754'), Decimal('44.720415'))"
Площадь Героев Козельск,военная слава,Калужская область,Козельск,"(Decimal('35.793103'), Decimal('54.030227'))"
Площадь павших борцов,военная слава,Волгоградская область,Волгоград,"(Decimal('44.515637'), Decimal('48.707935'))"
Область памяти,военная слава,Республика Татарстан,Елабуга,"(Decimal('52.053337'), Decimal('55.754699'))"
Площадь Победы,военная слава,Амурская область,Благовещенск,"(Decimal('127.520966'), Decimal('50.257572'))"
Площадь Победы,военная слава,Республика Саха (Якутия),Якутск,"(Decimal('129.755453'), Decimal('62.039527'))"
Площадь Победы,военная слава,Республика Мордовия,Саранск,"(Decimal('45.183444'), Decimal('54.180883'))"
Площадь Победы,военная слава,Воронежская область,Воронеж,"(Decimal('39.21086'), Decimal('51.671216'))"
Площадь Победы в Калуге.,военная слава,Калужская область,Калуга,"(Decimal('36.2731'), Decimal('54.512711'))"
Площадь Победы в городе Ельце.,военная слава,Липецкая область,Елец,"(Decimal('38.504901'), Decimal('52.617219'))"
Площадь Славы,военная слава,Хабаровский край,Хабаровск,"(Decimal('135.065296'), Decimal('48.466682'))"
Площадь Монумента Славы и авиастроители,военная слава,Самарская область,,"(Decimal('48.112572'), Decimal('53.465767'))"
Победители области солдат,военная слава,Республика Хакасия,Черногорск,"(Decimal('91.306005'), Decimal('53.827013'))"
Район Военной Славы,военная слава,Липецкая область,Добринка,"(Decimal('40.472221'), Decimal('52.166735'))"
Поляна звезд Города-Герои,военная слава,Ростовская область,Волгодонск,"(Decimal('42.20632'), Decimal('47.519618'))"
Гун-Бийская крепость,военная слава,Алтайский край,Бийск,"(Decimal('85.21382'), Decimal('52.539297'))"
Ракетная установка «Катюша».,военная слава,Тульская область,Тула,"(Decimal('37.603388'), Decimal('54.256108'))"
инверсный музей,военная слава,Архангельская область,Архангельск,"(Decimal('40.515753'), Decimal('64.539911'))"
Севастопольские истории,военная слава,Севастополь,,"(Decimal('33.525369'), Decimal('44.616604'))"
Синопская лестница,архитектура,Севастополь,,"(Decimal('33.525369'), Decimal('44.616604'))"
Площадь «Шахтерской славы»,военная слава,Белгородская область,Губкин,"(Decimal('37.533239'), Decimal('51.284906'))"
Площадь «Шахтерской славы»,военная слава,Белгородская область,Губкин,"(Decimal('37.533239'), Decimal('51.284906'))"
Площадь Мужества,военная слава,Брянская область,Локоть,"(Decimal('34.577036'), Decimal('52.560922'))"
Площадь Павших Борцов,военная слава,Волгоградская область,Урюпинск,"(Decimal('41.996725'), Decimal('50.793258'))"
Мемориал «Кто скорбит»,военная слава,Рязанская область,Рязань,"(Decimal('39.749194'), Decimal('54.612587'))"
Скульптура «Поход Корчагина продолжается».,военная слава,Ростовская область,Волгодонск,Not found
"Скульптура ""Мир""",военная слава,Липецкая область,Липецк,"(Decimal('39.59922'), Decimal('52.60882'))"
Скульптурный портрет гвардии полковника И.Е. Алексеева.,военная слава,Воронежская область,Россошь,"(Decimal('39.57652'), Decimal('50.192899'))"
солдатские ботинки,военная слава,Пермь,Звезда,"(Decimal('56.316355'), Decimal('57.735006'))"
"Сохранен раздел ""Дорога жизни""",военная слава,Ленинградская область,,Not found
Стела «Воздушная слава»,военная слава,Республика Саха (Якутия),Ольокминск,"(Decimal('120.403075'), Decimal('60.372976'))"
Стела «Ангел мира».,военная слава,Курская область,Молотичи,"(Decimal('35.963702'), Decimal('52.25106'))"
Стела «Гатчина – город воинской славы»,военная слава,Ленинградская область,,"(Decimal('30.124473'), Decimal('59.568492'))"
Стелла «Героям-курьянам»,военная слава,Курская область,Курск,"(Decimal('36.193186'), Decimal('51.73083'))"
Стела «Город воинской славы»,военная слава,Ленинградская область,Выборг,"(Decimal('28.749404'), Decimal('60.710232'))"
Стела «Город воинской славы»,военная слава,Белгородская область,Белгород,"(Decimal('36.583297'), Decimal('50.59821'))"
Стела «Город воинской славы»,военная слава,Краснодарский край,Анапа,"(Decimal('37.310286'), Decimal('44.89333'))"
Стелла «Слава Героям»,военная слава,Пензенская область,Пенза,"(Decimal('45.018316'), Decimal('53.195042'))"
Стела «Тихвин – город воинской славы»,военная слава,Ленинградская область,,"(Decimal('33.542096'), Decimal('59.644209'))"
Стела Победы,военная слава,Липецкая область,Липецк,"(Decimal('39.554511'), Decimal('52.589063'))"
Стела Севскому полку,военная слава,Брянская область,Севск,"(Decimal('34.495091'), Decimal('52.156089'))"
Стела в честь награждения Тихвина орденом Отечественной войны I степени.,военная слава,Ленинградская область,Тихвин,Not found
Стела Русские солдаты армии Петра I.,военная слава,Ленинградская область,Выборг,Not found
Стелла «Операция дети»,военная слава,Смоленская область,,Not found
КВ-1С Парфино,военная слава,Новгородская область,Парфино,"(Decimal('31.609487'), Decimal('57.963078'))"
Т-34,военная слава,Нижегородская область,Нижний Новгород,"(Decimal('44.006516'), Decimal('56.326797'))"
Т-34,военная слава,Псковская область,великий Люк,"(Decimal('30.521969'), Decimal('56.342316'))"
Т-34,военная слава,Алтайский край,Барнаул,"(Decimal('83.776856'), Decimal('53.346785'))"
Т-34,военная слава,Тульская область,Тула,"(Decimal('37.617348'), Decimal('54.193122'))"
Танк. Памятный знак освободителям Новгорода.,военная слава,Новгородская область,Новгород,Not found
ведетта,военная слава,Ростовская область,Азов,"(Decimal('39.423581'), Decimal('47.112442'))"
Триптих «Стена памяти»,военная слава,Тамбовская область,Тамбов,"(Decimal('41.452274'), Decimal('52.721219'))"
Успенский мемориал,военная слава,Краснодарский край,Успенское,"(Decimal('41.392464'), Decimal('44.830917'))"
Бомбардировщик Як-28,военная слава,Алтайский край,Барнаул,"(Decimal('83.776856'), Decimal('53.346785'))"
холм Славы,военная слава,Псковская область,Изборск,"(Decimal('27.861168'), Decimal('57.707647'))"
Центральные воинские могилы «Самбатово».,военная слава,Новгородская область,,"(Decimal('31.601663'), Decimal('57.848809'))"
«Русская Пьета»,военная слава,Кемеровская область,шарики,"(Decimal('85.615223'), Decimal('55.276508'))"
Аллея Героев,военная слава,Брянская область,Мглин,"(Decimal('32.847806'), Decimal('53.061069'))"
Аллея Героев,военная слава,Тульская область,Венёв,"(Decimal('38.265527'), Decimal('54.350369'))"
Базовая стоянка Бежицкого партизанского отряда имени А.И. Виноградова «Озеро Круглое»,военная слава,Брянская область,,"(Decimal('34.291192'), Decimal('53.436794'))"
Батарея №394 капитан Зубков А.Е.,военная слава,Краснодарский край,Геленджик,"(Decimal('38.076495'), Decimal('44.545288'))"
Государственный военно-исторический музей «Прохоровское поле».,военная слава,Белгородская область,Прохоровка,"(Decimal('36.594751'), Decimal('50.969763'))"
Мемориал «Победа»,военная слава,Республика Саха (Якутия),Забайкальск,"(Decimal('148.058241'), Decimal('64.088698'))"
Мемориал погибшим злоковчанам,военная слава,Брянская область,Злынка,Not found
Мемориальный комплекс «Скорбящая мать» в Унече,военная слава,Брянская область,шхуна,Not found
Мемориальный комплекс «Хацунь».,военная слава,Брянская область,Хацуни,"(Decimal('34.635561'), Decimal('53.137381'))"
Памятник летчикам 127-го полка,военная слава,Брянская область,Веребск,Not found
Музей Г.А. Речкалова и борьба с русско-американской общиной,военная слава,Свердловская область,Зайкова,Not found
Памятник «63-й армии Брянского фронта».,военная слава,Брянская область,Клинцы,Not found
Памятник «Весна 45-го».,военная слава,Брянская область,Брянск,"(Decimal('34.177016'), Decimal('53.363381'))"
Памятник «Героям Отечества».,военная слава,Брянская область,Клинцы,"(Decimal('32.233852'), Decimal('52.753143'))"
Памятник Е.Д. Бершанской,военная слава,Краснодарский край,Краснодар,"(Decimal('39.103305'), Decimal('45.026158'))"
Памятник Скорбящей Матери,военная слава,Брянская область,Глыныщево,"(Decimal('34.068589'), Decimal('53.303446'))"
Памятник Щорсу Унече,военная слава,Брянская область,шхуна,Not found
памятник артиллеристам,военная слава,Брянская область,Брянск,"(Decimal('34.363407'), Decimal('53.243562'))"
"Памятник воинам-освободителям, Гордеевка",военная слава,Брянская область,Гордеевка,"(Decimal('31.932279'), Decimal('53.002984'))"
Памятник воинам-водителям,военная слава,Брянская область,Брянск,"(Decimal('34.363407'), Decimal('53.243562'))"
Памятник воинам-освободителям,военная слава,Брянская область,Клинцы,"(Decimal('32.233852'), Decimal('52.753143'))"
памятник пилотам,военная слава,Брянская область,,"(Decimal('33.510322'), Decimal('52.858379'))"
Памятник локомотиву Эр 787-70,военная слава,Брянская область,Брянск,"(Decimal('34.363407'), Decimal('53.243562'))"
"Памятник советским воинам, погибшим в годы Великой Отечественной войны.",военная слава,Краснодарский край,Геленджик,"(Decimal('38.076809'), Decimal('44.561141'))"
Парк Победы,военная слава,Омская область,Омск,"(Decimal('73.358879'), Decimal('54.961398'))"
Партизанский мемориал,военная слава,Брянская область,Смележ,"(Decimal('33.97132'), Decimal('52.446517'))"
Скульптура «Видящие на фронт»,военная слава,Республика Саха (Якутия),Якутск,Not found
Квер-Мемориал «Журавли Ильменита»,"Сады, скверы, парки",Республика Саха (Якутия),Якутск,"(Decimal('129.664885'), Decimal('62.031436'))"
Памятник «Лесные сараи»,военная слава,Брянская область,Брянск,"(Decimal('34.371277'), Decimal('53.256552'))"
Памятник Владимиру Высоцкому,"Памятники, скульптуры, мемориалы",Ямало-Ненецкий автономный округ,Новый Уренгой,"(Decimal('76.680974'), Decimal('66.083963'))"
Памятник строителям Надыма,"Памятники, скульптуры, мемориалы",Ямало-Ненецкий автономный округ,Надым,"(Decimal('72.531341'), Decimal('65.535924'))"
«Звезда Аллеи славы»,военная слава,Пермь,Звезда,"(Decimal('56.313705'), Decimal('57.734526'))"
«Поезд-Экспресс»,"Памятники, скульптуры, мемориалы",Ханты-Мансийский автономный округ,Нягань,"(Decimal('64.803216'), Decimal('60.128951'))"
ГАЗ-21 «Волга» Юрия Гагарина,"Памятники, скульптуры, мемориалы",Смоленская область,Гагарин,"(Decimal('34.995624'), Decimal('55.556299'))"
Александровская колонна (Александрийская колонна),"Памятники, скульптуры, мемориалы",Ростовская область,Ростов-на-Дону,"(Decimal('39.81504'), Decimal('47.235858'))"
Аллея Славы в Волгограде.,"Памятники, скульптуры, мемориалы",Волгоградская область,Волгоград,"(Decimal('44.444032'), Decimal('48.662587'))"
уличные барды,"Памятники, скульптуры, мемориалы",Новосибирская область,Новосибирск,"(Decimal('82.92043'), Decimal('55.030199'))"
Аллея космонавтов и памятник Сергею Королеву.,"Памятники, скульптуры, мемориалы",Москва,,Not found
Люкс «Аллея». Памятник Петру и Февронии,"Памятники, скульптуры, мемориалы",Ханты-Мансийский автономный округ,Нягань,Not found
Память вызова Alley,"Памятники, скульптуры, мемориалы",Новосибирская область,Новосибирск,"(Decimal('82.932746'), Decimal('55.02589'))"
писатели,"Памятники, скульптуры, мемориалы",Мурманская область,Мурманск,"(Decimal('33.074981'), Decimal('68.970682'))"
Авиационная Аллея Почета,"Памятники, скульптуры, мемориалы",Ханты-Мансийский автономный округ,Нижневартовск,"(Decimal('76.558902'), Decimal('60.938545'))"
аллейные скульптуры,"Памятники, скульптуры, мемориалы",Ленинградская область,Выборг,"(Decimal('28.749404'), Decimal('60.710232'))"
Аллея спортивной славы Югры,"Памятники, скульптуры, мемориалы",Ханты-Мансийский автономный округ,Ханты-Мансийск,"(Decimal('69.012937'), Decimal('61.007929'))"
ангел-хранитель города,"Памятники, скульптуры, мемориалы",Волгоградская область,Волгоград,"(Decimal('44.516948'), Decimal('48.707067'))"
Арка в честь явления иконы Божией Матери «Урюпинская».,"Памятники, скульптуры, мемориалы",Волгоградская область,Урюпинск,"(Decimal('42.015194'), Decimal('50.799754'))"
Арка памяти воинам-миротворцам и героям-ликвидаторам,"Памятники, скульптуры, мемориалы",Краснодарский край,Краснодар,Not found
"Арт-объект ""Купеческий сундук""","Памятники, скульптуры, мемориалы",Республика Коми,Сыктывкар,"(Decimal('50.836399'), Decimal('61.668793'))"
Арт-объект «Сердце» на вокзале Славгорода,"Памятники, скульптуры, мемориалы",Алтайский край,Славгород,"(Decimal('78.64594'), Decimal('52.999375'))"
"Арт-объект ""Тульский алфавит""","Памятники, скульптуры, мемориалы",Тульская область,Тула,"(Decimal('37.57174'), Decimal('54.17779'))"
канонерская лодка,"Памятники, скульптуры, мемориалы",Амурская область,Благовещенск,"(Decimal('127.527173'), Decimal('50.29064'))"
Архангельское кладбище,Кладбища и кладбища,Республика Татарстан,Казань,"(Decimal('49.14117'), Decimal('55.760631'))"
Архитектурная композиция «Города-побратимы».,"Памятники, скульптуры, мемориалы",Краснодарский край,Новороссийск,"(Decimal('37.736572'), Decimal('44.702543'))"
Архитектурно-парковый комплекс «Добрый ангел мира»,"Памятники, скульптуры, мемориалы",Ханты-Мансийский автономный округ,Нижневартовск,"(Decimal('76.585753'), Decimal('60.94122'))"
Архитектурно-художественная композиция «Сибирские просторы».,"Памятники, скульптуры, мемориалы",Новосибирская область,Новосибирск,"(Decimal('82.720851'), Decimal('54.856999'))"
Астрономическая точка Соломбальская гавань порта Архангельска,"Памятники, скульптуры, мемориалы",Архангельская область,Архангельск,"(Decimal('40.515753'), Decimal('64.539911'))"
Бас «Запорожские казаки пишут письмо турецкому султану»,"Памятники, скульптуры, мемориалы",Краснодарский край,Краснодар,"(Decimal('38.975313'), Decimal('45.03547'))"
Барельефские святые варвары,"Памятники, скульптуры, мемориалы",Республика Саха (Якутия),Нерюнгри,"(Decimal('124.720315'), Decimal('56.659948'))"
Барельефы Летнего дворца.,"Памятники, скульптуры, мемориалы",Санкт-Петербург,Санкт-Петербург,"(Decimal('30.311574'), Decimal('59.939627'))"
башня Позднякова,архитектура,Смоленская область,Смоленск,"(Decimal('32.045251'), Decimal('54.782635'))"
блокирующий громкоговоритель,"Памятники, скульптуры, мемориалы",Санкт-Петербург,Санкт-Петербург,"(Decimal('30.315868'), Decimal('59.939095'))"
Большая железная книга,"Памятники, скульптуры, мемориалы",Новосибирская область,Новосибирск,"(Decimal('82.92043'), Decimal('55.030199'))"
"Братская могила моряков-торпедных катеров, погибших в боях с немецко-фашистскими захватчиками","Памятники, скульптуры, мемориалы",Краснодарский край,Геленджик,Not found
Бронекатер АК-454,военная слава,Пермь,Пермский,"(Decimal('56.229434'), Decimal('58.01045'))"
Бронекатер БЦ-13,"Памятники, скульптуры, мемориалы",Волгоградская область,Волгоград,"(Decimal('44.516948'), Decimal('48.707067'))"
Бронепоезд &quot;Тульский рабочий&quot;,военная слава,Тульская область,Тула,Not found
Бронзовый памятник Буяну Бадыргы.,"Памятники, скульптуры, мемориалы",Республика Тыва,красный,"(Decimal('94.437757'), Decimal('51.719086'))"
Будда мира,"Памятники, скульптуры, мемориалы",Приморский край,Владивосток,"(Decimal('131.948618'), Decimal('43.108178'))"
Бюст А.Г. Николаева,"Памятники, скульптуры, мемориалы",Смоленская область,Смоленск,"(Decimal('32.045251'), Decimal('54.782635'))"
Бюст Серафимовича,"Памятники, скульптуры, мемориалы",Волгоградская область,Волгоград,"(Decimal('44.430925'), Decimal('48.600328'))"
А.А. Бюст Рыжиков,"Памятники, скульптуры, мемориалы",Республика Саха (Якутия),Якутск,"(Decimal('129.746264'), Decimal('62.038722'))"
Бюст А. П. Карпинского,"Памятники, скульптуры, мемориалы",Свердловская область,Карпинск,"(Decimal('60.000319'), Decimal('59.766112'))"
Бюст А.С. Пушкина,"Памятники, скульптуры, мемориалы",Республика Саха (Якутия),Якутск,"(Decimal('129.723518'), Decimal('62.033533'))"
Бюст А.С. Пушкина,"Памятники, скульптуры, мемориалы",Тульская область,Тула,"(Decimal('37.549094'), Decimal('54.118262'))"
Бюст А.С. Пушкина,"Памятники, скульптуры, мемориалы",Республика Калмыкия,Элиста,"(Decimal('44.269328'), Decimal('46.310706'))"
Бюст А. Ф. Дерябина,"Памятники, скульптуры, мемориалы",Удмуртская республика,Ижевск,"(Decimal('53.187838'), Decimal('56.844077'))"
Бюст Афанасия Ордина-Нащокина в Опочке,"Памятники, скульптуры, мемориалы",Псковская область,Опочка,Not found
Бюст Афанасия Ордина-Нащокина в Кривском,"Памятники, скульптуры, мемориалы",Псковская область,Кривск,Not found
Бюст В.М. Приомыховой,"Памятники, скульптуры, мемориалы",Амурская область,Благовещенск,"(Decimal('127.527173'), Decimal('50.29064'))"
Бюст Владиславы Стрижовой,"Памятники, скульптуры, мемориалы",Ямало-Ненецкий автономный округ,Надым,"(Decimal('72.541016'), Decimal('65.526444'))"
Бюст Героя Советского Союза Василия Маргелова.,"Памятники, скульптуры, мемориалы",Псковская область,Псков,"(Decimal('28.295198'), Decimal('57.79926'))"
Бюст Героя Советского Союза Н.И. Кузнецовой.,"Памятники, скульптуры, мемориалы",Свердловская область,,Not found
Бюст Ивана Крылова,"Памятники, скульптуры, мемориалы",Новосибирская область,Новосибирск,"(Decimal('82.927688'), Decimal('55.041106'))"
Бюст И.Е. Репина,"Памятники, скульптуры, мемориалы",Краснодарский край,Краснодар,"(Decimal('38.976786'), Decimal('45.073967'))"
Бюст Иосифу Сталину к 60-летию Победы.,"Памятники, скульптуры, мемориалы",Республика Саха (Якутия),Мирный,"(Decimal('113.975719'), Decimal('62.536116'))"
Бюст Михаила Борисовича Барклая де Толли,"Памятники, скульптуры, мемориалы",Смоленская область,Смоленск,"(Decimal('32.054378'), Decimal('54.778788'))"
Бюст М.И. Голенищева-Кутузова,"Памятники, скульптуры, мемориалы",Псковская область,Псков,"(Decimal('28.332451'), Decimal('57.819274'))"
Бюст М.И.Кутузова,"Памятники, скульптуры, мемориалы",Смоленская область,Смоленск,"(Decimal('32.046949'), Decimal('54.815607'))"
Бюст МЦ Штепкиной,"Памятники, скульптуры, мемориалы",Курская область,Суджа,"(Decimal('35.275242'), Decimal('51.192161'))"
Бюст М.В. Бехтерева,"Памятники, скульптуры, мемориалы",Санкт-Петербург,Санкт-Петербург,"(Decimal('30.403337'), Decimal('59.90381'))"
Бюст М.И. Кутузова,"Памятники, скульптуры, мемориалы",Новосибирская область,Новосибирск,"(Decimal('82.883671'), Decimal('55.069814'))"
Бюст Михаила Лермонтова,"Памятники, скульптуры, мемориалы",Ростовская область,Ростов-на-Дону,"(Decimal('39.715076'), Decimal('47.231802'))"
Бюст Н.В. Гоголя,"Памятники, скульптуры, мемориалы",Новосибирская область,Новосибирск,"(Decimal('82.945421'), Decimal('55.044686'))"
Бюст Н.В. Гоголя,"Памятники, скульптуры, мемориалы",Волгоградская область,Волгоград,"(Decimal('44.514613'), Decimal('48.710236'))"
Бюст Н.Н. Асеевой,"Памятники, скульптуры, мемориалы",Курская область,Курск,"(Decimal('36.161251'), Decimal('51.718768'))"
Бюст Плотников П.А.,"Памятники, скульптуры, мемориалы",Алтайский край,Барнаул,"(Decimal('83.634177'), Decimal('53.149572'))"
Бюст С.Т. Коненкова,"Памятники, скульптуры, мемориалы",Смоленская область,Смоленск,"(Decimal('32.050227'), Decimal('54.784639'))"
СМ бюст Киров,"Памятники, скульптуры, мемориалы",Республика Калмыкия,Элиста,"(Decimal('44.269759'), Decimal('46.307743'))"
Бюст Салавата Юлаева,"Памятники, скульптуры, мемориалы",Республика Башкортостан,Малояз,"(Decimal('58.160004'), Decimal('55.170486'))"
Бюст святителя Иннокентия,"Памятники, скульптуры, мемориалы",Амурская область,Благовещенск,"(Decimal('127.524074'), Decimal('50.259006'))"
Бюст Ф.М. Достоевского,"Памятники, скульптуры, мемориалы",Новосибирская область,Новосибирск,"(Decimal('82.932503'), Decimal('55.047342'))"
Бюст Ф.Н. Мухиной,"Памятники, скульптуры, мемориалы",Амурская область,Благовещенск,"(Decimal('127.512998'), Decimal('50.274713'))"
Бюст Эдварда Берзина,"Памятники, скульптуры, мемориалы",Магаданская область,Магадан,"(Decimal('150.808586'), Decimal('59.565151'))"
Бюст Ю. А. Гагарина,"Памятники, скульптуры, мемориалы",Республика Саха (Якутия),Якутск,"(Decimal('129.745213'), Decimal('62.085773'))"
Бюст Ю. А. Гагарина,"Памятники, скульптуры, мемориалы",Краснодарский край,Краснодар,"(Decimal('38.94999'), Decimal('45.054245'))"
Бюст академику А.П. Александрову,"Памятники, скульптуры, мемориалы",Ленинградская область,Пинери,"(Decimal('29.089569'), Decimal('59.887796'))"
Бюст академику В.С. Пустовойту,"Памятники, скульптуры, мемориалы",Краснодарский край,Краснодар,"(Decimal('38.968459'), Decimal('45.01546'))"
Бюст академика Н.В. Черского,"Памятники, скульптуры, мемориалы",Республика Саха (Якутия),Якутск,"(Decimal('129.700045'), Decimal('62.02806'))"
Бюст генерал-лейтенанту Дмитрию Петровичу Неверовскому,"Памятники, скульптуры, мемориалы",Смоленская область,Смоленск,Not found
Генерал-майор Евгений Иванович бюст Оленины,"Памятники, скульптуры, мемориалы",Смоленская область,Смоленск,Not found
Бюст генерала Николая Николаевича Раевского.,"Памятники, скульптуры, мемориалы",Смоленская область,Смоленск,"(Decimal('32.049769'), Decimal('54.771419'))"
Бюст генералу от инфантерии Дмитрию Сергеевичу Дохтурову,"Памятники, скульптуры, мемориалы",Смоленская область,Смоленск,"(Decimal('32.045251'), Decimal('54.782635'))"
Бюст генералу от инфантерии Петру Багратиону.,"Памятники, скульптуры, мемориалы",Смоленская область,Смоленск,"(Decimal('32.045251'), Decimal('54.782635'))"
Бюст губернатора О.И. Крафт,"Памятники, скульптуры, мемориалы",Республика Саха (Якутия),Якутск,"(Decimal('129.638744'), Decimal('61.980911'))"
Бюст декабриста А. А. Бестужева-Марли,"Памятники, скульптуры, мемориалы",Республика Саха (Якутия),Якутск,"(Decimal('129.754151'), Decimal('62.050164'))"
Бюст декабриста М. Нарышкина,"Памятники, скульптуры, мемориалы",Курганская область,Курган,"(Decimal('65.341118'), Decimal('55.441004'))"
Бюст композитору Василию Агапкину,"Памятники, скульптуры, мемориалы",Рязанская область,,Not found
"Бюст летчика-штурмовика, дважды Героя Советского Союза, М.П. Одинцова.","Памятники, скульптуры, мемориалы",Свердловская область,,Not found
Бюст Маршалу Советского Союза Р.Я. Малиновскому.,военная слава,Хабаровский край,Хабаровск,"(Decimal('135.152325'), Decimal('48.510399'))"
Бюст Героя Советского Союза А.И. трижды Покрышкина,"Памятники, скульптуры, мемориалы",Новосибирская область,Новосибирск,"(Decimal('82.92043'), Decimal('55.030199'))"
Майлпост,"Памятники, скульптуры, мемориалы",Пермь,Соликамск,"(Decimal('56.771029'), Decimal('59.648333'))"
Духовой орган Ульяновск,"Памятники, скульптуры, мемориалы",Ульяновская область,,"(Decimal('48.233566'), Decimal('54.286739'))"
Вечный огонь,"Памятники, скульптуры, мемориалы",Иркутская область,Иркутск,"(Decimal('104.281047'), Decimal('52.287054'))"
Вечный огонь (Мемориал Победы),военная слава,Архангельская область,Архангельск,"(Decimal('40.515753'), Decimal('64.539911'))"
Владивосток Лорд,"Памятники, скульптуры, мемориалы",Приморский край,Владивосток,"(Decimal('131.914554'), Decimal('43.16655'))"
Военный мемориал «Синявинские высоты».,военная слава,Ленинградская область,,"(Decimal('31.098723'), Decimal('59.833606'))"
Военный мемориал в деревне Тие,военная слава,Орловская область,Ти-Заверх,Not found
Ворошиловская батарея,"Памятники, скульптуры, мемориалы",Приморский край,Русский остров,"(Decimal('131.88544'), Decimal('42.981477'))"
Ворота любви,"Памятники, скульптуры, мемориалы",Свердловская область,Первоуральск,"(Decimal('59.943249'), Decimal('56.905839'))"
Ганзейский знак,"Памятники, скульптуры, мемориалы",Новгородская область,Новгород,"(Decimal('31.269915'), Decimal('58.52281'))"
326-й гаубичный артиллерийский полк в Ельце,"Памятники, скульптуры, мемориалы",Липецкая область,Елец,Not found
Географический знак «Европа-Азия»,"Памятники, скульптуры, мемориалы",Ненецкий автономный округ,,Not found
Гигантская авторучка,"Памятники, скульптуры, мемориалы",Алтайский край,Белокуриха,"(Decimal('84.984004'), Decimal('51.99606'))"
Глобус в Лопатинском саду.,"Памятники, скульптуры, мемориалы",Смоленская область,Смоленск,"(Decimal('32.301522'), Decimal('53.864071'))"
Гнездиловская высота,"Памятники, скульптуры, мемориалы",Калужская область,Гнездилово,"(Decimal('33.806784'), Decimal('54.536089'))"
Гончаровская беседка в Ульяновске.,"Памятники, скульптуры, мемориалы",Ульяновская область,,Not found
"Горельеф ""Школа баррикад""","Памятники, скульптуры, мемориалы",Нижегородская область,Нижний Новгород,"(Decimal('43.868086'), Decimal('56.35752'))"
Горельеф ИП Кулибина,"Памятники, скульптуры, мемориалы",Нижегородская область,Нижний Новгород,"(Decimal('43.987301'), Decimal('56.305719'))"
Городская скульптура &quot;Ижик&quot;,"Памятники, скульптуры, мемориалы",Удмуртская республика,Ижевск,Not found
Городская скульптура &quot;Пельмень&quot;,"Памятники, скульптуры, мемориалы",Удмуртская республика,Ижевск,Not found
Городской мемориальный комплекс,"Памятники, скульптуры, мемориалы",Московская область,электросталь,"(Decimal('38.444849'), Decimal('55.784445'))"
Государственный музей Г.К. Жукова,"Памятники, скульптуры, мемориалы",Калужская область,Жуков,"(Decimal('36.718529'), Decimal('55.021333'))"
Групповые могилы «семьи Есфендияровых»,Кладбища и кладбища,Республика Дагестан,Дербент,Not found
"Двор ""Гулливер""","Памятники, скульптуры, мемориалы",Новосибирская область,Новосибирск,"(Decimal('82.952077'), Decimal('54.941467'))"
Скульптуры Двора,"Памятники, скульптуры, мемориалы",Москва,,"(Decimal('37.412514'), Decimal('56.764723'))"
Декоративная скульптура юного скрипача,"Памятники, скульптуры, мемориалы",Воронежская область,Россошь,Not found
Демидов столп,"Памятники, скульптуры, мемориалы",Алтайский край,Барнаул,"(Decimal('83.776856'), Decimal('53.346785'))"
Демидовский столб. Памятник Петру Георгиевичу Демидову,"Памятники, скульптуры, мемориалы",Ярославская область,Ярославль,"(Decimal('39.893804'), Decimal('57.626559'))"
Деревня Стрелковка – родина Жукова.,"Памятники, скульптуры, мемориалы",Калужская область,Стрелковка,"(Decimal('36.73089'), Decimal('55.002583'))"
Деревня Тимониха – родина Василия Белова.,"Памятники, скульптуры, мемориалы",Вологодская область,Тимониха,"(Decimal('39.588952'), Decimal('60.314929'))"
дерево гостеприимства,"Памятники, скульптуры, мемориалы",Вологодская область,Вологда,"(Decimal('39.891523'), Decimal('59.220496'))"
Дерево любви,"Памятники, скульптуры, мемориалы",Республика Бурятия,Улан-Удэ,"(Decimal('107.584574'), Decimal('51.834464'))"
Полностью деревянная ветряная мельница-Конобеевская.,"Памятники, скульптуры, мемориалы",Рязанская область,Целиком Конобеево,Not found
Дизайнерская скамейка в парке Блон,"Памятники, скульптуры, мемориалы",Смоленская область,Смоленск,"(Decimal('32.046329'), Decimal('54.781467'))"
Динамическая скульптура «Явление иконы Пресвятой Богородицы «Троеручица»,"Памятники, скульптуры, мемориалы",Республика Марий Эл,Йошкар-Ола,"(Decimal('47.886178'), Decimal('56.631595'))"
Дом пригоден для проживания,архитектура,Тюменская область,Тюмень,"(Decimal('65.523036'), Decimal('57.151969'))"
"Дом, в котором жила семья Ульяновых","Памятники, скульптуры, мемориалы",Республика Татарстан,Казань,"(Decimal('49.252229'), Decimal('55.779763'))"
"Дом Задалески, святилище Наны","Памятники, скульптуры, мемориалы",Республика Северная Осетия - Алания,Задалеск,"(Decimal('43.803479'), Decimal('43.007689'))"
Екатерининская миля,"Памятники, скульптуры, мемориалы",Севастополь,,"(Decimal('33.54541'), Decimal('44.552964'))"
Жеода перед Уральским государственным горным университетом,"Памятники, скульптуры, мемориалы",Свердловская область,Екатеринбург,"(Decimal('60.597465'), Decimal('56.838011'))"
Жук-скарабей,"Памятники, скульптуры, мемориалы",Пермь,Пермский,"(Decimal('56.229434'), Decimal('58.01045'))"
Строительство религиозной школы,"Памятники, скульптуры, мемориалы",Белгородская область,одинокий волк,"(Decimal('38.400553'), Decimal('50.648389'))"
Здание начальной школы 501-й корпус,"Памятники, скульптуры, мемориалы",Ямало-Ненецкий автономный округ,Салехард,Not found
зеленая скульптура,"Памятники, скульптуры, мемориалы",Красноярский край,,"(Decimal('111.836112'), Decimal('75.588603'))"
змеиная яма,"Памятники, скульптуры, мемориалы",Алтайский край,Белокуриха,"(Decimal('84.984004'), Decimal('51.99606'))"
Знак &quot;Нулевой километр&quot;,"Памятники, скульптуры, мемориалы",Курганская область,Курган,Not found
Золотая аллея в Калуге.,"Сады, скверы, парки",Калужская область,Калуга,"(Decimal('36.167539'), Decimal('54.53284'))"
Статуя царицы Сай-Суу,"Памятники, скульптуры, мемориалы",Республика Тыва,Биджиктиг Каст,"(Decimal('90.63659'), Decimal('51.10269'))"
Ироническая скульптура &quot;Ижевский крокодил&quot;,"Памятники, скульптуры, мемориалы",Удмуртская республика,Ижевск,Not found
Историко-культурный комплекс Усан-Лопсон,"Памятники, скульптуры, мемориалы",Республика Бурятия,,Not found
Их разрушает исторический заповедник-мельница. К.Н. Грудинина,"Памятники, скульптуры, мемориалы",Волгоградская область,,Not found
Исторический комплекс первого нефтяного месторождения «Сухой Лес».,"Памятники, скульптуры, мемориалы",Ханты-Мансийский автономный округ,Нягань,"(Decimal('64.625601'), Decimal('60.182717'))"
Казачий крест на въезде в город Белая Калитва.,"Памятники, скульптуры, мемориалы",Ростовская область,Белая Калитва,Not found
Каменная статуя «Чингисхана»,"Памятники, скульптуры, мемориалы",Республика Тыва,Биджиктиг Каст,"(Decimal('89.664909'), Decimal('51.005568'))"
Камень на месте Екатеринодарской крепости,"Памятники, скульптуры, мемориалы",Краснодарский край,Краснодар,Not found
камень печали,"Памятники, скульптуры, мемориалы",Томская область,Первое мая,"(Decimal('86.234952'), Decimal('57.073193'))"
Капсула времени,"Памятники, скульптуры, мемориалы",Нижегородская область,Нижний Новгород,"(Decimal('43.882971'), Decimal('56.332421'))"
Площадь Капсулы Времени в Историческом,"Памятники, скульптуры, мемориалы",Свердловская область,Екатеринбург,Not found
Капсула пилотируемого космического корабля «Союз ТМА-07М».,"Памятники, скульптуры, мемориалы",Амурская область,,Not found
Карета Екатерины II,"Памятники, скульптуры, мемориалы",Республика Татарстан,Казань,Not found
Кенотаф Цветаева Таруса,"Памятники, скульптуры, мемориалы",Калужская область,Таруса,"(Decimal('37.165522'), Decimal('54.715613'))"
Колокол мира,"Памятники, скульптуры, мемориалы",Санкт-Петербург,Санкт-Петербург,"(Decimal('30.321321'), Decimal('59.9608'))"
Композиция памятника «Олонхо»,"Памятники, скульптуры, мемориалы",Республика Саха (Якутия),Нерюнгри,"(Decimal('124.720315'), Decimal('56.659948'))"
Конный памятник М.И. Платову,военная слава,Ростовская область,Новочеркасск,Not found
Копия Царь-пушки,"Памятники, скульптуры, мемориалы",Республика Марий Эл,Йошкар-Ола,"(Decimal('47.886178'), Decimal('56.631595'))"
Копия Эйфелевой башни,"Памятники, скульптуры, мемориалы",Воронежская область,Воронеж,"(Decimal('39.200269'), Decimal('51.660781'))"
Копытенские ворота Смоленской крепостной стены.,архитектура,Смоленская область,Смоленск,"(Decimal('31.89675'), Decimal('54.823061'))"
Кот в ТЭЦ,"Памятники, скульптуры, мемориалы",Самарская область,,"(Decimal('50.34431'), Decimal('53.452932'))"
Кошки и собаки,"Памятники, скульптуры, мемориалы",Республика Хакасия,,Not found
красный стул,"Памятники, скульптуры, мемориалы",Новосибирская область,Новосибирск,"(Decimal('82.911743'), Decimal('55.063194'))"
Крест на месте затопленного Кривоезерского монастыря,"Памятники, скульптуры, мемориалы",Ивановская область,Юрьевец,"(Decimal('43.110995'), Decimal('57.317815'))"
"Крест на сиденье священника Аввакума, вошедшего в землю Забайкалья","Памятники, скульптуры, мемориалы",Республика Бурятия,,Not found
Герб медведя,"Памятники, скульптуры, мемориалы",Нижегородская область,Васильевка,"(Decimal('42.985051'), Decimal('55.992014'))"
примирение в постели,"Памятники, скульптуры, мемориалы",Приморский край,Владивосток,"(Decimal('131.885485'), Decimal('43.115536'))"
Круглые очки Леннон,"Памятники, скульптуры, мемориалы",Алтайский край,,Not found
Культурно-туристический комплекс «Археопарк».,"Памятники, скульптуры, мемориалы",Ханты-Мансийский автономный округ,Ханты-Мансийск,"(Decimal('69.018902'), Decimal('61.00318'))"
Скамейка,"Памятники, скульптуры, мемориалы",Новосибирская область,Новосибирск,"(Decimal('82.92043'), Decimal('55.030199'))"
Скамейка-кроватка,"Памятники, скульптуры, мемориалы",Новосибирская область,Новосибирск,"(Decimal('82.92043'), Decimal('55.030199'))"
Пирс Львиного дворца,"Памятники, скульптуры, мемориалы",Санкт-Петербург,Санкт-Петербург,"(Decimal('29.280829'), Decimal('59.114428'))"
Львы Чи-АВП на Петровской набережной.,"Памятники, скульптуры, мемориалы",Санкт-Петербург,Санкт-Петербург,"(Decimal('30.315868'), Decimal('59.939095'))"
любовный камень,"Памятники, скульптуры, мемориалы",Тамбовская область,,"(Decimal('42.611855'), Decimal('52.140903'))"
Компоновка корабля «Меркурий».,"Памятники, скульптуры, мемориалы",Воронежская область,Воронеж,"(Decimal('39.200269'), Decimal('51.660781'))"
макет самолета Ньюпор-IV,"Памятники, скульптуры, мемориалы",Нижегородская область,Нижний Новгород,"(Decimal('44.006516'), Decimal('56.326797'))"
Макет самолета Су-2,"Памятники, скульптуры, мемориалы",Волгоградская область,Волгоград,"(Decimal('44.516948'), Decimal('48.707067'))"
"Малая архитектурная форма ""Самовар""","Памятники, скульптуры, мемориалы",Пермь,Кунгур,"(Decimal('56.944206'), Decimal('57.42881'))"
Маски львов на Стрелке Васильевского острова.,"Памятники, скульптуры, мемориалы",Санкт-Петербург,Санкт-Петербург,"(Decimal('30.276243'), Decimal('59.942137'))"
Медный всадник,"Памятники, скульптуры, мемориалы",Санкт-Петербург,Санкт-Петербург,"(Decimal('30.30216'), Decimal('59.937418'))"
Мемориал &quot;Долина героев&quot;,военная слава,Республика Карелия,Питкяранта,Not found
Мемориал &quot;Скорбящий матрос&quot; в Нижнем Тортолово,военная слава,Ленинградская область,,Not found
Мемориал &quot;Тамбовский колхозник&quot;,военная слава,Тамбовская область,Тамбов,Not found
Мемориал 25 комсомольцев,военная слава,Ленинградская область,,Not found
400-летие памяти Орла,"Памятники, скульптуры, мемориалы",Орловская область,Орел,"(Decimal('36.063837'), Decimal('52.970371'))"
Мемориал «Безымянная высота»,военная слава,Ленинградская область,большие пороги,"(Decimal('30.775195'), Decimal('59.773003'))"
Мемориал «Бронированная Победа»,военная слава,Тульская область,Черный,"(Decimal('36.905065'), Decimal('53.458406'))"
Мемориал «в честь героев Курской битвы»,военная слава,Белгородская область,,"(Decimal('37.303198'), Decimal('50.872231'))"
Мемориал «Валимский заграничный»,военная слава,Ленинградская область,Волхов,"(Decimal('32.334742'), Decimal('59.906594'))"
Мемориал «Вечный огонь»,"Памятники, скульптуры, мемориалы",Псковская область,Псков,"(Decimal('31.070534'), Decimal('58.945126'))"
"Мемориал «Вечный огонь». Памятник землякам, павшим в Великой Отечественной войне 1941-1945 годов.",военная слава,Ямало-Ненецкий автономный округ,Надым,"(Decimal('72.531341'), Decimal('65.535924'))"
"Мемориал «Воинам-землякам, погибшим в годы Великой Отечественной войны 1941-1945 гг».","Памятники, скульптуры, мемориалы",Ханты-Мансийский автономный округ,Нижневартовск,"(Decimal('76.558902'), Decimal('60.938545'))"
Мемориал «Воинам-интернационалистам»,"Памятники, скульптуры, мемориалы",Ханты-Мансийский автономный округ,Нижневартовск,"(Decimal('76.558902'), Decimal('60.938545'))"
Мемориал «Журавли»,"Памятники, скульптуры, мемориалы",Московская область,Котлы,"(Decimal('37.863199'), Decimal('55.65984'))"
Мемориал «Исход и возвращение»,"Памятники, скульптуры, мемориалы",Республика Калмыкия,Элиста,Not found
Мемориал «Ксты»,"Памятники, скульптуры, мемориалы",Тверская область,,"(Decimal('32.718628'), Decimal('56.952588'))"
Мемориал «Лысая гора».,архитектура,Волгоградская область,,"(Decimal('44.395334'), Decimal('48.642053'))"
Мемориал «Любин поле»,"Памятники, скульптуры, мемориалы",Новгородская область,,"(Decimal('30.44165'), Decimal('58.48234'))"
Мемориал «Любин поле»,военная слава,Новгородская область,,"(Decimal('30.44165'), Decimal('58.48234'))"
Мемориал «МиГ на взлете»,"Памятники, скульптуры, мемориалы",Пермь,Пермский,"(Decimal('56.579256'), Decimal('58.050802'))"
Мемориал «Мясной Бор»,военная слава,Новгородская область,,"(Decimal('31.473689'), Decimal('58.820551'))"
Мемориал «Павшим в борьбе за социализм»,"Памятники, скульптуры, мемориалы",Алтайский край,Барнаул,"(Decimal('83.776856'), Decimal('53.346785'))"
Мемориал «Памяти основателей Иркутска».,"Памятники, скульптуры, мемориалы",Иркутская область,Иркутск,"(Decimal('104.019951'), Decimal('52.279748'))"
Мемориал «Партизанская слава».,военная слава,Ленинградская область,,"(Decimal('29.890462'), Decimal('58.849827'))"
Мемориал «Родина-мать».,"Памятники, скульптуры, мемориалы",Санкт-Петербург,Санкт-Петербург,"(Decimal('30.465177'), Decimal('59.885408'))"
Мемориал «Скорбящая мать»,"Памятники, скульптуры, мемориалы",Республика Дагестан,Дербент,"(Decimal('48.288776'), Decimal('42.057669'))"
Мемориал «Скорбящая мать» в Реадовском парке.,"Памятники, скульптуры, мемориалы",Смоленская область,Смоленск,"(Decimal('32.045251'), Decimal('54.782635'))"
Мемориал «Сухая долина».,"Памятники, скульптуры, мемориалы",Пермь,Косогор,"(Decimal('57.316746'), Decimal('57.438141'))"
Мемориал А.В.Рюмину,"Памятники, скульптуры, мемориалы",Республика Башкортостан,,"(Decimal('58.600241'), Decimal('55.407622'))"
"Мемориал Яшина. Заповедник ""Бобришный угорь""","Памятники, скульптуры, мемориалы",Вологодская область,Блудново,"(Decimal('45.552706'), Decimal('59.395957'))"
Мемориал В.И. Ленина и марксистам в Нижнем Новгороде,"Памятники, скульптуры, мемориалы",Нижегородская область,Нижний Новгород,"(Decimal('44.006516'), Decimal('56.326797'))"
Мемориал вечной славы,"Памятники, скульптуры, мемориалы",Республика Ингушетия,Назрань,"(Decimal('44.764641'), Decimal('43.225727'))"
Мемориал Вечной Славы погибшим в Великой Отечественной войне,"Памятники, скульптуры, мемориалы",Республика Ингушетия,Назрань,"(Decimal('44.764641'), Decimal('43.225727'))"
Мемориал воинской славы,"Памятники, скульптуры, мемориалы",Республика Марий Эл,Йошкар-Ола,"(Decimal('47.888685'), Decimal('56.636803'))"
Мемориал,"Памятники, скульптуры, мемориалы",Ханты-Мансийский автономный округ,Нягань,"(Decimal('64.803216'), Decimal('60.128951'))"
Мемориал,"Памятники, скульптуры, мемориалы",Ямало-Ненецкий автономный округ,Новый Уренгой,"(Decimal('76.680974'), Decimal('66.083963'))"
Мемориал Славы,военная слава,Республика Саха (Якутия),Нерюнгри,"(Decimal('124.720315'), Decimal('56.659948'))"
Мемориал Славы,"Памятники, скульптуры, мемориалы",Ханты-Мансийский автономный округ,Сургут,"(Decimal('73.395081'), Decimal('61.237817'))"
"Мемориал Славы «Реутовцам, погибшим за свою страну»","Памятники, скульптуры, мемориалы",Московская область,Реутов,"(Decimal('37.855141'), Decimal('55.760515'))"
"Воины Мемориала Славы, погибшие в годы Великой Отечественной войны","Памятники, скульптуры, мемориалы",Ханты-Мансийский автономный округ,Ханты-Мансийск,"(Decimal('69.018902'), Decimal('61.00318'))"
Мемориал Теренция Мальцева,"Памятники, скульптуры, мемориалы",Курганская область,Курган,"(Decimal('65.258401'), Decimal('55.473276'))"
Мемориал битве на реке Воже,"Памятники, скульптуры, мемориалы",Рязанская область,,Not found
Мемориал в Лычково,"Памятники, скульптуры, мемориалы",Новгородская область,Лычково,"(Decimal('32.391354'), Decimal('57.924347'))"
Мемориал в парке Победы,"Памятники, скульптуры, мемориалы",Кировская область,Киров,"(Decimal('49.725371'), Decimal('58.489185'))"
"Мемориал памяти чистоозерцев, погибших на фронте в годы Великой Отечественной войны.","Памятники, скульптуры, мемориалы",Новосибирская область,Чистоозерное,Not found
Мемориал в честь 42-го гвардейского корпуса,"Памятники, скульптуры, мемориалы",Мурманская область,Новосибирск,Not found
Мемориал воинам 32-го полка запасной лыжи,"Памятники, скульптуры, мемориалы",Курганская область,Курган,Not found
"Мемориал воинам, павшим в Великой Отечественной войне 1941-1945 годов.",военная слава,Республика Дагестан,Махачкала,Not found
Мемориал гвардейских минометов «Катюша».,"Памятники, скульптуры, мемориалы",Московская область,электросталь,Not found
Мемориал героям Революции и Гражданской войны (Некрополь),"Памятники, скульптуры, мемориалы",Удмуртская республика,Ижевск,"(Decimal('53.206891'), Decimal('56.852676'))"
Мемориал героям фронта и тыла,"Памятники, скульптуры, мемориалы",Ивановская область,Иваново,Not found
Мемориальный парк и памяти воинов-земляков,"Сады, скверы, парки",Московская область,Степановка (Ильинское с/н),"(Decimal('39.045714'), Decimal('55.535147'))"
Мемориал Иваново погибшим в годы Великой Отечественной войны.,"Памятники, скульптуры, мемориалы",Амурская область,Ивановка,"(Decimal('127.998762'), Decimal('50.361174'))"
Мемориал на месте гибели Юрия Гагарина и В.С. Серегина,"Памятники, скульптуры, мемориалы",Владимирская область,Новоселово,"(Decimal('39.054293'), Decimal('56.062178'))"
Мемориал освободителям Пскова,военная слава,Псковская область,Псков,"(Decimal('31.070534'), Decimal('58.945126'))"
Мемориал «501-я стройка ГУЛАГа»,"Памятники, скульптуры, мемориалы",Ямало-Ненецкий автономный округ,Салехард,"(Decimal('66.614399'), Decimal('66.529844'))"
Мемориал жертвам политических репрессий,"Памятники, скульптуры, мемориалы",Ханты-Мансийский автономный округ,Ханты-Мансийск,Not found
Мемориал летчиков-алсибовцев,военная слава,Республика Саха (Якутия),Забайкальск,"(Decimal('114.911844'), Decimal('60.713731'))"
Мемориал узникам концлагеря «Дулаг 100».,"Памятники, скульптуры, мемориалы",Псковская область,Порхов,Not found
Мемориальная победа,"Памятники, скульптуры, мемориалы",Республика Бурятия,,"(Decimal('107.590539'), Decimal('51.82788'))"
Мемориальный танк Победы Т-34 «Иркутский комсомолец».,военная слава,Иркутская область,Иркутск,"(Decimal('104.263664'), Decimal('52.380166'))"
Мемориал погибшим при исполнении служебного долга сотрудникам полиции,"Памятники, скульптуры, мемориалы",Республика Дагестан,Махачкала,"(Decimal('47.504682'), Decimal('42.98306'))"
Мемориал жертвам шахты шахтерам. Л.Д. Шевякова,"Памятники, скульптуры, мемориалы",Кемеровская область,Междуреченск,Not found
"Мемориал работникам завода «Далдизель», погибшим в годы Великой Отечественной войны.",военная слава,Хабаровский край,Хабаровск,"(Decimal('135.071917'), Decimal('48.480223'))"
"Мемориал работникам завода. Киров, погибший в годы Великой Отечественной войны",военная слава,Хабаровский край,Хабаровск,"(Decimal('135.071917'), Decimal('48.480223'))"
мемориал,"Памятники, скульптуры, мемориалы",Республика Северная Осетия - Алания,Владикавказ,"(Decimal('44.677118'), Decimal('42.999817'))"
"Мемориал Тула, погибшим в годы Великой Отечественной войны 1941-1945 гг.",военная слава,Тульская область,Менделеев,Not found
Мемориал шахтерской славы,"Памятники, скульптуры, мемориалы",Кемеровская область,Междуреченск,"(Decimal('88.070372'), Decimal('53.686596'))"
Мемориал экипажу майора Гудина,"Памятники, скульптуры, мемориалы",Псковская область,Псков,"(Decimal('31.070534'), Decimal('58.945126'))"
Мемориал закончился хребта,"Памятники, скульптуры, мемориалы",Республика Ингушетия,,Not found
Мемориальная арка «Гордятся Кубанью»,"Памятники, скульптуры, мемориалы",Краснодарский край,Краснодар,Not found
Мемориальная доска «Первая Колымская разведочная экспедиция Ю. Билибина»,"Памятники, скульптуры, мемориалы",Магаданская область,Нюкля,"(Decimal('151.245625'), Decimal('59.566664'))"
Мемориальная доска Герою Советского Союза летчику-истребителю П.А. Пилютову.,"Памятники, скульптуры, мемориалы",Санкт-Петербург,Санкт-Петербург,Not found
"Мемориальная доска Герою Советского Союза, политруку пчеловоду А.С.","Памятники, скульптуры, мемориалы",Санкт-Петербург,Санкт-Петербург,Not found
Мемориальная доска II Тамбасову,"Памятники, скульптуры, мемориалы",Санкт-Петербург,Санкт-Петербург,"(Decimal('30.156498'), Decimal('59.834569'))"
Мемориальная доска в честь изобретателя машины времени,"Памятники, скульптуры, мемориалы",Воронежская область,,"(Decimal('40.233395'), Decimal('50.970898'))"
"Мемориальная доска генерал-полковнику, конструктору советских танков З.Я. Котину","Памятники, скульптуры, мемориалы",Санкт-Петербург,Санкт-Петербург,"(Decimal('30.315868'), Decimal('59.939095'))"
Мемориальная доска командиру орудия линкора «Октябрьская революция» И.И. Тамбасову,"Памятники, скульптуры, мемориалы",Санкт-Петербург,Санкт-Петербург,"(Decimal('30.315868'), Decimal('59.939095'))"
Мемориальная доска Маршалу А.А. Кузнецову,"Памятники, скульптуры, мемориалы",Санкт-Петербург,Санкт-Петербург,"(Decimal('30.315868'), Decimal('59.939095'))"
Мемориальная доска на сайте ИТЛ «Створ»,"Памятники, скульптуры, мемориалы",Пермь,Чусовой,"(Decimal('57.819318'), Decimal('58.297548'))"
Мемориальная доска пограничнику А.Д. Гаркавому,"Памятники, скульптуры, мемориалы",Санкт-Петербург,Санкт-Петербург,Not found
Мемориальная доска пограничнику А.Д. Гаркавому,"Памятники, скульптуры, мемориалы",Санкт-Петербург,Санкт-Петербург,Not found
Мемориальная доска с барельефом Ленина,"Памятники, скульптуры, мемориалы",Псковская область,Псков,"(Decimal('28.336897'), Decimal('57.817649'))"
"Мемориальный каменный обелиск землякам, павшим в Великой Отечественной войне 1941-1945 годов.","Памятники, скульптуры, мемориалы",Московская область,большое Гридино,"(Decimal('39.412846'), Decimal('55.432061'))"
Мемориальный комплекс «Красная Талка»,"Памятники, скульптуры, мемориалы",Ивановская область,Иваново,"(Decimal('41.002541'), Decimal('57.011734'))"
Мемориальный комплекс «Памяти погибших 4 июня 1988 года».,"Памятники, скульптуры, мемориалы",Нижегородская область,Арзамас,Not found
Мемориальный комплекс «Город ангелов»,"Памятники, скульптуры, мемориалы",Республика Северная Осетия - Алания,Беслан,"(Decimal('44.565852'), Decimal('43.191526'))"
Мемориальный комплекс «Донские казаки в борьбе с большевиками»,военная слава,Ростовская область,,Not found
"Мемориальный комплекс «За героизм в бою, за подвиг в деле земляки благодарны»",военная слава,Кемеровская область,Ленинск-Кузнецкий,Not found
Мемориальный комплекс «Защитникам неба Родины».,военная слава,Тульская область,Тула,"(Decimal('37.617348'), Decimal('54.193122'))"
Мемориальный комплекс «Невозвращение».,"Памятники, скульптуры, мемориалы",Ростовская область,мой,"(Decimal('40.215797'), Decimal('47.709601'))"
Мемориальный комплекс «Площадь 40-летия Победы».,военная слава,Ростовская область,мой,"(Decimal('40.214009'), Decimal('47.707351'))"
Мемориальный комплекс «Раненый солдат».,"Памятники, скульптуры, мемориалы",Ростовская область,Новошахтинск,"(Decimal('39.934696'), Decimal('47.754315'))"
Мемориальный комплекс «Умершим от ран в больнице Улан-Удэ»,"Памятники, скульптуры, мемориалы",Республика Бурятия,,"(Decimal('107.601319'), Decimal('51.808528'))"
Мемориальный комплекс героев-панфиловцев.,"Памятники, скульптуры, мемориалы",Московская область,Нелидово,"(Decimal('36.018607'), Decimal('55.985327'))"
Мемориальный комплекс в честь Героя Советского Союза маршала артиллерии В.И. Казакова,военная слава,Нижегородская область,Бутурлино,Not found
Мемориальный комплекс воинам-интернационалистам,"Памятники, скульптуры, мемориалы",Смоленская область,Смоленск,"(Decimal('32.045251'), Decimal('54.782635'))"
Мемориальный комплекс воинам-уссурийцам,"Памятники, скульптуры, мемориалы",Приморский край,Уссурийск,"(Decimal('131.95178'), Decimal('43.797273'))"
Мемориальный комплекс жертвам репрессий,"Памятники, скульптуры, мемориалы",Республика Ингушетия,Назрань,"(Decimal('44.764641'), Decimal('43.225727'))"
Мемориальный комплекс советского космонавта А.Г. Николаева,"Памятники, скульптуры, мемориалы",Чувашская Республика,Чоршелы,Not found
Мемориальный комплекс на Мамаевом кургане. Военно-мемориальное кладбище,"Памятники, скульптуры, мемориалы",Волгоградская область,Волгоград,"(Decimal('44.544248'), Decimal('48.73773'))"
"Мемориальный комплекс на Мамаевом кургане. Скульптура ""Родина-мать зовёт!""","Памятники, скульптуры, мемориалы",Волгоградская область,Волгоград,Not found
Мемориальный крест на острове Мочальном.,"Памятники, скульптуры, мемориалы",Нижегородская область,,Not found
Мемориальный парк «Роща пятисот»,военная слава,Ленинградская область,,"(Decimal('28.597921'), Decimal('59.385565'))"
Место гибели экипажа майора Гудина,"Памятники, скульптуры, мемориалы",Псковская область,Псков,"(Decimal('28.423585'), Decimal('57.818104'))"
Место дуэли М.Ю. Лермонтова,"Памятники, скульптуры, мемориалы",Ставропольский край,Пятигорск,"(Decimal('43.079895'), Decimal('44.040625'))"
Казнь Александра Ульянова,"Памятники, скульптуры, мемориалы",Ленинградская область,Шлиссельбург,"(Decimal('31.037871'), Decimal('59.946996'))"
Место базы города Улан-Удэ.,"Памятники, скульптуры, мемориалы",Республика Бурятия,,Not found
Место принятия ислама ингушами,"Памятники, скульптуры, мемориалы",Республика Ингушетия,Назрань,Not found
Место принятия решения,"Памятники, скульптуры, мемориалы",Новосибирская область,Новосибирск,"(Decimal('82.92043'), Decimal('55.030199'))"
металлический трон,"Памятники, скульптуры, мемориалы",Новосибирская область,Новосибирск,"(Decimal('82.92043'), Decimal('55.030199'))"
"МиГ-19 и памятный знак выпускникам Квата, погибшим в Афганистане",военная слава,Калининградская область,,Not found
колонка Михаила,"Памятники, скульптуры, мемориалы",Удмуртская республика,Ижевск,"(Decimal('53.056207'), Decimal('56.810093'))"
Могила А. Тыркова,"Памятники, скульптуры, мемориалы",Новгородская область,,Not found
Могила А.С. Жемчужникова,"Памятники, скульптуры, мемориалы",Липецкая область,кривец,"(Decimal('38.498613'), Decimal('52.202234'))"
Могила Льва Пушкина,"Памятники, скульптуры, мемориалы",Приморский край,Владивосток,"(Decimal('131.885485'), Decimal('43.115536'))"
Могила генерал-майора В.А. Глазкова.,"Памятники, скульптуры, мемориалы",Волгоградская область,Волгоград,"(Decimal('44.537609'), Decimal('48.730213'))"
Могила генерал-майора В.А. Глазкова.,"Памятники, скульптуры, мемориалы",Волгоградская область,Волгоград,"(Decimal('44.537609'), Decimal('48.730213'))"
Могила неизвестного солдата,военная слава,Республика Карелия,Петрозаводск,"(Decimal('31.40901'), Decimal('61.659919'))"
Могила поэта Максимилиана Волошина,"Памятники, скульптуры, мемориалы",Республика Крым,Коктебель,"(Decimal('35.232653'), Decimal('44.955126'))"
Могила родителей В.Г. Белинского,"Памятники, скульптуры, мемориалы",Пензенская область,Белинский,Not found
Модель двигателя Черепановых Барнаул,"Памятники, скульптуры, мемориалы",Алтайский край,Барнаул,Not found
Модель двигателя Черепановых Новоалтайска,"Памятники, скульптуры, мемориалы",Алтайский край,Новоалтайск,"(Decimal('83.934942'), Decimal('53.386814'))"
Модель паровоза Черепановых станции Алтайская,"Памятники, скульптуры, мемориалы",Алтайский край,Новоалтайск,"(Decimal('83.93107'), Decimal('53.412021'))"
Мозаика на здании вокзала Элисты,"Памятники, скульптуры, мемориалы",Республика Калмыкия,Элиста,"(Decimal('44.269759'), Decimal('46.307743'))"
Памятник &quot;Глобус&quot;,"Памятники, скульптуры, мемориалы",Пензенская область,Пенза,Not found
Монумент &quot;Навеки с Россией&quot;,"Памятники, скульптуры, мемориалы",Удмуртская республика,Ижевск,Not found
Памятник 600-летию Калуги.,"Памятники, скульптуры, мемориалы",Калужская область,Калуга,"(Decimal('36.178049'), Decimal('54.455035'))"
Памятник «Бронзовый символ Югры».,"Памятники, скульптуры, мемориалы",Ханты-Мансийский автономный округ,Ханты-Мансийск,"(Decimal('69.012937'), Decimal('61.007929'))"
Монумент «Вечная память воинам-юграм» - памятник погибшим в локальных конфликтах.,"Памятники, скульптуры, мемориалы",Ханты-Мансийский автономный округ,Ханты-Мансийск,"(Decimal('69.018902'), Decimal('61.00318'))"
Памятник «Солдат-освободитель»,"Памятники, скульптуры, мемориалы",Республика Ингушетия,Малгобек,"(Decimal('44.590188'), Decimal('43.509645'))"
Памятник «Звезды Нижневартовского спорта».,"Памятники, скульптуры, мемориалы",Ханты-Мансийский автономный округ,Нижневартовск,Not found
Памятник «Ледяное побоище»,"Памятники, скульптуры, мемориалы",Псковская область,Псков,"(Decimal('28.332451'), Decimal('57.819274'))"
Памятник «Маска скорби».,"Памятники, скульптуры, мемориалы",Магаданская область,Магадан,"(Decimal('150.808586'), Decimal('59.565151'))"
Памятник «Мать Россия».,военная слава,Калининградская область,Калининград,"(Decimal('20.501765'), Decimal('54.717111'))"
Монумент «Навсегда с Россией»,"Памятники, скульптуры, мемориалы",Республика Мордовия,Саранск,Not found
Монумент «Навсегда с Россией»,"Памятники, скульптуры, мемориалы",Кабардино-Балкарская Республика,Нальчик,Not found
Памятник «Памяти шахтерам Кузбасса».,"Памятники, скульптуры, мемориалы",Кемеровская область,Кемерово,"(Decimal('86.075987'), Decimal('55.353852'))"
Памятник «Локомотив»,"Памятники, скульптуры, мемориалы",Республика Саха (Якутия),Томмот,"(Decimal('126.287579'), Decimal('58.958666'))"
Памятник «Локомотив»,памятники железные дороги,Республика Хакасия,,"(Decimal('89.897078'), Decimal('53.386357'))"
Памятник «Покорителям космоса»,"Памятники, скульптуры, мемориалы",Москва,,"(Decimal('37.639473'), Decimal('55.820956'))"
Памятник «Покорителям Самотлора»,"Памятники, скульптуры, мемориалы",Ханты-Мансийский автономный округ,Нижневартовск,"(Decimal('76.622925'), Decimal('60.933221'))"
Памятник «Ружье»,"Памятники, скульптуры, мемориалы",Свердловская область,Каменск-Уральский,"(Decimal('61.918708'), Decimal('56.414927'))"
Монумент «Слава шахтерского труда»,"Памятники, скульптуры, мемориалы",Ростовская область,Новошахтинск,Not found
Памятник «Творец»,"Памятники, скульптуры, мемориалы",Краснодарский край,Краснодар,"(Decimal('38.975313'), Decimal('45.03547'))"
Памятник «Узел Памяти»,военная слава,Магаданская область,Магадан,"(Decimal('150.808586'), Decimal('59.565151'))"
Памятник «Город Флага»,"Памятники, скульптуры, мемориалы",Ханты-Мансийский автономный округ,Нижневартовск,"(Decimal('76.558902'), Decimal('60.938545'))"
Памятник «Царская охота»,"Памятники, скульптуры, мемориалы",Республика Тыва,красный,"(Decimal('94.437757'), Decimal('51.719086'))"
Памятник защитникам Отечества,"Памятники, скульптуры, мемориалы",Московская область,Красногорск,"(Decimal('37.330192'), Decimal('55.831099'))"
Храм памяти и Аллея славы,"Памятники, скульптуры, мемориалы",Новосибирская область,проклинать,"(Decimal('80.283039'), Decimal('55.194476'))"
Памятник Победы,"Памятники, скульптуры, мемориалы",Рязанская область,,"(Decimal('39.6615'), Decimal('54.643988'))"
Монумент Победы в Великой Отечественной войне 1941-1945 годов в Парке Победы.,"Сады, скверы, парки",Московская область,Пущино,"(Decimal('37.613835'), Decimal('54.83783'))"
памятник Славы,военная слава,Кемеровская область,Междуреченск,"(Decimal('88.070372'), Decimal('53.686596'))"
памятник Славы,"Памятники, скульптуры, мемориалы",Новосибирская область,Новосибирск,"(Decimal('82.878101'), Decimal('54.987188'))"
Мемориал был Фахри Паркер,"Памятники, скульптуры, мемориалы",Калужская область,Дубна,"(Decimal('36.467037'), Decimal('55.009487'))"
"Памятник Славы первомайцам, погибшим в 1941-1945 годах.",военная слава,Новосибирская область,Новосибирск,"(Decimal('83.093553'), Decimal('54.837954'))"
Монумент Трудовой Славы,"Памятники, скульптуры, мемориалы",Республика Коми,Сыктывкар,"(Decimal('50.750088'), Decimal('61.78167'))"
Памятник боевой и трудовой славы автозаводцев.,"Памятники, скульптуры, мемориалы",Нижегородская область,Нижний Новгород,"(Decimal('44.006516'), Decimal('56.326797'))"
"Памятник воинам - уроженцам Мордовии, павшим в годы Великой Отечественной войны 1941 - 1945 годов.","Памятники, скульптуры, мемориалы",Республика Мордовия,Саранск,Not found
Памятник героям 115-й кавалерийской дивизии,военная слава,Кабардино-Балкарская Республика,Нальчик,"(Decimal('43.609389'), Decimal('43.516777'))"
Памятник героям Волжской флотилии.,военная слава,Нижегородская область,Нижний Новгород,"(Decimal('43.797505'), Decimal('56.37829'))"
памятник дружбе,"Памятники, скульптуры, мемориалы",Республика Северная Осетия - Алания,Владикавказ,"(Decimal('44.733478'), Decimal('43.048484'))"
Памятник жертвам политических репрессий «Непобежденным»,"Памятники, скульптуры, мемориалы",Республика Тыва,красный,Not found
Старатели памятников Байкало-Амурской магистрали,"Памятники, скульптуры, мемориалы",Республика Бурятия,Таксимо,Not found
Памятник маршалу Жукову,"Памятники, скульптуры, мемориалы",Иркутская область,Иркутск,"(Decimal('104.351735'), Decimal('52.248949'))"
Памятник первооткрывателям месторождений алмазов,"Памятники, скульптуры, мемориалы",Республика Саха (Якутия),Мирный,Not found
грузило для памятника,"Памятники, скульптуры, мемориалы",Республика Бурятия,Северобайкальск,"(Decimal('109.335597'), Decimal('55.635996'))"
Памятник российско-японских отношений,"Памятники, скульптуры, мемориалы",Иркутская область,Иркутск,"(Decimal('104.281047'), Decimal('52.287054'))"
Памятник&quot;Волга&quot;,"Памятники, скульптуры, мемориалы",Ярославская область,,Not found
Памятник Революции 1905-1907 гг.,"Памятники, скульптуры, мемориалы",Москва,,Not found
Памятник-памятник «Доблестным донским казакам»,"Памятники, скульптуры, мемориалы",Волгоградская область,,Not found
"Монументальная художественная композиция ""Атмосфера"".","Памятники, скульптуры, мемориалы",Ханты-Мансийский автономный округ,Ханты-Мансийск,"(Decimal('69.018902'), Decimal('61.00318'))"
Монументальная художественная композиция «Дерево дружбы».,"Памятники, скульптуры, мемориалы",Ханты-Мансийский автономный округ,Ханты-Мансийск,Not found
Монументальный комплекс «Единство и согласие».,"Памятники, скульптуры, мемориалы",Республика Адыгея,Майкоп,Not found
Московские ворота,"Памятники, скульптуры, мемориалы",Иркутская область,Иркутск,"(Decimal('104.286239'), Decimal('52.293917'))"
Мраморные солнечные часы,"Памятники, скульптуры, мемориалы",Свердловская область,,Not found
Музей «Безымянная высота»,"Памятники, скульптуры, мемориалы",Калужская область,,"(Decimal('33.602938'), Decimal('54.070279'))"
Музей «Подводная лодка Б-440».,галереи,Вологодская область,Вытегра,Not found
"Музей-мемориал, посвященный участникам Волочаевской битвы.","Памятники, скульптуры, мемориалы",Еврейская автономная область,Биробиджан,"(Decimal('132.920245'), Decimal('48.792947'))"
Нарвская триумфальная арка,"Памятники, скульптуры, мемориалы",Санкт-Петербург,Санкт-Петербург,"(Decimal('30.319398'), Decimal('59.891661'))"
Никольская надвратная башня,архитектура,Смоленская область,Смоленск,"(Decimal('32.063289'), Decimal('54.777666'))"
Нос майора Ковалёва,"Памятники, скульптуры, мемориалы",Санкт-Петербург,Санкт-Петербург,"(Decimal('29.964735'), Decimal('60.010474'))"
Нулевой километр,"Памятники, скульптуры, мемориалы",Алтайский край,Барнаул,"(Decimal('79.248817'), Decimal('52.648237'))"
Нулевой километр дорог Волгоградской области,"Памятники, скульптуры, мемориалы",Волгоградская область,Волгоград,"(Decimal('44.516427'), Decimal('48.736714'))"
Казанский нулевой меридиан,"Памятники, скульптуры, мемориалы",Республика Татарстан,Казань,"(Decimal('49.083202'), Decimal('55.817249'))"
Обелиск &quot;Европа-Азия&quot;,"Памятники, скульптуры, мемориалы",Пермь,рыбалка,Not found
Обелиск «городу-герою Ленинграду».,"Памятники, скульптуры, мемориалы",Санкт-Петербург,Санкт-Петербург,"(Decimal('30.315868'), Decimal('59.939095'))"
Обелиск «Граница Европы и Азии»,"Памятники, скульптуры, мемориалы",Свердловская область,Курганова,Not found
Обелиск «Пограничники Отечества» и скульптура «Пограничник с собакой»,"Памятники, скульптуры, мемориалы",Воронежская область,Россошь,"(Decimal('39.57652'), Decimal('50.192899'))"
Обелиск Петру I,архитектура,Липецкая область,Липецк,"(Decimal('39.59922'), Decimal('52.60882'))"
Румянцевский обелиск,"Памятники, скульптуры, мемориалы",Санкт-Петербург,Санкт-Петербург,"(Decimal('30.315868'), Decimal('59.939095'))"
обелиск Славы,военная слава,Ульяновская область,,"(Decimal('47.606533'), Decimal('53.891057'))"
Обелиск в честь открытия месторождения Кузнецкого угля.,"Памятники, скульптуры, мемориалы",Кемеровская область,Кемерово,"(Decimal('86.088374'), Decimal('55.354727'))"
Обелиск - Героям Советского Союза - навашинцам,военная слава,Нижегородская область,Навашино,"(Decimal('42.18874'), Decimal('55.543888'))"
"Обелиск землякам, павшим в Великой Отечественной войне 1941-1945 годов.","Памятники, скульптуры, мемориалы",Московская область,Ровер,"(Decimal('36.005321'), Decimal('55.469744'))"
Обелиск на братской могиле защитникам Малгобека,"Памятники, скульптуры, мемориалы",Республика Ингушетия,Малгобек,"(Decimal('44.590188'), Decimal('43.509645'))"
Обелиск на кладбище в Ельце.,"Памятники, скульптуры, мемориалы",Липецкая область,Елец,Not found
Обелиск на месте дома Петра Великого,"Памятники, скульптуры, мемориалы",Ленинградская область,,"(Decimal('29.608975'), Decimal('59.337013'))"
Обелиск на могиле магистрата Варфоломея Валентиновича Якоби.,"Памятники, скульптуры, мемориалы",Республика Бурятия,Новоселенгинск,"(Decimal('106.629279'), Decimal('51.093147'))"
Обелиск основателю Николаевска-на-Амуре Г.И.Невельской,"Памятники, скульптуры, мемориалы",Хабаровский край,Николаевск-на-Амуре,Not found
Орел на горе Горячий,"Памятники, скульптуры, мемориалы",Ставропольский край,Пятигорск,Not found
Пистолетный забор,"Памятники, скульптуры, мемориалы",Санкт-Петербург,Санкт-Петербург,"(Decimal('30.315868'), Decimal('59.939095'))"
Мемориальная доска Юрию Ивановичу Топчеву,"Памятники, скульптуры, мемориалы",Ямало-Ненецкий автономный округ,Надым,Not found
Мемориальная доска на могиле бабушки Максима Горького Акулины Ивановны.,Кладбища и кладбища,Нижегородская область,Нижний Новгород,"(Decimal('44.006516'), Decimal('56.326797'))"
Памятная стела «Никольский – Хрустальное сердце России»,"Памятники, скульптуры, мемориалы",Пензенская область,Никольский,Not found
Памятная стела Победы,"Памятники, скульптуры, мемориалы",Республика Северная Осетия - Алания,Владикавказ,"(Decimal('44.658541'), Decimal('43.043095'))"
Аидская стела скважины П-1 Самотлорского месторождения,"Памятники, скульптуры, мемориалы",Ханты-Мансийский автономный округ,,Not found
Памятник,"Памятники, скульптуры, мемориалы",Курганская область,Курган,"(Decimal('65.341118'), Decimal('55.441004'))"
Памятник «Воронеж – Родина ВДВ».,"Памятники, скульптуры, мемориалы",Воронежская область,Воронеж,"(Decimal('39.237639'), Decimal('51.636449'))"
"Памятник ""Парус""","Памятники, скульптуры, мемориалы",Новгородская область,Новгород,"(Decimal('31.269915'), Decimal('58.52281'))"
Памятник В. Татищеву,"Памятники, скульптуры, мемориалы",Самарская область,,"(Decimal('49.266009'), Decimal('53.079622'))"
Памятник павшим малгобекчанам в годы Великой Отечественной войны,военная слава,Республика Ингушетия,Малгобек,"(Decimal('44.590188'), Decimal('43.509645'))"
Памятник &quot;Дружба навеки&quot;,"Памятники, скульптуры, мемориалы",Москва,,Not found
"Памятник &quot;Землякам-ловениям, погибшим в Великой Отечественной войне&quot;","Памятники, скульптуры, мемориалы",Мурманская область,Ловозеро,Not found
Памятник &quot;Казачья слава&quot;,"Памятники, скульптуры, мемориалы",Волгоградская область,Волгоград,Not found
Памятник &quot;Князю Владимиру&quot;,"Памятники, скульптуры, мемориалы",Белгородская область,Белгород,Not found
Памятник &quot;Первооткрывателям Волжского&quot;,"Памятники, скульптуры, мемориалы",Волгоградская область,Волжский,Not found
Памятник &quot;Преклоненный Серафим&quot;,"Памятники, скульптуры, мемориалы",Курская область,,Not found
Памятник &quot;Призрачная деревня&quot;,военная слава,Ленинградская область,,Not found
Памятник &quot;Рериху – от народа Алтая&quot;,"Памятники, скульптуры, мемориалы",Алтайский край,,Not found
Памятник &quot;Танк Т-18&quot;,военная слава,Хабаровский край,Хабаровск,Not found
Памятник &quot;Танк Т-34&quot;,военная слава,Хабаровский край,Хабаровск,Not found
Памятник &quot;Чайка&quot;,"Памятники, скульптуры, мемориалы",Алтайский край,,Not found
Памятник 1-й Конной армии «Тачанка-Ростовчанин»,военная слава,Ростовская область,Ростов-на-Дону,"(Decimal('39.763136'), Decimal('47.250546'))"
Памятник 100-летию электроосвещения Вологды,"Памятники, скульптуры, мемориалы",Вологодская область,Вологда,Not found
Памятник 1000-летию Ярославля.,"Памятники, скульптуры, мемориалы",Ярославская область,Ярославль,"(Decimal('39.871392'), Decimal('57.617295'))"
1200 охранников памятника,военная слава,Калининградская область,Калининград,"(Decimal('20.512733'), Decimal('54.710454'))"
Памятник 300-летию ВМФ России.,"Памятники, скульптуры, мемориалы",Москва,,"(Decimal('37.4114'), Decimal('55.844394'))"
Памятник 85-миллиметровым зенитным орудиям,военная слава,Тульская область,Тула,Not found
Памятник «Анапа – начало Кавказских гор»,"Памятники, скульптуры, мемориалы",Краснодарский край,Анапа,"(Decimal('37.31617'), Decimal('44.894965'))"
Памятник «Бабушка Пермская нефть»,"Памятники, скульптуры, мемориалы",Пермь,Верхнечусовские города,Not found
Памятник «Белые медведи»,"Памятники, скульптуры, мемориалы",Ямало-Ненецкий автономный округ,Ноябрьск,"(Decimal('75.450938'), Decimal('63.201801'))"
Памятник «Белый гусь».,"Памятники, скульптуры, мемориалы",Курская область,Курск,"(Decimal('36.554255'), Decimal('52.05232'))"
Памятник «Благодарная Россия героям 1812 года».,"Памятники, скульптуры, мемориалы",Смоленская область,Смоленск,"(Decimal('32.045251'), Decimal('54.782635'))"
Памятник «Булыжник – оружие пролетариата».,"Памятники, скульптуры, мемориалы",Москва,,"(Decimal('37.4114'), Decimal('55.844394'))"
"Памятник «В честь строителей, погибших в 1941-1945 годах».","Памятники, скульптуры, мемориалы",Мурманская область,Мурманск,Not found
Памятник «Верблюд – хозяин степи»,"Памятники, скульптуры, мемориалы",Республика Калмыкия,Элиста,Not found
Монумент «Вечная слава»,"Памятники, скульптуры, мемориалы",Ставропольский край,Ставрополь,"(Decimal('41.969101'), Decimal('45.04333'))"
Памятник «Владикавказскому милиционеру».,"Памятники, скульптуры, мемориалы",Республика Северная Осетия - Алания,Владикавказ,"(Decimal('44.68196'), Decimal('43.02115'))"
Памятник «Солдат-освободитель»,"Памятники, скульптуры, мемориалы",Московская область,Серпухов,"(Decimal('37.416763'), Decimal('54.913536'))"
Памятник «Воркута 67 параллель»,"Памятники, скульптуры, мемориалы",Республика Коми,Воркута,"(Decimal('64.061091'), Decimal('67.49741'))"
Памятник «Воронежским воинам-интернационалистам».,"Памятники, скульптуры, мемориалы",Воронежская область,Воронеж,"(Decimal('39.216502'), Decimal('51.730986'))"
Памятник «Воссоединение»,"Памятники, скульптуры, мемориалы",Курская область,свобода,"(Decimal('36.304738'), Decimal('51.973774'))"
"Памятник «Горожане, или Разговор»","Памятники, скульптуры, мемориалы",Свердловская область,Екатеринбург,Not found
Памятник «Гражданин»,"Памятники, скульптуры, мемориалы",Ростовская область,Ростов-на-Дону,"(Decimal('39.720349'), Decimal('47.222078'))"
Памятник «дарующий жизнь»,"Памятники, скульптуры, мемориалы",Ростовская область,Ростов-на-Дону,"(Decimal('40.798345'), Decimal('46.7819'))"
Памятник «Власть» или «Бал Бухгольца»,"Памятники, скульптуры, мемориалы",Омская область,Омск,Not found
"Памятник «Детям, погибшим в годы Великой Отечественной войны»","Памятники, скульптуры, мемориалы",Новгородская область,Лычково,"(Decimal('32.405466'), Decimal('57.915867'))"
Памятник «Джангар»,"Памятники, скульптуры, мемориалы",Республика Калмыкия,Элиста,"(Decimal('45.756129'), Decimal('47.656266'))"
"Памятник «Доброе утро, господин Попов»","Памятники, скульптуры, мемориалы",Пермь,Пермский,Not found
Монумент «Единство фронта и тыла».,военная слава,Пермь,Пермский,"(Decimal('56.174673'), Decimal('57.997264'))"
Памятник «Матросской жене»,"Памятники, скульптуры, мемориалы",Краснодарский край,Новороссийск,"(Decimal('37.768974'), Decimal('44.723912'))"
Памятник «Жеребёнок»,"Памятники, скульптуры, мемориалы",Курская область,Курск,"(Decimal('36.193186'), Decimal('51.73083'))"
Памятник «Жертвам Норильска».,"Памятники, скульптуры, мемориалы",Красноярский край,Норильск,"(Decimal('88.210384'), Decimal('69.343985'))"
Памятник «Жертвам политических репрессий»,"Памятники, скульптуры, мемориалы",Забайкальский край,Чита,"(Decimal('117.858184'), Decimal('50.050363'))"
Памятник «Жирновской Алеше» (Неизвестному солдату),"Памятники, скульптуры, мемориалы",Волгоградская область,Жирновск,"(Decimal('44.778834'), Decimal('50.978713'))"
Памятник «Защитникам Киришской земли».,"Памятники, скульптуры, мемориалы",Ленинградская область,,"(Decimal('29.706298'), Decimal('61.162446'))"
Памятник «Золотой всадник».,"Памятники, скульптуры, мемориалы",Республика Калмыкия,Элиста,"(Decimal('44.269759'), Decimal('46.307743'))"
Памятник «Золотой сноп».,"Памятники, скульптуры, мемориалы",Кемеровская область,Топ-Чебула,"(Decimal('87.620236'), Decimal('56.034149'))"
Памятник «Исход»,"Памятники, скульптуры, мемориалы",Краснодарский край,Новороссийск,"(Decimal('37.768974'), Decimal('44.723912'))"
Памятник «Казаки – основатели земли Кубанской»,"Памятники, скульптуры, мемориалы",Краснодарский край,Краснодар,Not found
Памятник «Камень на ладони»,"Памятники, скульптуры, мемориалы",Кемеровская область,Шалым,Not found
"Памятник ""Кировчане - Фронт""","Памятники, скульптуры, мемориалы",Кировская область,,"(Decimal('50.093582'), Decimal('57.392567'))"
Памятник «Клятва молодости».,"Памятники, скульптуры, мемориалы",Ростовская область,Таганрог,"(Decimal('38.914713'), Decimal('47.22064'))"
Памятник «Книга»,"Памятники, скульптуры, мемориалы",Ростовская область,Ростов-на-Дону,"(Decimal('39.720349'), Decimal('47.222078'))"
Памятник «Колокол»,"Памятники, скульптуры, мемориалы",Ростовская область,Ростов-на-Дону,"(Decimal('39.720349'), Decimal('47.222078'))"
Памятник «Прекрасная Ангара»,"Памятники, скульптуры, мемориалы",Республика Бурятия,,"(Decimal('111.819807'), Decimal('56.2436'))"
Памятник «Твердое рукопожатие»,"Памятники, скульптуры, мемориалы",Курская область,Курск,"(Decimal('36.193186'), Decimal('51.73083'))"
Памятник «Купец-разносчик и его кот»,"Памятники, скульптуры, мемориалы",Ростовская область,Ростов-на-Дону,Not found
Памятник «Курская Антоновка».,"Памятники, скульптуры, мемориалы",Курская область,Курск,"(Decimal('36.837251'), Decimal('51.989966'))"
Памятник «Курский соловей».,"Памятники, скульптуры, мемориалы",Курская область,Курск,"(Decimal('36.282442'), Decimal('51.749429'))"
Памятник «Лечебное кресло №0001»,"Памятники, скульптуры, мемориалы",Воронежская область,Воронеж,"(Decimal('39.212765'), Decimal('51.696902'))"
Памятник «Вкус ложки»,"Памятники, скульптуры, мемориалы",Нижегородская область,Нижний Новгород,"(Decimal('43.765543'), Decimal('56.235496'))"
Памятник «Матери войны».,военная слава,Ленинградская область,Подпорожье,"(Decimal('34.156813'), Decimal('60.912784'))"
Памятник «Врачам Царицын – Сталинград – Волгоград»,"Памятники, скульптуры, мемориалы",Волгоградская область,Волгоград,Not found
Памятник «Мемориал Шахтерской славы»,"Памятники, скульптуры, мемориалы",Ростовская область,мой,"(Decimal('40.205942'), Decimal('47.70518'))"
Памятник «Малыш в капусте».,"Памятники, скульптуры, мемориалы",Томская область,Томск,"(Decimal('85.085477'), Decimal('56.517574'))"
Памятник «Москва-Петушки».,"Памятники, скульптуры, мемориалы",Москва,,"(Decimal('37.4114'), Decimal('55.844394'))"
Памятник «Человек с собакой».,"Памятники, скульптуры, мемориалы",Красноярский край,Красноярск,Not found
Монумент «Мы победили! От Баскунчака до Берлина»,"Памятники, скульптуры, мемориалы",Астраханская область,Актуинск,"(Decimal('46.164413'), Decimal('48.284884'))"
Памятник «Мэрген – лучник»,"Памятники, скульптуры, мемориалы",Республика Бурятия,,Not found
Памятник «Небесный воин» («Тенгерийн Баатар»).,"Памятники, скульптуры, мемориалы",Республика Бурятия,,Not found
Памятник «Мастерам нефтяного ремесла».,"Памятники, скульптуры, мемориалы",Ханты-Мансийский автономный округ,Нягань,Not found
Памятник «Новороссийская республика».,"Памятники, скульптуры, мемориалы",Краснодарский край,Новороссийск,"(Decimal('37.768974'), Decimal('44.723912'))"
Памятник «Ожидание»,"Памятники, скульптуры, мемориалы",Республика Тыва,Мугур-Аксы,"(Decimal('90.43251'), Decimal('50.382517'))"
Памятник «Увядший цветок».,"Памятники, скульптуры, мемориалы",Смоленская область,Смоленск,"(Decimal('32.045251'), Decimal('54.782635'))"
Памятник «Орленок»,"Памятники, скульптуры, мемориалы",Республика Хакасия,Абакан,"(Decimal('91.45049'), Decimal('53.721562'))"
Памятник «Отдал свою жизнь во имя жизни»,"Памятники, скульптуры, мемориалы",Тульская область,Тула,Not found
"Памятник «В память о забытой войне, изменившей ход истории»",военная слава,Калининградская область,Калининград,"(Decimal('20.512733'), Decimal('54.710454'))"
Памятник «Пермяцкие соленые уши».,"Памятники, скульптуры, мемориалы",Пермь,Пермский,Not found
Памятник «Пионерам Колымы и Чукотки».,"Памятники, скульптуры, мемориалы",Магаданская область,Магадан,"(Decimal('150.808586'), Decimal('59.565151'))"
Памятник «Пионерам Уренгоя»,"Памятники, скульптуры, мемориалы",Ямало-Ненецкий автономный округ,Новый Уренгой,Not found
Памятник «Погибшие деревни»,"Памятники, скульптуры, мемориалы",Ленинградская область,,"(Decimal('29.706298'), Decimal('61.162446'))"
"Памятник «портовикам, погибшим в годы Великой Отечественной войны, трудовая контора»","Памятники, скульптуры, мемориалы",Мурманская область,Мурманск,"(Decimal('33.074981'), Decimal('68.970682'))"
Памятник «Поэт и крестьянин»,"Памятники, скульптуры, мемориалы",Псковская область,Псков,Not found
Памятник «Пролетарцам-героям славы!»,"Памятники, скульптуры, мемориалы",Тульская область,Тула,"(Decimal('37.617348'), Decimal('54.193122'))"
Памятник «Профессор и студент»,"Памятники, скульптуры, мемориалы",Воронежская область,Воронеж,"(Decimal('39.216502'), Decimal('51.730986'))"
Памятник «Прощание. Жертвам политических репрессий посвящается»,"Памятники, скульптуры, мемориалы",Алтайский край,Барнаул,"(Decimal('83.776856'), Decimal('53.346785'))"
Памятник «Пушка ЗИС-3».,военная слава,Тульская область,Тула,"(Decimal('37.617348'), Decimal('54.193122'))"
Памятник «Пушкин и Муза».,"Памятники, скульптуры, мемориалы",Республика Мордовия,Саранск,Not found
Памятник «Рабочий-боец».,"Памятники, скульптуры, мемориалы",Москва,,"(Decimal('37.4114'), Decimal('55.844394'))"
Памятник «Равновесие»,"Памятники, скульптуры, мемориалы",Смоленская область,Смоленск,"(Decimal('32.045251'), Decimal('54.782635'))"
Памятник «Разорванное кольцо».,мемориальные комплексы,Ленинградская область,,"(Decimal('29.706298'), Decimal('61.162446'))"
"Памятник «Сверстникам, ушедшим воевать»","Памятники, скульптуры, мемориалы",Республика Бурятия,,"(Decimal('107.601319'), Decimal('51.808528'))"
"Памятник ""Ростовчанин""","Памятники, скульптуры, мемориалы",Ростовская область,Ростов-на-Дону,"(Decimal('39.720349'), Decimal('47.222078'))"
Памятник «Русское лапоть».,"Памятники, скульптуры, мемориалы",Смоленская область,Вязьма,"(Decimal('34.298037'), Decimal('55.205944'))"
Памятник «Урупским сейнерам-рыбакам»,"Памятники, скульптуры, мемориалы",Краснодарский край,Новороссийск,Not found
Памятник «Свидание».,"Памятники, скульптуры, мемориалы",Курская область,Курск,"(Decimal('36.193186'), Decimal('51.73083'))"
Памятник «Поколения»,"Памятники, скульптуры, мемориалы",Ханты-Мансийский автономный округ,Нягань,"(Decimal('64.803216'), Decimal('60.128951'))"
Памятник «Серый Урал».,"Памятники, скульптуры, мемориалы",Свердловская область,Екатеринбург,"(Decimal('60.597465'), Decimal('56.838011'))"
Памятник «Семейные узы»,"Памятники, скульптуры, мемориалы",Томская область,Томск,"(Decimal('84.947649'), Decimal('56.48464'))"
Памятник «Семья»,"Памятники, скульптуры, мемориалы",Астраханская область,Астрахань,"(Decimal('48.033574'), Decimal('46.347869'))"
Памятник «Сердце матери».,"Памятники, скульптуры, мемориалы",Республика Северная Осетия - Алания,Владикавказ,"(Decimal('44.68196'), Decimal('43.02115'))"
Памятник «Скорбяштый ангел»,мемориальные комплексы,Самарская область,Тольятти,"(Decimal('49.41918'), Decimal('53.5088'))"
Монумент «Слава»,"Памятники, скульптуры, мемориалы",Камчатский край,Петропавловск-Камчатский,"(Decimal('158.64371'), Decimal('53.019915'))"
Памятник «Современному предпринимателю»,"Памятники, скульптуры, мемориалы",Курская область,Курск,"(Decimal('36.193186'), Decimal('51.73083'))"
Памятник «Солдату Ямала».,военная слава,Ямало-Ненецкий автономный округ,пурпурный,"(Decimal('76.693631'), Decimal('64.476252'))"
Памятник «Воинству Калмыкии».,"Памятники, скульптуры, мемориалы",Республика Калмыкия,Элиста,Not found
"Памятник «Сотрудникам Мурманской милиции, погибшим в Великую Отечественную войну и в мирное время»","Памятники, скульптуры, мемориалы",Мурманская область,Мурманск,"(Decimal('33.074981'), Decimal('68.970682'))"
Монумент «Стабильность и процветание»,"Памятники, скульптуры, мемориалы",Нижегородская область,Нижний Новгород,"(Decimal('43.765543'), Decimal('56.235496'))"
Памятник «Старик Хоппер»,"Памятники, скульптуры, мемориалы",Пензенская область,кучи,"(Decimal('44.522131'), Decimal('52.989185'))"
Памятник «Забастовка 1902 года».,"Памятники, скульптуры, мемориалы",Ростовская область,Ростов-на-Дону,"(Decimal('39.69419'), Decimal('47.213326'))"
Памятник «Строитель»,"Памятники, скульптуры, мемориалы",Ростовская область,Ростов-на-Дону,"(Decimal('39.64383'), Decimal('47.250705'))"
Памятник «Танк Т-34»,"Памятники, скульптуры, мемориалы",Камчатский край,Петропавловск-Камчатский,"(Decimal('158.64371'), Decimal('53.019915'))"
Памятник «Торпедный катер»,"Памятники, скульптуры, мемориалы",Камчатский край,Петропавловск-Камчатский,"(Decimal('158.64371'), Decimal('53.019915'))"
Памятник «Учитель и ученик»,"Памятники, скульптуры, мемориалы",Кемеровская область,Новокузнецк,"(Decimal('87.183331'), Decimal('53.782496'))"
Памятник «Мой первый учитель»,"Памятники, скульптуры, мемориалы",Курская область,Курск,Not found
Памятник «Фотограф и дама у самовара».,"Памятники, скульптуры, мемориалы",Омская область,Омск,"(Decimal('73.368212'), Decimal('54.989342'))"
Памятник «Халява»,"Памятники, скульптуры, мемориалы",Ульяновская область,,"(Decimal('47.606533'), Decimal('53.891057'))"
Памятник «Царь-плотник».,"Памятники, скульптуры, мемориалы",Санкт-Петербург,Санкт-Петербург,"(Decimal('30.315868'), Decimal('59.939095'))"
Памятник «Цветок жизни»,военная слава,Ленинградская область,,"(Decimal('30.8346'), Decimal('60.091863'))"
Памятник «Черный тюльпан».,военная слава,Хабаровский край,Хабаровск,"(Decimal('140.504164'), Decimal('50.22327'))"
Памятник «Читатель»,"Памятники, скульптуры, мемориалы",Ростовская область,Ростов-на-Дону,"(Decimal('39.720349'), Decimal('47.222078'))"
Достопримечательность «Курцер»,"Памятники, скульптуры, мемориалы",Свердловская область,Арамиль,"(Decimal('60.834342'), Decimal('56.694563'))"
Памятник «Эра космоса»,"Памятники, скульптуры, мемориалы",Ярославская область,Рыбинск,"(Decimal('38.858406'), Decimal('58.048454'))"
Монумент «Эхо войны»,военная слава,Ленинградская область,,"(Decimal('29.146073'), Decimal('59.876459'))"
Памятник «хвосту»,"Памятники, скульптуры, мемориалы",Тульская область,Тула,"(Decimal('37.617348'), Decimal('54.193122'))"
Памятник «челноку» в Благовещенске.,"Памятники, скульптуры, мемориалы",Амурская область,Благовещенск,Not found
Памятник Ёсано Акико,"Памятники, скульптуры, мемориалы",Приморский край,Владивосток,"(Decimal('131.885485'), Decimal('43.115536'))"
Памятник А.А. Баранову,"Памятники, скульптуры, мемориалы",Архангельская область,Каргополь,Not found
Памятник Александру Суворову,"Памятники, скульптуры, мемориалы",Ростовская область,Новочеркасск,"(Decimal('40.086727'), Decimal('47.482247'))"
Памятник А.Д. Крячкову,"Памятники, скульптуры, мемориалы",Новосибирская область,Новосибирск,"(Decimal('82.92043'), Decimal('55.030199'))"
Памятник А. Дубенскому в Красноярске,"Памятники, скульптуры, мемориалы",Красноярский край,,"(Decimal('93.245728'), Decimal('52.841982'))"
Памятник А.И. Покрышкину,"Памятники, скульптуры, мемориалы",Новосибирская область,Новосибирск,Not found
Памятник А.Н. Либеровой,"Памятники, скульптуры, мемориалы",Омская область,Омск,"(Decimal('73.368212'), Decimal('54.989342'))"
Памятник А.П. Платонову,"Памятники, скульптуры, мемориалы",Воронежская область,,Not found
Памятник Чехову,"Памятники, скульптуры, мемориалы",Пермь,Пермский,"(Decimal('56.229434'), Decimal('58.01045'))"
Памятник Чехову,"Памятники, скульптуры, мемориалы",Республика Бурятия,,Not found
Памятник Чехову,"Памятники, скульптуры, мемориалы",Ростовская область,Ростов-на-Дону,"(Decimal('39.720349'), Decimal('47.222078'))"
Памятник Александру Сергеевичу Грину,"Памятники, скульптуры, мемориалы",Кировская область,Киров,"(Decimal('49.668014'), Decimal('58.603591'))"
Памятник Александру Пушкину,"Памятники, скульптуры, мемориалы",Пермь,Пермский,"(Decimal('56.229434'), Decimal('58.01045'))"
Памятник Александру Пушкину,"Памятники, скульптуры, мемориалы",Удмуртская республика,Ижевск,"(Decimal('53.206891'), Decimal('56.852676'))"
Памятник Александру Пушкину,"Памятники, скульптуры, мемориалы",Алтайский край,Барнаул,"(Decimal('83.776856'), Decimal('53.346785'))"
Памятник Александру Пушкину,"Памятники, скульптуры, мемориалы",Воронежская область,Воронеж,"(Decimal('39.200269'), Decimal('51.660781'))"
Памятник Александру Пушкину,"Памятники, скульптуры, мемориалы",Ростовская область,Ростов-на-Дону,"(Decimal('39.720349'), Decimal('47.222078'))"
Памятник Пушкину в Волгограде,"Памятники, скульптуры, мемориалы",Волгоградская область,Волгоград,"(Decimal('44.513238'), Decimal('48.705319'))"
Памятник Твардовскому и Б. Теркиной,"Памятники, скульптуры, мемориалы",Смоленская область,Смоленск,"(Decimal('32.045251'), Decimal('54.782635'))"
Памятник А.В. Колчаку,"Памятники, скульптуры, мемориалы",Иркутская область,Иркутск,"(Decimal('104.263125'), Decimal('52.287654'))"
Памятник А.В. Кольцову,"Памятники, скульптуры, мемориалы",Воронежская область,Воронеж,"(Decimal('39.190711'), Decimal('51.653383'))"
Памятник А.В. Суворову,"Памятники, скульптуры, мемориалы",Краснодарский край,Краснодар,"(Decimal('38.968459'), Decimal('45.01546'))"
Памятник нашей эры Цюрупе,"Памятники, скульптуры, мемориалы",Республика Башкортостан,Уфа,"(Decimal('55.958727'), Decimal('54.735147'))"
Памятник А.Е. Котомкину,"Памятники, скульптуры, мемориалы",Республика Марий Эл,Йошкар-Ола,"(Decimal('46.228122'), Decimal('56.183078'))"
Памятник А.И. Герцену,"Памятники, скульптуры, мемориалы",Кировская область,Киров,"(Decimal('49.721706'), Decimal('58.605133'))"
Памятник А.И. Герцену,"Памятники, скульптуры, мемориалы",Москва,,"(Decimal('37.596273'), Decimal('55.713152'))"
"Памятник А.И. Казарскому (бриг ""Меркурий"")",военная слава,Севастополь,,"(Decimal('33.489912'), Decimal('44.499691'))"
Памятник А.Н. Островскому у Малого театра,"Памятники, скульптуры, мемориалы",Москва,,Not found
Памятник толстый,"Памятники, скульптуры, мемориалы",Москва,,"(Decimal('37.286292'), Decimal('55.605058'))"
Памятник А.П. Платонову,"Памятники, скульптуры, мемориалы",Воронежская область,Воронеж,"(Decimal('39.200269'), Decimal('51.660781'))"
Памятник АП Чехову,"Памятники, скульптуры, мемориалы",Москва,,Not found
памятник А.П. Ермолову,"Памятники, скульптуры, мемориалы",Ставропольский край,Пятигорск,"(Decimal('43.07084'), Decimal('44.03929'))"
Памятник АС Грибоедову,"Памятники, скульптуры, мемориалы",Москва,,"(Decimal('37.644621'), Decimal('55.76645'))"
Памятник А.С. Попову,"Памятники, скульптуры, мемориалы",Пермь,Пермский,"(Decimal('56.229434'), Decimal('58.01045'))"
Памятник А.С. Пушкину,"Памятники, скульптуры, мемориалы",Приморский край,Владивосток,"(Decimal('131.885485'), Decimal('43.115536'))"
Памятник А.С. Пушкину,"Памятники, скульптуры, мемориалы",Кемеровская область,Кемерово,"(Decimal('86.088374'), Decimal('55.354727'))"
Памятник А.С. Пушкину,"Памятники, скульптуры, мемориалы",Москва,,Not found
Памятник А.С. Пушкину,"Памятники, скульптуры, мемориалы",Воронежская область,Воронеж,"(Decimal('39.200269'), Decimal('51.660781'))"
Памятник А.С. Пушкину,"Памятники, скульптуры, мемориалы",Краснодарский край,Новороссийск,"(Decimal('37.768974'), Decimal('44.723912'))"
Памятник А.С. Пушкину,"Памятники, скульптуры, мемориалы",Республика Калмыкия,Элиста,"(Decimal('44.269759'), Decimal('46.307743'))"
Памятник А.С. Пушкину и Н.Н. Гончаровой,"Памятники, скульптуры, мемориалы",Москва,,"(Decimal('37.4114'), Decimal('55.844394'))"
Памятник А.С. Пушкину на Старом Арбате,"Памятники, скульптуры, мемориалы",Москва,,"(Decimal('37.4114'), Decimal('55.844394'))"
Памятник Авксентию Мординову,"Памятники, скульптуры, мемориалы",Республика Саха (Якутия),Якутск,"(Decimal('129.664885'), Decimal('62.031436'))"
Памятник Азизу Алиеву,"Памятники, скульптуры, мемориалы",Республика Дагестан,Махачкала,"(Decimal('47.504682'), Decimal('42.98306'))"
Памятник Аксо Колиеву,"Памятники, скульптуры, мемориалы",Республика Северная Осетия - Алания,Владикавказ,"(Decimal('44.688886'), Decimal('43.016213'))"
Памятник Александру I,"Памятники, скульптуры, мемориалы",Ростовская область,Таганрог,"(Decimal('38.914713'), Decimal('47.22064'))"
Памятник Александру II,"Памятники, скульптуры, мемориалы",Ростовская область,мой,Not found
Памятник Александру II у Храма Христа Спасителя,"Памятники, скульптуры, мемориалы",Москва,,Not found
Памятник Александру III,"Памятники, скульптуры, мемориалы",Санкт-Петербург,Санкт-Петербург,"(Decimal('30.315868'), Decimal('59.939095'))"
Памятник Александру III,"Памятники, скульптуры, мемориалы",Иркутская область,Иркутск,"(Decimal('104.277067'), Decimal('52.275373'))"
Памятник Александру III,"Памятники, скульптуры, мемориалы",Нижегородская область,Нижний Новгород,"(Decimal('43.765543'), Decimal('56.235496'))"
Памятник Александру Вампилову,"Памятники, скульптуры, мемориалы",Иркутская область,,Not found
Памятник Александру Невскому,"Памятники, скульптуры, мемориалы",Волгоградская область,Волгоград,"(Decimal('44.516948'), Decimal('48.707067'))"
Памятник Александру Невскому в Городце.,"Памятники, скульптуры, мемориалы",Нижегородская область,Городец,Not found
Памятник Александру Пушкину,"Памятники, скульптуры, мемориалы",Ростовская область,Таганрог,"(Decimal('38.914713'), Decimal('47.22064'))"
Памятник Александру Степановичу Попову,"Памятники, скульптуры, мемориалы",Свердловская область,Екатеринбург,Not found
Памятник Александру Чекалину,военная слава,Тульская область,Тула,"(Decimal('37.617348'), Decimal('54.193122'))"
Памятник Александру фон Келлеру,"Памятники, скульптуры, мемориалы",Республика Марий Эл,Йошкар-Ола,Not found
Памятник Алеше Пешкову,"Памятники, скульптуры, мемориалы",Нижегородская область,Нижний Новгород,"(Decimal('43.765543'), Decimal('56.235496'))"
Памятник Али Алиеву,"Памятники, скульптуры, мемориалы",Республика Дагестан,Махачкала,"(Decimal('47.541845'), Decimal('42.969175'))"
Памятник Султану Амет-Хану,"Памятники, скульптуры, мемориалы",Республика Дагестан,Махачкала,"(Decimal('47.504682'), Decimal('42.98306'))"
Памятник Амуру и Зее,"Памятники, скульптуры, мемориалы",Амурская область,Благовещенск,Not found
Памятник Анатолию Бредову,военная слава,Мурманская область,Мурманск,"(Decimal('33.074981'), Decimal('68.970682'))"
Памятник Анатолию Папанову Вязьма,"Памятники, скульптуры, мемориалы",Смоленская область,Вязьма,Not found
Памятник Андрею Ивановичу Наливайко,"Памятники, скульптуры, мемориалы",Ямало-Ненецкий автономный округ,Новый Уренгой,Not found
Памятник Андрею,"Памятники, скульптуры, мемориалы",Севастополь,,"(Decimal('33.489912'), Decimal('44.499691'))"
Памятник Андрею Рублёву,"Памятники, скульптуры, мемориалы",Москва,,"(Decimal('37.4114'), Decimal('55.844394'))"
Памятник Анне Ахматовой,"Памятники, скульптуры, мемориалы",Санкт-Петербург,Санкт-Петербург,"(Decimal('30.315868'), Decimal('59.939095'))"
Памятник Анне Кашиной,"Памятники, скульптуры, мемориалы",Тверская область,Кашин,"(Decimal('37.61344'), Decimal('57.358381'))"
Памятник Анне Тимофеевне Гагариной,"Памятники, скульптуры, мемориалы",Смоленская область,Гагарин,Not found
Памятник Аполлону Степановичу Жемчужникову.,"Памятники, скульптуры, мемориалы",Липецкая область,кривец,Not found
памятник Арату,"Памятники, скульптуры, мемориалы",Республика Тыва,красный,"(Decimal('94.437757'), Decimal('51.719086'))"
Памятник Арслану Мубарякову,"Памятники, скульптуры, мемориалы",Республика Башкортостан,Уфа,"(Decimal('55.98679'), Decimal('54.707369'))"
Памятник Архангелу Михаилу,"Памятники, скульптуры, мемориалы",Архангельская область,Архангельск,"(Decimal('40.515753'), Decimal('64.539911'))"
Памятник Афанасию Никитину,"Памятники, скульптуры, мемориалы",Тверская область,Тверь,"(Decimal('35.911995'), Decimal('56.859847'))"
Памятник Павлантевичу Афанасию Белобородову,"Памятники, скульптуры, мемориалы",Иркутская область,Иркутск,Not found
Памятник Афону (сантехника),"Памятники, скульптуры, мемориалы",Свердловская область,Екатеринбург,"(Decimal('60.597465'), Decimal('56.838011'))"
Памятник Б.Г.Музрукову,"Памятники, скульптуры, мемориалы",Ленинградская область,Лодейное Поле,"(Decimal('33.548869'), Decimal('60.734978'))"
Памятник Бабжи Барасу Батору,"Памятники, скульптуры, мемориалы",Забайкальский край,Агинское,"(Decimal('114.537849'), Decimal('51.103662'))"
Памятник Барклаю де Толли,"Памятники, скульптуры, мемориалы",Санкт-Петербург,Санкт-Петербург,"(Decimal('30.315868'), Decimal('59.939095'))"
Памятник Белле Ахмадулиной Тарус,"Памятники, скульптуры, мемориалы",Калужская область,Таруса,Not found
Памятник Белозерск Судак,"Памятники, скульптуры, мемориалы",Вологодская область,Ши,"(Decimal('37.789016'), Decimal('60.030843'))"
Памятник Белому Биму Черное ухо,"Памятники, скульптуры, мемориалы",Воронежская область,Воронеж,"(Decimal('39.216502'), Decimal('51.730986'))"
Памятник Белому Биму,"Памятники, скульптуры, мемориалы",Воронежская область,,"(Decimal('40.735077'), Decimal('49.846806'))"
Памятник Бжедукскому князю (адыгейский пост),"Памятники, скульптуры, мемориалы",Краснодарский край,Горячая клавиша,"(Decimal('39.136426'), Decimal('44.634246'))"
Благотворители памятника,"Памятники, скульптуры, мемориалы",Республика Татарстан,Казань,"(Decimal('49.108795'), Decimal('55.796289'))"
Памятник Борису Ельцину,"Памятники, скульптуры, мемориалы",Свердловская область,Екатеринбург,Not found
Памятник Борису Пастернаку,"Памятники, скульптуры, мемориалы",Пермь,Пермский,"(Decimal('56.229434'), Decimal('58.01045'))"
Памятник Борцам за Советскую власть,"Памятники, скульптуры, мемориалы",Приморский край,Владивосток,"(Decimal('131.885575'), Decimal('43.115194'))"
Памятник Булату Окуджаве,"Памятники, скульптуры, мемориалы",Москва,,"(Decimal('37.4114'), Decimal('55.844394'))"
Памятник Ленину,"Памятники, скульптуры, мемориалы",Удмуртская республика,Ижевск,"(Decimal('53.252921'), Decimal('56.848119'))"
Памятник Ленину,"Памятники, скульптуры, мемориалы",Псковская область,Остров-Залит,Not found
Памятник Ленину,"Памятники, скульптуры, мемориалы",Республика Бурятия,Улан-Удэ,"(Decimal('107.724325'), Decimal('51.864301'))"
Памятник Ленину,"Памятники, скульптуры, мемориалы",Свердловская область,Нижний Тагил,"(Decimal('59.969085'), Decimal('57.908069'))"
Памятник Ленину,"Памятники, скульптуры, мемориалы",Ростовская область,мой,"(Decimal('40.101675'), Decimal('47.698061'))"
Памятник Ленину в Великом Новгороде.,"Памятники, скульптуры, мемориалы",Новгородская область,Новгород,"(Decimal('31.269915'), Decimal('58.52281'))"
Памятник Ленину в Ростове-на-Дону.,"Памятники, скульптуры, мемориалы",Ростовская область,Ростов-на-Дону,"(Decimal('39.720349'), Decimal('47.222078'))"
Памятник Ленину на Театральной площади,"Памятники, скульптуры, мемориалы",Камчатский край,Петропавловск-Камчатский,"(Decimal('158.643566'), Decimal('53.024075'))"
Памятник Ленину на площади Ленина,"Памятники, скульптуры, мемориалы",Псковская область,Псков,"(Decimal('28.332451'), Decimal('57.819274'))"
Памятник Ленину у Дома Советов,"Памятники, скульптуры, мемориалы",Псковская область,Псков,Not found
Памятник В.М. Шукшину,"Памятники, скульптуры, мемориалы",Алтайский край,Барнаул,"(Decimal('79.917847'), Decimal('52.160526'))"
Памятник В.Н.Татищеву,"Памятники, скульптуры, мемориалы",Пермь,Пермский,"(Decimal('56.2603'), Decimal('58.017144'))"
Памятник В.Т. Куриленко,"Памятники, скульптуры, мемориалы",Смоленская область,Смоленск,"(Decimal('32.070466'), Decimal('54.765929'))"
Памятник В.А. Всеволожскому,"Памятники, скульптуры, мемориалы",Ленинградская область,,"(Decimal('30.02511'), Decimal('61.144579'))"
Воры памятника ВВ,"Памятники, скульптуры, мемориалы",Москва,,"(Decimal('37.604717'), Decimal('55.667625'))"
Памятник В.В. Маяковскому,"Памятники, скульптуры, мемориалы",Москва,,"(Decimal('37.604717'), Decimal('55.667625'))"
Памятник В.В. Никифорову-Кюлюмнюру,"Памятники, скульптуры, мемориалы",Республика Саха (Якутия),Якутск,"(Decimal('129.732501'), Decimal('62.023545'))"
памятник Владимиру Высоцкому,"Памятники, скульптуры, мемориалы",Калининградская область,,"(Decimal('20.675265'), Decimal('54.619979'))"
VI памятник Ленину,"Памятники, скульптуры, мемориалы",Приморский край,Владивосток,"(Decimal('131.908167'), Decimal('43.153174'))"
VI памятник Ленину,"Памятники, скульптуры, мемориалы",Республика Саха (Якутия),Якутск,"(Decimal('129.733813'), Decimal('62.028592'))"
VI памятник Ленину,"Памятники, скульптуры, мемориалы",Республика Саха (Якутия),Мирный,"(Decimal('113.978683'), Decimal('62.541003'))"
VI памятник Ленину,"Памятники, скульптуры, мемориалы",Республика Башкортостан,Уфа,"(Decimal('55.943213'), Decimal('54.718088'))"
VI памятник Ленину,"Памятники, скульптуры, мемориалы",Кировская область,Киров,"(Decimal('49.681965'), Decimal('58.590395'))"
VI памятник Ленину,"Памятники, скульптуры, мемориалы",Ульяновская область,Ульяновск,"(Decimal('48.386001'), Decimal('54.313015'))"
VI памятник Ленину,"Памятники, скульптуры, мемориалы",Нижегородская область,Нижний Новгород,"(Decimal('43.826925'), Decimal('56.203623'))"
VI памятник Ленину,"Памятники, скульптуры, мемориалы",Костромская область,Кострома,"(Decimal('40.942992'), Decimal('57.787978'))"
VI памятник Ленину,"Памятники, скульптуры, мемориалы",Республика Адыгея,Майкоп,"(Decimal('40.10322'), Decimal('44.611592'))"
VI памятник Ленину,"Памятники, скульптуры, мемориалы",Республика Калмыкия,Элиста,"(Decimal('44.261638'), Decimal('46.307319'))"
VI памятник Ленину,"Памятники, скульптуры, мемориалы",Волгоградская область,Волгоград,"(Decimal('44.513238'), Decimal('48.705319'))"
VI памятник Ленину,"Памятники, скульптуры, мемориалы",Севастополь,,"(Decimal('33.523384'), Decimal('44.610957'))"
VI памятник Ленину на площади в Центре эстетического воспитания (ЦЭВД им. Белоглазова),"Памятники, скульптуры, мемориалы",Амурская область,Благовещенск,"(Decimal('127.527173'), Decimal('50.29064'))"
VI памятник Ленину на площади Ленина,"Памятники, скульптуры, мемориалы",Амурская область,,"(Decimal('127.728064'), Decimal('53.413341'))"
Памятник VI Муравленко,"Памятники, скульптуры, мемориалы",Ямало-Ненецкий автономный округ,Муравленко,"(Decimal('74.519951'), Decimal('63.784387'))"
памятник Ленину,"Памятники, скульптуры, мемориалы",Пермь,Пермский,"(Decimal('56.22364'), Decimal('58.008614'))"
памятник Ленину,"Памятники, скульптуры, мемориалы",Иркутская область,Иркутск,"(Decimal('104.280831'), Decimal('52.283809'))"
памятник Ленину,"Памятники, скульптуры, мемориалы",Ярославская область,,Not found
Памятник В.К. Коккинаки,"Памятники, скульптуры, мемориалы",Краснодарский край,Новороссийск,"(Decimal('37.341511'), Decimal('45.003748'))"
Памятник В.М. Головнину,"Памятники, скульптуры, мемориалы",Рязанская область,Старожилово,Not found
Памятник В.М. Шукшину на горе Пикет,"Памятники, скульптуры, мемориалы",Алтайский край,сращивания,"(Decimal('79.917847'), Decimal('52.160526'))"
Памятник ВМ Я. Васнецов,"Памятники, скульптуры, мемориалы",Кировская область,Киров,"(Decimal('49.689313'), Decimal('58.521682'))"
Памятник ВП Чкалову,"Памятники, скульптуры, мемориалы",Новосибирская область,Новосибирск,"(Decimal('83.112921'), Decimal('54.96623'))"
Памятник ВС Высоцкому,"Памятники, скульптуры, мемориалы",Воронежская область,Воронеж,"(Decimal('39.190711'), Decimal('51.653383'))"
Памятник ВС Хользунова,"Памятники, скульптуры, мемориалы",Волгоградская область,Волгоград,"(Decimal('44.513238'), Decimal('48.705319'))"
Памятник В.Ф. Рудневу,"Памятники, скульптуры, мемориалы",Тульская область,Тула,Not found
памятник В.Я.Ерошенко,"Памятники, скульптуры, мемориалы",Белгородская область,Обуховка,"(Decimal('37.978956'), Decimal('51.180424'))"
Памятник Валентине Леонтьевой,"Памятники, скульптуры, мемориалы",Ульяновская область,Ульяновск,"(Decimal('48.403123'), Decimal('54.314192'))"
Памятник Валерию Ремизову,"Памятники, скульптуры, мемориалы",Ямало-Ненецкий автономный округ,,Not found
Памятник Варлааму Шаламову,"Памятники, скульптуры, мемориалы",Пермь,Красновишерск,"(Decimal('57.083301'), Decimal('60.412821'))"
Памятник Варнаве Ветлужскому,"Памятники, скульптуры, мемориалы",Нижегородская область,Варнава,"(Decimal('45.087863'), Decimal('57.401874'))"
Памятник Василию Завойко,"Памятники, скульптуры, мемориалы",Камчатский край,Петропавловск-Камчатский,"(Decimal('158.673956'), Decimal('52.955639'))"
Памятник Великой Княгине Ольге,"Памятники, скульптуры, мемориалы",Псковская область,Псков,"(Decimal('28.331786'), Decimal('57.810021'))"
Памятник Велимиру Хлебникову,"Памятники, скульптуры, мемориалы",Республика Калмыкия,Дербети,"(Decimal('44.67621'), Decimal('47.951388'))"
Памятник Виктору Цою,"Памятники, скульптуры, мемориалы",Алтайский край,Барнаул,"(Decimal('83.776856'), Decimal('53.346785'))"
Памятник Вите Черевичкину,"Памятники, скульптуры, мемориалы",Ростовская область,Ростов-на-Дону,"(Decimal('39.720349'), Decimal('47.222078'))"
Памятник Владимиру Вернадскому,"Памятники, скульптуры, мемориалы",Тамбовская область,Тамбов,"(Decimal('41.832692'), Decimal('52.435401'))"
Памятник Владимиру Высоцкому,"Памятники, скульптуры, мемориалы",Алтайский край,Барнаул,"(Decimal('83.776856'), Decimal('53.346785'))"
Памятник Владимиру Высоцкому,"Памятники, скульптуры, мемориалы",Свердловская область,Екатеринбург,"(Decimal('60.597465'), Decimal('56.838011'))"
Памятник Владимиру Высоцкому,"Памятники, скульптуры, мемориалы",Москва,,"(Decimal('37.4114'), Decimal('55.844394'))"
Памятник Владимиру Ленину,"Памятники, скульптуры, мемориалы",Нижегородская область,Нижний Новгород,"(Decimal('43.765543'), Decimal('56.235496'))"
Памятник воинам-землякам,"Памятники, скульптуры, мемориалы",Волгоградская область,Жирновск,"(Decimal('44.778834'), Decimal('50.978713'))"
Памятник воинам-казакам – защитникам Отечества,"Памятники, скульптуры, мемориалы",Астраханская область,Астрахань,Not found
Памятник Воину-освободителю,военная слава,Псковская область,Идрика,"(Decimal('28.887152'), Decimal('56.332072'))"
Памятник Вятской печати,"Памятники, скульптуры, мемориалы",Кировская область,Киров,"(Decimal('49.721706'), Decimal('58.605133'))"
Памятник Г.В.Свиридову,"Памятники, скульптуры, мемориалы",Курская область,Курск,"(Decimal('36.193186'), Decimal('51.73083'))"
Памятник Г.Я. Бахчиванджи,"Памятники, скульптуры, мемориалы",Свердловская область,Кольцово,"(Decimal('59.850121'), Decimal('58.700192'))"
Памятник Гавриилу Чиряеву,"Памятники, скульптуры, мемориалы",Республика Саха (Якутия),Нерюнгри,"(Decimal('124.720315'), Decimal('56.659948'))"
памятник Гаврюше,"Памятники, скульптуры, мемориалы",Санкт-Петербург,Санкт-Петербург,"(Decimal('30.315868'), Decimal('59.939095'))"
Памятник Гамзату бле,"Памятники, скульптуры, мемориалы",Республика Дагестан,Махачкала,"(Decimal('47.504682'), Decimal('42.98306'))"
Памятник Гарибальди,"Памятники, скульптуры, мемориалы",Ростовская область,Таганрог,"(Decimal('38.941752'), Decimal('47.205876'))"
Памятник Гейдару Алиеву,"Памятники, скульптуры, мемориалы",Астраханская область,Астрахань,"(Decimal('48.033574'), Decimal('46.347869'))"
Памятник Гене Букину,"Памятники, скульптуры, мемориалы",Свердловская область,Екатеринбург,"(Decimal('60.597465'), Decimal('56.838011'))"
Памятник Геннадию Заволокину,"Памятники, скульптуры, мемориалы",Новосибирская область,новый Шарап,"(Decimal('82.03214'), Decimal('54.409923'))"
Памятник Герою Советского Союза В.П.Чкалову.,"Памятники, скульптуры, мемориалы",Нижегородская область,Нижний Новгород,"(Decimal('43.885235'), Decimal('56.268196'))"
Памятник Герою Советского Союза Н.В.Мамонову.,военная слава,Калининградская область,Мамоново,"(Decimal('19.942267'), Decimal('54.463785'))"
Памятник Герою Советского Союза снайперу Давиду Доеву,военная слава,Республика Северная Осетия - Алания,,"(Decimal('44.262033'), Decimal('43.092669'))"
Памятник героям Великой Отечественной войны,"Памятники, скульптуры, мемориалы",Новосибирская область,Новосибирск,"(Decimal('83.112921'), Decimal('54.96623'))"
Памятник героям Гражданской войны,"Памятники, скульптуры, мемориалы",Свердловская область,Нижний Тагил,Not found
Памятник Героям труда в годы Великой Отечественной войны,военная слава,Омская область,Омск,"(Decimal('73.368212'), Decimal('54.989342'))"
"Памятник Героям Североморска, защитникам Арктики",военная слава,Мурманская область,Североморск,Not found
Памятник Герцену,"Памятники, скульптуры, мемориалы",Кировская область,Киров,"(Decimal('49.721706'), Decimal('58.605133'))"
Памятник грунтовый Успенский,"Памятники, скульптуры, мемориалы",Тульская область,Тула,"(Decimal('37.617348'), Decimal('54.193122'))"
Памятник Максиму Горькому и Шаляпину,"Памятники, скульптуры, мемориалы",Нижегородская область,Нижний Новгород,"(Decimal('43.765543'), Decimal('56.235496'))"
памятник Громозека,"Памятники, скульптуры, мемориалы",Нижегородская область,Нижний Новгород,"(Decimal('43.765543'), Decimal('56.235496'))"
памятник Гулливеру,"Памятники, скульптуры, мемориалы",Санкт-Петербург,Санкт-Петербург,"(Decimal('30.315868'), Decimal('59.939095'))"
памятник Гесер,"Памятники, скульптуры, мемориалы",Республика Бурятия,,"(Decimal('112.348699'), Decimal('54.544222'))"
Памятник Д.Н. Мамину-Сибирскому,"Памятники, скульптуры, мемориалы",Пермь,Пермский,"(Decimal('56.229434'), Decimal('58.01045'))"
Памятник Устинову,"Памятники, скульптуры, мемориалы",Удмуртская республика,Ижевск,"(Decimal('53.206891'), Decimal('56.852676'))"
памятник Д.Г.Бурылину,"Памятники, скульптуры, мемориалы",Ивановская область,Иваново,"(Decimal('40.973921'), Decimal('57.000348'))"
Памятник Джону Леннону,"Памятники, скульптуры, мемориалы",Алтайский край,,"(Decimal('85.88531'), Decimal('52.088187'))"
Памятник Дзаугу Бугулову,"Памятники, скульптуры, мемориалы",Республика Северная Осетия - Алания,Владикавказ,"(Decimal('44.68196'), Decimal('43.02115'))"
Памятник доблестным предкам Вязьмы,"Памятники, скульптуры, мемориалы",Смоленская область,Вязьма,Not found
памятник Добролюбову,"Памятники, скульптуры, мемориалы",Нижегородская область,Нижний Новгород,"(Decimal('43.765543'), Decimal('56.235496'))"
Памятник доктору Дулиттлу,"Памятники, скульптуры, мемориалы",Краснодарский край,Анапа,"(Decimal('37.31617'), Decimal('44.894965'))"
Памятник Дон Кихоту,"Памятники, скульптуры, мемориалы",Омская область,Омск,"(Decimal('73.368212'), Decimal('54.989342'))"
Памятник дяде Степану,"Памятники, скульптуры, мемориалы",Нижегородская область,Нижний Новгород,"(Decimal('43.765543'), Decimal('56.235496'))"
Памятник Е.А. и М.Е. Черепановым,"Памятники, скульптуры, мемориалы",Свердловская область,Нижний Тагил,Not found
Памятник Е.А. Боратынскому,"Памятники, скульптуры, мемориалы",Тамбовская область,Тамбов,"(Decimal('41.37289'), Decimal('52.787119'))"
Памятник Е. И. Носову,"Памятники, скульптуры, мемориалы",Курская область,Курск,Not found
Памятник Е.П. Леонову,"Памятники, скульптуры, мемориалы",Москва,,Not found
Памятник Е.П. Хабарову,"Памятники, скульптуры, мемориалы",Хабаровский край,Хабаровск,"(Decimal('135.071917'), Decimal('48.480223'))"
Памятник Евгению Евстигнееву,"Памятники, скульптуры, мемориалы",Нижегородская область,Нижний Новгород,"(Decimal('43.765543'), Decimal('56.235496'))"
Памятник Евгению Савицкому,"Памятники, скульптуры, мемориалы",Краснодарский край,Новороссийск,"(Decimal('37.768974'), Decimal('44.723912'))"
Памятник Евфимии Суздальскому и Макарию Желтоводскому,"Памятники, скульптуры, мемориалы",Нижегородская область,Нижний Новгород,"(Decimal('44.006516'), Decimal('56.326797'))"
Памятник Екатерине II,"Памятники, скульптуры, мемориалы",Санкт-Петербург,Санкт-Петербург,"(Decimal('29.750424'), Decimal('59.920343'))"
Памятник Екатерине II,"Памятники, скульптуры, мемориалы",Свердловская область,Ирбит,Not found
Памятник Екатерине II,"Памятники, скульптуры, мемориалы",Севастополь,,"(Decimal('33.489912'), Decimal('44.499691'))"
Памятник Елецкому пехотному полку,"Памятники, скульптуры, мемориалы",Липецкая область,Елец,Not found
Памятник Елизавете,"Памятники, скульптуры, мемориалы",Ростовская область,Ростов-на-Дону,"(Decimal('39.720349'), Decimal('47.222078'))"
Памятник Емельяну Пугачеву,"Памятники, скульптуры, мемориалы",Республика Мордовия,Саранск,"(Decimal('45.183938'), Decimal('54.187433'))"
памятник Ермаку,"Памятники, скульптуры, мемориалы",Алтайский край,,"(Decimal('85.88531'), Decimal('52.088187'))"
Памятник Ерофею Хабарову,"Памятники, скульптуры, мемориалы",Вологодская область,великий Устюг,"(Decimal('46.29784'), Decimal('60.761156'))"
Памятник Ефиму Славскому,"Памятники, скульптуры, мемориалы",Алтайский край,Белокуриха,"(Decimal('84.984004'), Decimal('51.99606'))"
памятник Ожидание,"Памятники, скульптуры, мемориалы",Мурманская область,Мурманск,"(Decimal('33.074981'), Decimal('68.970682'))"
Памятник Жюлю Верну,"Памятники, скульптуры, мемориалы",Нижегородская область,Нижний Новгород,"(Decimal('43.765543'), Decimal('56.235496'))"
Памятник С.Е. Гердту,"Памятники, скульптуры, мемориалы",Псковская область,Себеж,"(Decimal('28.508161'), Decimal('56.332277'))"
Памятник Загиру Исмагилову,"Памятники, скульптуры, мемориалы",Республика Башкортостан,Уфа,"(Decimal('55.98679'), Decimal('54.707369'))"
Памятник защитникам Смоленска 4-5 августа 1812 г.,"Памятники, скульптуры, мемориалы",Смоленская область,Смоленск,Not found
Памятник защитникам Отечества,"Памятники, скульптуры, мемориалы",Республика Дагестан,Махачкала,"(Decimal('47.504682'), Decimal('42.98306'))"
Памятник Зая Пандиту,"Памятники, скульптуры, мемориалы",Республика Калмыкия,Улан Хол,"(Decimal('46.853331'), Decimal('45.438468'))"
Памятник Зое Космодемьянской,"Памятники, скульптуры, мемориалы",Тамбовская область,,"(Decimal('41.832692'), Decimal('52.435401'))"
Памятник Зое Космодемьянской,"Памятники, скульптуры, мемориалы",Волгоградская область,Волгоград,"(Decimal('44.516948'), Decimal('48.707067'))"
Памятник Зое Космодемьянской в ​​Московском парке Победы.,"Памятники, скульптуры, мемориалы",Санкт-Петербург,Санкт-Петербург,"(Decimal('30.315868'), Decimal('59.939095'))"
Памятник Зое Космодемьянской Рыбинск,"Памятники, скульптуры, мемориалы",Ярославская область,Рыбинск,"(Decimal('38.811254'), Decimal('58.059569'))"
Памятник Зурабу Магкаеву,"Памятники, скульптуры, мемориалы",Республика Северная Осетия - Алания,нижний Зарамаг,"(Decimal('43.969452'), Decimal('42.69495'))"
Памятник И.А. Бунину,"Памятники, скульптуры, мемориалы",Тульская область,Ефремов,"(Decimal('38.093033'), Decimal('53.148681'))"
Памятник Ивану Крылову в Летнем саду.,"Памятники, скульптуры, мемориалы",Санкт-Петербург,Санкт-Петербург,"(Decimal('30.315868'), Decimal('59.939095'))"
Памятник И.Д. Пастухову,"Памятники, скульптуры, мемориалы",Удмуртская республика,Ижевск,"(Decimal('53.206891'), Decimal('56.852676'))"
Памятник И.А. Бунину,"Памятники, скульптуры, мемориалы",Москва,,"(Decimal('37.62342'), Decimal('55.766552'))"
Памятник И.А. Бунину,"Памятники, скульптуры, мемориалы",Воронежская область,Воронеж,"(Decimal('39.143639'), Decimal('51.690247'))"
Памятник И.А. Бунину в Ельце,"Памятники, скульптуры, мемориалы",Липецкая область,Елец,"(Decimal('38.498451'), Decimal('52.621823'))"
Памятник И.А. Гончарову,"Памятники, скульптуры, мемориалы",Ульяновская область,,"(Decimal('47.742978'), Decimal('54.707473'))"
Памятник И.А. Крылову,"Памятники, скульптуры, мемориалы",Москва,,"(Decimal('37.62342'), Decimal('55.766552'))"
Памятник И.А.Оболенскому-Ноготкову,"Памятники, скульптуры, мемориалы",Республика Марий Эл,Йошкар-Ола,"(Decimal('47.886681'), Decimal('56.631466'))"
Памятник И.Е. Репину,"Памятники, скульптуры, мемориалы",Москва,,"(Decimal('37.659569'), Decimal('55.767261'))"
II памятник Ползунову,"Памятники, скульптуры, мемориалы",Алтайский край,Барнаул,"(Decimal('83.787744'), Decimal('53.329311'))"
В памятник Ульянову,"Памятники, скульптуры, мемориалы",Астраханская область,Астрахань,"(Decimal('47.989036'), Decimal('46.315256'))"
Памятник В. И. М. А. Ульянову,"Памятники, скульптуры, мемориалы",Пензенская область,Пенза,"(Decimal('44.985411'), Decimal('53.212097'))"
Памятник И.П. Кулибину,"Памятники, скульптуры, мемориалы",Нижегородская область,Нижний Новгород,"(Decimal('44.006516'), Decimal('56.326797'))"
Памятник И.С. Ключникову-Палантаю,"Памятники, скульптуры, мемориалы",Республика Марий Эл,Йошкар-Ола,"(Decimal('47.886178'), Decimal('56.631595'))"
Памятник ИС Никитину,"Памятники, скульптуры, мемориалы",Воронежская область,Воронеж,"(Decimal('39.200269'), Decimal('51.660781'))"
Памятник Ивану Кулбертинову,"Памятники, скульптуры, мемориалы",Республика Саха (Якутия),Ольокминск,"(Decimal('120.403075'), Decimal('60.372976'))"
Памятник Ивану Коневу,"Памятники, скульптуры, мемориалы",Кировская область,Киров,"(Decimal('49.721706'), Decimal('58.605133'))"
Памятник Ивану Сусанину,"Памятники, скульптуры, мемориалы",Костромская область,Кострома,"(Decimal('40.926858'), Decimal('57.767961'))"
Памятник Ил-28,военная слава,Вологодская область,Вологда,"(Decimal('39.891523'), Decimal('59.220496'))"
Памятник Илье Муромцу,"Памятники, скульптуры, мемориалы",Приморский край,Владивосток,"(Decimal('131.885485'), Decimal('43.115536'))"
Памятник Ильмутдину Насрутдинову,"Памятники, скульптуры, мемориалы",Республика Дагестан,Махачкала,"(Decimal('47.583105'), Decimal('42.933113'))"
Памятник Иммануилу Канту,"Памятники, скульптуры, мемориалы",Калининградская область,Калининград,"(Decimal('20.512733'), Decimal('54.710454'))"
Памятник Иосифу Бродскому,"Памятники, скульптуры, мемориалы",Москва,,"(Decimal('37.4114'), Decimal('55.844394'))"
Памятник Ирчи Казаку,"Памятники, скульптуры, мемориалы",Республика Дагестан,Махачкала,"(Decimal('47.509533'), Decimal('42.963007'))"
Памятник Исааку Левитану,"Памятники, скульптуры, мемориалы",Ивановская область,Танец,"(Decimal('41.512254'), Decimal('57.460578'))"
Памятник Исидору Барахову,"Памятники, скульптуры, мемориалы",Республика Саха (Якутия),Якутск,"(Decimal('129.664885'), Decimal('62.031436'))"
Памятник Иссе Плиеву,военная слава,Республика Северная Осетия - Алания,Владикавказ,"(Decimal('44.68196'), Decimal('43.02115'))"
Памятник КИ Бистро,"Памятники, скульптуры, мемориалы",Ленинградская область,Кингисепп,"(Decimal('28.568753'), Decimal('59.401299'))"
Памятник К. Луцко,"Памятники, скульптуры, мемориалы",Краснодарский край,Краснодар,"(Decimal('38.910167'), Decimal('45.040311'))"
Памятник К.А. Тренева,"Памятники, скульптуры, мемориалы",Республика Крым,,Not found
Памятник К.Г. Паустовскому в Тарусе,"Памятники, скульптуры, мемориалы",Калужская область,Таруса,Not found
Памятник К.К. Рокоссовскому,"Памятники, скульптуры, мемориалы",Волгоградская область,Волгоград,"(Decimal('44.516948'), Decimal('48.707067'))"
Памятник К.Н. Батюшкову,"Памятники, скульптуры, мемориалы",Вологодская область,Вологда,"(Decimal('39.891523'), Decimal('59.220496'))"
Памятник К.Э. Циолковскому,"Памятники, скульптуры, мемориалы",Санкт-Петербург,Санкт-Петербург,"(Decimal('30.315868'), Decimal('59.939095'))"
Памятник Циолковскому в Боровске.,"Памятники, скульптуры, мемориалы",Калужская область,Боровский,"(Decimal('36.541741'), Decimal('55.215662'))"
Карандашный памятник и пятно для собаки,"Памятники, скульптуры, мемориалы",Москва,,"(Decimal('37.4114'), Decimal('55.844394'))"
Памятник Карлу Марксу,"Памятники, скульптуры, мемориалы",Республика Саха (Якутия),Якутск,"(Decimal('129.664885'), Decimal('62.031436'))"
Памятник Карлу Марксу,"Памятники, скульптуры, мемориалы",Москва,,"(Decimal('37.4114'), Decimal('55.844394'))"
Памятник Катри Пааволайнен,"Памятники, скульптуры, мемориалы",Ленинградская область,Первое мая,"(Decimal('29.738269'), Decimal('60.358241'))"
Памятник Кириллу и Мефодию,"Памятники, скульптуры, мемориалы",Приморский край,Владивосток,Not found
Памятник Кириллу и Мефодию,"Памятники, скульптуры, мемориалы",Республика Марий Эл,Йошкар-Ола,Not found
Памятник Кириллу и Мефодию,"Памятники, скульптуры, мемориалы",Мурманская область,Мурманск,Not found
Памятник Кириллу и Мефодию,"Памятники, скульптуры, мемориалы",Севастополь,,"(Decimal('33.489912'), Decimal('44.499691'))"
Памятник Клавдии Назаровой,"Памятники, скульптуры, мемориалы",Псковская область,Остров,"(Decimal('28.363497'), Decimal('57.347509'))"
Памятник князю Владимиру,"Памятники, скульптуры, мемориалы",Смоленская область,,Not found
Памятник Коле Мяготину,"Памятники, скульптуры, мемориалы",Курганская область,Курган,"(Decimal('65.341118'), Decimal('55.441004'))"
Памятник Константину Воробьеву,"Памятники, скульптуры, мемориалы",Курская область,Курск,"(Decimal('36.193186'), Decimal('51.73083'))"
Памятник котенку на улице Лизюкова.,"Памятники, скульптуры, мемориалы",Воронежская область,Воронеж,"(Decimal('39.216502'), Decimal('51.730986'))"
Памятник котенку на улице Лизюкова.,"Памятники, скульптуры, мемориалы",Воронежская область,Воронеж,"(Decimal('39.216502'), Decimal('51.730986'))"
Памятник Коту Казани,"Памятники, скульптуры, мемориалы",Республика Татарстан,Казань,"(Decimal('49.195554'), Decimal('55.695885'))"
Памятник Коту Семену,"Памятники, скульптуры, мемориалы",Мурманская область,Мурманск,"(Decimal('33.074981'), Decimal('68.970682'))"
Памятник Кристионасу Донелайтису,"Памятники, скульптуры, мемориалы",Калининградская область,,Not found
Памятник Кудым-Ошу,"Памятники, скульптуры, мемориалы",Пермь,Кудымкар,"(Decimal('54.664183'), Decimal('59.014548'))"
Книга Памятник Кузебаю.,"Памятники, скульптуры, мемориалы",Удмуртская республика,Ижевск,"(Decimal('53.206891'), Decimal('56.852676'))"
Памятник Кузьме Минину,"Памятники, скульптуры, мемориалы",Нижегородская область,Нижний Новгород,"(Decimal('43.765543'), Decimal('56.235496'))"
Его Памятник,"Памятники, скульптуры, мемориалы",Астраханская область,Астрахань,"(Decimal('48.026046'), Decimal('46.318661'))"
Памятник подольским курсантам военных училищ.,"Памятники, скульптуры, мемориалы",Московская область,Подольск,"(Decimal('37.539697'), Decimal('55.416141'))"
памятник Кутузову,"Памятники, скульптуры, мемориалы",Санкт-Петербург,Санкт-Петербург,"(Decimal('30.315868'), Decimal('59.939095'))"
Памятник Красину,"Памятники, скульптуры, мемориалы",Курганская область,Курган,"(Decimal('65.341118'), Decimal('55.441004'))"
Памятник Льву Толстому,"Памятники, скульптуры, мемориалы",Москва,,"(Decimal('37.4114'), Decimal('55.844394'))"
памятник Л.И. Брежневу,"Памятники, скульптуры, мемориалы",Краснодарский край,Новороссийск,"(Decimal('37.768974'), Decimal('44.723912'))"
памятник ЛН толстый,"Памятники, скульптуры, мемориалы",Республика Дагестан,Махачкала,"(Decimal('47.504682'), Decimal('42.98306'))"
памятник ЛН толстый,"Памятники, скульптуры, мемориалы",Тульская область,Тула,"(Decimal('37.617348'), Decimal('54.193122'))"
Памятник Ларисе Попугаевой,"Памятники, скульптуры, мемориалы",Республика Саха (Якутия),Успешный,"(Decimal('112.252283'), Decimal('66.413649'))"
Памятник Ле Корбюзье,"Памятники, скульптуры, мемориалы",Москва,,"(Decimal('37.617635'), Decimal('55.755814'))"
памятник Левше,"Памятники, скульптуры, мемориалы",Тульская область,Тула,"(Decimal('37.617348'), Decimal('54.193122'))"
Памятник ленинградским детям,военная слава,Ленинградская область,,"(Decimal('29.706298'), Decimal('61.162446'))"
памятник Ленину,"Памятники, скульптуры, мемориалы",Приморский край,Партизанск,"(Decimal('133.123246'), Decimal('43.119813'))"
памятник Ленину,"Памятники, скульптуры, мемориалы",Республика Хакасия,Абакан,"(Decimal('89.711307'), Decimal('54.638632'))"
Памятник Леониду Гайдаю,"Памятники, скульптуры, мемориалы",Иркутская область,Иркутск,"(Decimal('104.281047'), Decimal('52.287054'))"
памятник Лермонтову,"Памятники, скульптуры, мемориалы",Тамбовская область,Тамбов,"(Decimal('41.832692'), Decimal('52.435401'))"
памятник Ломоносову,"Памятники, скульптуры, мемориалы",Санкт-Петербург,Санкт-Петербург,"(Decimal('30.315868'), Decimal('59.939095'))"
памятник Лосу,"Памятники, скульптуры, мемориалы",Удмуртская республика,Ижевск,"(Decimal('53.206891'), Decimal('56.852676'))"
памятник Любочке,"Памятники, скульптуры, мемориалы",Омская область,Омск,"(Decimal('73.368212'), Decimal('54.989342'))"
Памятник Людвигу Нобелю,"Памятники, скульптуры, мемориалы",Ярославская область,,Not found
Памятник Михаилу Шолохову,"Памятники, скульптуры, мемориалы",Москва,,"(Decimal('37.4114'), Decimal('55.844394'))"
Памятник Михаилу Шолохову,"Памятники, скульптуры, мемориалы",Ростовская область,Ростов-на-Дону,"(Decimal('39.720349'), Decimal('47.222078'))"
Памятник Михаилу Ломоносову,"Памятники, скульптуры, мемориалы",Удмуртская республика,Ижевск,"(Decimal('53.222926'), Decimal('56.84932'))"
Памятник Михаилу Ломоносову,"Памятники, скульптуры, мемориалы",Москва,,"(Decimal('37.4114'), Decimal('55.844394'))"
Памятник Михаилу Ломоносову на Моссе,"Памятники, скульптуры, мемориалы",Москва,,Not found
Памятник Михаилу Глинке,"Памятники, скульптуры, мемориалы",Новосибирская область,Новосибирск,"(Decimal('82.965821'), Decimal('55.049689'))"
Памятник М.И. Платову,"Памятники, скульптуры, мемориалы",Ростовская область,Новочеркасск,"(Decimal('40.093725'), Decimal('47.422052'))"
Памятник Михаилу Бахтину,"Памятники, скульптуры, мемориалы",Республика Мордовия,Саранск,"(Decimal('45.183938'), Decimal('54.187433'))"
Памятник М.Н. Ефимову,"Памятники, скульптуры, мемориалы",Ленинградская область,,"(Decimal('29.706298'), Decimal('61.162446'))"
Памятник Михаилу Калашникову,"Памятники, скульптуры, мемориалы",Удмуртская республика,Ижевск,"(Decimal('53.206891'), Decimal('56.852676'))"
Памятник Михаилу Лермонтову,"Памятники, скульптуры, мемориалы",Москва,,"(Decimal('37.4114'), Decimal('55.844394'))"
Памятник М.В. Ломоносову,"Памятники, скульптуры, мемориалы",Архангельская область,Университет,"(Decimal('41.732261'), Decimal('64.229093'))"
Памятник М.В. Ломоносову,"Памятники, скульптуры, мемориалы",Краснодарский край,Краснодар,"(Decimal('38.975313'), Decimal('45.03547'))"
Памятник М.Е. Пятницкому,"Памятники, скульптуры, мемориалы",Воронежская область,Воронеж,"(Decimal('39.216502'), Decimal('51.730986'))"
Памятник Салтыкову-Щедрину,"Памятники, скульптуры, мемориалы",Ленинградская область,Лебяжье,"(Decimal('29.417256'), Decimal('59.958444'))"
Памятник М.И. Глинке,"Памятники, скульптуры, мемориалы",Смоленская область,Смоленск,"(Decimal('32.045251'), Decimal('54.782635'))"
Памятник М.И. Калинину,"Памятники, скульптуры, мемориалы",Калининградская область,,Not found
Памятник М.И. Кутузову,"Памятники, скульптуры, мемориалы",Калининградская область,Калининград,"(Decimal('20.512733'), Decimal('54.710454'))"
Памятник М.И. Кутузову,"Памятники, скульптуры, мемориалы",Москва,,"(Decimal('37.4114'), Decimal('55.844394'))"
Памятник М.И. Кутузову,"Памятники, скульптуры, мемориалы",Смоленская область,Смоленск,"(Decimal('32.045251'), Decimal('54.782635'))"
Памятник М.И. Кутузову возле села Царево-Займище.,"Памятники, скульптуры, мемориалы",Смоленская область,Царево-Займище,Not found
Памятник М.И.Цветаевой в Тарусе,"Памятники, скульптуры, мемориалы",Калужская область,Таруса,"(Decimal('37.165522'), Decimal('54.715613'))"
Памятник М.О. Микешину,"Памятники, скульптуры, мемориалы",Смоленская область,Смоленск,"(Decimal('32.045251'), Decimal('54.782635'))"
Памятник М.Ю. Лермонтову,"Памятники, скульптуры, мемориалы",Республика Северная Осетия - Алания,Владикавказ,"(Decimal('44.68196'), Decimal('43.02115'))"
Памятник Магомеду Гаджиеву,"Памятники, скульптуры, мемориалы",Республика Дагестан,Махачкала,"(Decimal('47.504682'), Decimal('42.98306'))"
Памятник Максиму Горькому,"Памятники, скульптуры, мемориалы",Нижегородская область,Нижний Новгород,"(Decimal('43.765543'), Decimal('56.235496'))"
Памятник Максиму Горькому на набережной.,"Памятники, скульптуры, мемориалы",Нижегородская область,Нижний Новгород,"(Decimal('43.826925'), Decimal('56.203623'))"
памятник моряку,"Памятники, скульптуры, мемориалы",Приморский край,Владивосток,"(Decimal('131.885485'), Decimal('43.115536'))"
памятник Маугли,"Памятники, скульптуры, мемориалы",Ленинградская область,Приозерск,"(Decimal('30.119838'), Decimal('61.036554'))"
Памятник Махачу Дахадаеву,"Памятники, скульптуры, мемориалы",Республика Дагестан,Махачкала,"(Decimal('47.504682'), Decimal('42.98306'))"
Памятник МиГ-29,"Памятники, скульптуры, мемориалы",Воронежская область,Воронеж,"(Decimal('39.216502'), Decimal('51.730986'))"
Памятник Минину и Пожарскому,"Памятники, скульптуры, мемориалы",Нижегородская область,Нижний Новгород,"(Decimal('43.765543'), Decimal('56.235496'))"
Памятник Михаилу Булгакову,"Памятники, скульптуры, мемориалы",Республика Северная Осетия - Алания,Владикавказ,"(Decimal('44.68196'), Decimal('43.02115'))"
Памятник Майклу Паникахи,"Памятники, скульптуры, мемориалы",Волгоградская область,,Not found
Памятник Михаилу Сперанскому,"Памятники, скульптуры, мемориалы",Иркутская область,Иркутск,"(Decimal('104.281047'), Decimal('52.287054'))"
Памятник Михаилу Ульянову в Таре,"Памятники, скульптуры, мемориалы",Омская область,Контейнер,Not found
Памятник Михаилу Шумилову,"Памятники, скульптуры, мемориалы",Волгоградская область,Волгоград,"(Decimal('44.516948'), Decimal('48.707067'))"
Памятник Михаилу Лермонтову,"Памятники, скульптуры, мемориалы",Краснодарский край,Геленджик,Not found
Памятник Михаилу Янковскому,"Памятники, скульптуры, мемориалы",Приморский край,Безверхово,"(Decimal('131.491879'), Decimal('42.963772'))"
Памятник Михаилу Ярославичу Тверскому,"Памятники, скульптуры, мемориалы",Тверская область,Тверь,Not found
Памятник ему-его,"Памятники, скульптуры, мемориалы",Санкт-Петербург,Санкт-Петербург,"(Decimal('30.315868'), Decimal('59.939095'))"
памятник Музе,"Памятники, скульптуры, мемориалы",Томская область,Томск,"(Decimal('84.947649'), Decimal('56.48464'))"
Осмотр достопримечательностей Саске Вахитову,"Памятники, скульптуры, мемориалы",Республика Татарстан,Казань,"(Decimal('49.108795'), Decimal('55.796289'))"
Памятник Муравьеву-Амуру,"Памятники, скульптуры, мемориалы",Приморский край,Владивосток,"(Decimal('131.885485'), Decimal('43.115536'))"
Памятник Н. Аргентовской,"Памятники, скульптуры, мемориалы",Курганская область,Курган,"(Decimal('65.341118'), Decimal('55.441004'))"
Памятник Николаю Гоголю,"Памятники, скульптуры, мемориалы",Москва,,"(Decimal('37.4114'), Decimal('55.844394'))"
Памятник Н.В. Гоголю на Хохолевском бульваре,"Памятники, скульптуры, мемориалы",Москва,,"(Decimal('37.617635'), Decimal('55.755814'))"
Памятник Н.П.Огарева,"Памятники, скульптуры, мемориалы",Республика Мордовия,Саранск,"(Decimal('45.183938'), Decimal('54.187433'))"
Памятник Н.Ф. Катанову,"Памятники, скульптуры, мемориалы",Республика Хакасия,Абакан,"(Decimal('89.711307'), Decimal('54.638632'))"
Памятник Н.А. Бугрову,"Памятники, скульптуры, мемориалы",Нижегородская область,Нижний Новгород,"(Decimal('43.765543'), Decimal('56.235496'))"
Памятник Н.В. Крыленко,"Памятники, скульптуры, мемориалы",Смоленская область,Смоленск,"(Decimal('32.301522'), Decimal('53.864071'))"
Памятник Н.Н. Демидову в Чирковицах,"Памятники, скульптуры, мемориалы",Ленинградская область,,"(Decimal('29.706298'), Decimal('61.162446'))"
Памятник НН Жукову в Ельце,"Памятники, скульптуры, мемориалы",Липецкая область,Елец,Not found
Памятник НН Муравьеву-Амурскому,"Памятники, скульптуры, мемориалы",Амурская область,Благовещенск,"(Decimal('127.527173'), Decimal('50.29064'))"
Памятник Н.Э. Бауману,"Памятники, скульптуры, мемориалы",Москва,,"(Decimal('37.4114'), Decimal('55.844394'))"
Памятник Нептуну,"Памятники, скульптуры, мемориалы",Приморский край,Владивосток,"(Decimal('131.885485'), Decimal('43.115536'))"
Памятник Никите Демидову,"Памятники, скульптуры, мемориалы",Тульская область,Тула,"(Decimal('37.617348'), Decimal('54.193122'))"
Памятник Никиткову-летуну,"Памятники, скульптуры, мемориалы",Пермь,Кунгур,"(Decimal('56.944206'), Decimal('57.42881'))"
Памятник Николаю I,"Памятники, скульптуры, мемориалы",Санкт-Петербург,Санкт-Петербург,"(Decimal('30.315868'), Decimal('59.939095'))"
Памятник Николаю Некрасову,"Памятники, скульптуры, мемориалы",Ярославская область,Ярославль,"(Decimal('39.87662'), Decimal('57.658939'))"
Памятник Николаю Муравьеву-Амурскому,"Памятники, скульптуры, мемориалы",Забайкальский край,Чита,"(Decimal('117.858184'), Decimal('50.050363'))"
Памятник Николаю Рубцову,"Памятники, скульптуры, мемориалы",Вологодская область,Вологда,"(Decimal('39.891523'), Decimal('59.220496'))"
Памятник Николаю Рубцову,"Памятники, скульптуры, мемориалы",Вологодская область,Тотьма,"(Decimal('42.758873'), Decimal('59.973487'))"
Памятник Николаю Рудневу,"Памятники, скульптуры, мемориалы",Волгоградская область,Волгоград,"(Decimal('44.516948'), Decimal('48.707067'))"
Памятник Николаю Тарскому,"Памятники, скульптуры, мемориалы",Республика Саха (Якутия),Якутск,"(Decimal('129.664885'), Decimal('62.031436'))"
Памятник Святителю Николаю,"Памятники, скульптуры, мемориалы",Пермь,Пермский,"(Decimal('56.229434'), Decimal('58.01045'))"
Памятник Святителю Николаю,"Памятники, скульптуры, мемориалы",Республика Адыгея,Майкоп,"(Decimal('40.098548'), Decimal('44.608865'))"
Памятник О.И.Городовиковой,"Памятники, скульптуры, мемориалы",Республика Калмыкия,Элиста,"(Decimal('44.269759'), Decimal('46.307743'))"
Памятник О.Э. Мандельштаму,"Памятники, скульптуры, мемориалы",Воронежская область,Воронеж,"(Decimal('39.216502'), Decimal('51.730986'))"
Памятник Олегу Рязанскому,"Памятники, скульптуры, мемориалы",Рязанская область,Рязань,"(Decimal('39.736375'), Decimal('54.629216'))"
Памятник Ольге Берггольц,"Памятники, скульптуры, мемориалы",Санкт-Петербург,Санкт-Петербург,"(Decimal('30.417423'), Decimal('59.892252'))"
Памятник Осипу Мандельштаму,"Памятники, скульптуры, мемориалы",Приморский край,Владивосток,"(Decimal('131.885485'), Decimal('43.115536'))"
Памятник Осипу Мандельштаму,"Памятники, скульптуры, мемориалы",Воронежская область,Воронеж,"(Decimal('39.216502'), Decimal('51.730986'))"
Памятник Остапу Бендеру,"Памятники, скульптуры, мемориалы",Санкт-Петербург,Санкт-Петербург,"(Decimal('30.315868'), Decimal('59.939095'))"
Памятник П.И.Чайковскому,"Памятники, скульптуры, мемориалы",Пермь,Чайковский,"(Decimal('54.147759'), Decimal('56.778061'))"
Памятник Павлу Третьякову,"Памятники, скульптуры, мемориалы",Москва,,Not found
Памятник ПА Соловьеву,"Памятники, скульптуры, мемориалы",Ярославская область,Рыбинск,"(Decimal('38.858406'), Decimal('58.048454'))"
Памятник П.И.Чайковскому,"Памятники, скульптуры, мемориалы",Москва,,"(Decimal('37.4114'), Decimal('55.844394'))"
памятник П.И.Батову,"Памятники, скульптуры, мемориалы",Ярославская область,Рыбинск,"(Decimal('38.858406'), Decimal('58.048454'))"
Памятник П.Н.Нестерову,"Памятники, скульптуры, мемориалы",Нижегородская область,Нижний Новгород,"(Decimal('43.765543'), Decimal('56.235496'))"
Памятник Павлу Петровичу Калитину,"Памятники, скульптуры, мемориалы",Новгородская область,Холм,Not found
Памятник Парижской Коммуне (борцам революции),"Памятники, скульптуры, мемориалы",Омская область,Омск,"(Decimal('73.368212'), Decimal('54.989342'))"
Памятник Патриарху Алексию II,"Памятники, скульптуры, мемориалы",Республика Марий Эл,Йошкар-Ола,Not found
памятник Пионерам,"Памятники, скульптуры, мемориалы",Иркутская область,Иркутск,"(Decimal('104.281047'), Decimal('52.287054'))"
Памятник Петру I,"Памятники, скульптуры, мемориалы",Нижегородская область,Нижний Новгород,"(Decimal('43.765543'), Decimal('56.235496'))"
Памятник Петру I,"Памятники, скульптуры, мемориалы",Ленинградская область,,"(Decimal('29.706298'), Decimal('61.162446'))"
Памятник Петру I,"Памятники, скульптуры, мемориалы",Ленинградская область,Выборг,"(Decimal('28.749404'), Decimal('60.710232'))"
Памятник Петру I,"Памятники, скульптуры, мемориалы",Ленинградская область,Шлиссельбург,"(Decimal('31.026597'), Decimal('59.934943'))"
Памятник Петру I,"Памятники, скульптуры, мемориалы",Ленинградская область,Приозерск,"(Decimal('30.119838'), Decimal('61.036554'))"
Памятник Петру I,"Памятники, скульптуры, мемориалы",Калининградская область,Калининград,"(Decimal('20.512733'), Decimal('54.710454'))"
Памятник Петру I,"Памятники, скульптуры, мемориалы",Архангельская область,Архангельск,"(Decimal('40.515753'), Decimal('64.539911'))"
Памятник Петру I,"Памятники, скульптуры, мемориалы",Республика Дагестан,Махачкала,"(Decimal('47.504682'), Decimal('42.98306'))"
Памятник Петру I,"Памятники, скульптуры, мемориалы",Алтайский край,Бийск,"(Decimal('85.21382'), Decimal('52.539297'))"
Памятник Петру I,"Памятники, скульптуры, мемориалы",Воронежская область,Воронеж,"(Decimal('39.216502'), Decimal('51.730986'))"
Памятник Петру I,"Памятники, скульптуры, мемориалы",Тульская область,Тула,"(Decimal('37.617348'), Decimal('54.193122'))"
Памятник Петру I,"Памятники, скульптуры, мемориалы",Ростовская область,Таганрог,"(Decimal('38.914713'), Decimal('47.22064'))"
Памятник Петру I,"Памятники, скульптуры, мемориалы",Астраханская область,Астрахань,"(Decimal('48.033574'), Decimal('46.347869'))"
Памятник Петру I,"Памятники, скульптуры, мемориалы",Волгоградская область,Алексеевская,"(Decimal('42.185847'), Decimal('50.294295'))"
Памятник Петру I Великому,"Памятники, скульптуры, мемориалы",Калининградская область,Балтийск,Not found
Памятник Петру I и Никите Демидову,"Памятники, скульптуры, мемориалы",Свердловская область,Невьянск,Not found
Памятник Петру Фильм,военная слава,Республика Северная Осетия - Алания,Хюзел,"(Decimal('44.569859'), Decimal('43.042212'))"
Памятник Петру Великому,"Памятники, скульптуры, мемориалы",Смоленская область,Гагарин,"(Decimal('34.996845'), Decimal('55.553299'))"
Памятник Петру Симону Палласу,"Памятники, скульптуры, мемориалы",Волгоградская область,Палласовка,Not found
Памятник Петру и Февронии,"Памятники, скульптуры, мемориалы",Приморский край,Владивосток,Not found
Памятник Петру и Февронии,"Памятники, скульптуры, мемориалы",Кировская область,Киров,"(Decimal('49.721706'), Decimal('58.605133'))"
Памятник Петру и Февронии,"Памятники, скульптуры, мемориалы",Нижегородская область,Нижний Новгород,"(Decimal('43.765543'), Decimal('56.235496'))"
Памятник Петру и Февронии,"Памятники, скульптуры, мемориалы",Новосибирская область,Новосибирск,Not found
Памятник Петру и Февронии,"Памятники, скульптуры, мемориалы",Свердловская область,Екатеринбург,Not found
Памятник Петру и Февронии,"Памятники, скульптуры, мемориалы",Курская область,Курск,Not found
Памятник Петру и Февронии Муромский,"Памятники, скульптуры, мемориалы",Иркутская область,Иркутск,Not found
Памятник Петру и Февронии Муромский,"Памятники, скульптуры, мемориалы",Краснодарский край,Краснодар,Not found
Памятник Петру и Февронии Муромский,"Памятники, скульптуры, мемориалы",Ростовская область,Ростов-на-Дону,Not found
Памятник Петру и Февронии в Бийске,"Памятники, скульптуры, мемориалы",Алтайский край,Бийск,"(Decimal('85.21382'), Decimal('52.539297'))"
Памятник покорителям Севера,"Памятники, скульптуры, мемориалы",Ямало-Ненецкий автономный округ,Надым,"(Decimal('72.531341'), Decimal('65.535924'))"
Памятник Пушкину,"Памятники, скульптуры, мемориалы",Санкт-Петербург,Санкт-Петербург,"(Decimal('30.315868'), Decimal('59.939095'))"
Памятник Потру I и Францу Лефорту,"Памятники, скульптуры, мемориалы",Москва,,Not found
Памятник Расулу Гамзатову,"Памятники, скульптуры, мемориалы",Республика Дагестан,Махачкала,"(Decimal('47.504682'), Decimal('42.98306'))"
Памятник Рембрандту ван Рейну,"Памятники, скульптуры, мемориалы",Республика Марий Эл,Йошкар-Ола,Not found
Памятник Рите на Мамаевом кургане,"Памятники, скульптуры, мемориалы",Волгоградская область,Волгоград,Not found
Памятник Рихарду Зорге,"Памятники, скульптуры, мемориалы",Удмуртская республика,Ижевск,"(Decimal('53.206891'), Decimal('56.852676'))"
Памятник Ростиславу Алексееву,"Памятники, скульптуры, мемориалы",Нижегородская область,Нижний Новгород,"(Decimal('43.765543'), Decimal('56.235496'))"
Памятник учителю русского языка,"Памятники, скульптуры, мемориалы",Республика Дагестан,Махачкала,"(Decimal('47.504682'), Decimal('42.98306'))"
Памятник Рахманинову,"Памятники, скульптуры, мемориалы",Новгородская область,Новгород,"(Decimal('31.269915'), Decimal('58.52281'))"
Памятник Кирову,"Памятники, скульптуры, мемориалы",Псковская область,Псков,"(Decimal('28.332451'), Decimal('57.819274'))"
Памятник Кирову,"Памятники, скульптуры, мемориалы",Волгоградская область,Волгоград,"(Decimal('44.516948'), Decimal('48.707067'))"
Памятник СВ Рахманинову,"Памятники, скульптуры, мемориалы",Тамбовская область,Тамбов,"(Decimal('41.832692'), Decimal('52.435401'))"
памятник С.Г.Чавайну,"Памятники, скульптуры, мемориалы",Республика Марий Эл,Йошкар-Ола,"(Decimal('47.886178'), Decimal('56.631595'))"
Памятник С.И. Мосину,"Памятники, скульптуры, мемориалы",Тульская область,Тула,"(Decimal('37.617348'), Decimal('54.193122'))"
Памятник СМ Киров,"Памятники, скульптуры, мемориалы",Мурманская область,Мурманск,"(Decimal('33.074981'), Decimal('68.970682'))"
Памятник СМ Кирову на Октябрьском проспекте,"Памятники, скульптуры, мемориалы",Кировская область,Киров,Not found
Памятник СМ на площади Кирова на Лепсе,"Памятники, скульптуры, мемориалы",Кировская область,Киров,"(Decimal('49.629988'), Decimal('58.616144'))"
Памятник СН Сергееву-Ценскому,"Памятники, скульптуры, мемориалы",Тамбовская область,Тамбов,"(Decimal('41.832692'), Decimal('52.435401'))"
Памятник Салчак Тока,"Памятники, скульптуры, мемориалы",Республика Тыва,красный,"(Decimal('94.287756'), Decimal('51.659803'))"
Памятник Самуилу Маршаку,"Памятники, скульптуры, мемориалы",Воронежская область,Воронеж,"(Decimal('39.216502'), Decimal('51.730986'))"
памятник Сахарову,"Памятники, скульптуры, мемориалы",Санкт-Петербург,Санкт-Петербург,"(Decimal('30.315868'), Decimal('59.939095'))"
Памятник Саше Филиппову,"Памятники, скульптуры, мемориалы",Волгоградская область,Волгоград,"(Decimal('44.516948'), Decimal('48.707067'))"
"Памятник Святителю Николаю Чудотворцу, архиепископу Мирликийскому","Памятники, скульптуры, мемориалы",Камчатский край,Петропавловск-Камчатский,"(Decimal('158.643566'), Decimal('53.024075'))"
Памятник Святителю Николаю Чудотворцу,"Памятники, скульптуры, мемориалы",Омская область,Асаир,Not found
Памятник Святой Екатерине,"Памятники, скульптуры, мемориалы",Краснодарский край,Краснодар,"(Decimal('38.968396'), Decimal('45.015416'))"
Памятник Святым Петру и Февронии,"Памятники, скульптуры, мемориалы",Тамбовская область,Тамбов,"(Decimal('41.832692'), Decimal('52.435401'))"
Памятник Святым Петру и Февронии,"Памятники, скульптуры, мемориалы",Архангельская область,Архангельск,"(Decimal('40.515753'), Decimal('64.539911'))"
Памятник Сене Малина,"Памятники, скульптуры, мемориалы",Архангельская область,Архангельск,"(Decimal('40.515753'), Decimal('64.539911'))"
Памятник Сергею Королеву и Юрию Гагарину,"Памятники, скульптуры, мемориалы",Ростовская область,Таганрог,"(Decimal('38.914713'), Decimal('47.22064'))"
Памятник Сергию Радонежскому,"Памятники, скульптуры, мемориалы",Нижегородская область,Нижний Новгород,"(Decimal('43.765543'), Decimal('56.235496'))"
Памятник Сергию Радонежскому,"Памятники, скульптуры, мемориалы",Республика Калмыкия,Элиста,"(Decimal('44.269759'), Decimal('46.307743'))"
Памятник Серебджабу Тюмень,"Памятники, скульптуры, мемориалы",Республика Калмыкия,Элиста,"(Decimal('44.269759'), Decimal('46.307743'))"
Памятник Сибирская монета,"Памятники, скульптуры, мемориалы",Новосибирская область,Сузуки,"(Decimal('82.362216'), Decimal('53.825637'))"
Памятник деревенщине в Пскове,"Памятники, скульптуры, мемориалы",Псковская область,Псков,"(Decimal('28.431562'), Decimal('57.796334'))"
памятник Славы,"Памятники, скульптуры, мемориалы",Воронежская область,Воронеж,"(Decimal('39.185384'), Decimal('51.694144'))"
Памятник славянской азбуки,"Памятники, скульптуры, мемориалы",Воронежская область,Россошь,"(Decimal('39.57652'), Decimal('50.192899'))"
памятник Солженицыну,"Памятники, скульптуры, мемориалы",Приморский край,Владивосток,"(Decimal('131.885485'), Decimal('43.115536'))"
Полка памятника Софии,"Памятники, скульптуры, мемориалы",Смоленская область,Смоленск,"(Decimal('32.045251'), Decimal('54.782635'))"
Памятник Степану Халтурину,"Памятники, скульптуры, мемориалы",Кировская область,Киров,"(Decimal('49.721706'), Decimal('58.605133'))"
памятник студенту,"Памятники, скульптуры, мемориалы",Республика Бурятия,,"(Decimal('112.348699'), Decimal('54.544222'))"
Памятник Сулейману Стальскому,"Памятники, скульптуры, мемориалы",Республика Дагестан,Махачкала,"(Decimal('47.504682'), Decimal('42.98306'))"
Памятник Тамаре Хахлыновой,"Памятники, скульптуры, мемориалы",Республика Калмыкия,Элиста,"(Decimal('44.279137'), Decimal('46.298528'))"
Памятник тамбовскому крестьянину,"Памятники, скульптуры, мемориалы",Тамбовская область,Тамбов,"(Decimal('41.832692'), Decimal('52.435401'))"
Памятник Татаркану Кокойты,"Памятники, скульптуры, мемориалы",Республика Северная Осетия - Алания,Владикавказ,"(Decimal('44.68196'), Decimal('43.02115'))"
Памятник Тимирязеву на Тверском бульваре.,"Памятники, скульптуры, мемориалы",Москва,,Not found
Памятник Торкелю Кнутссону,"Памятники, скульптуры, мемориалы",Ленинградская область,Выборг,"(Decimal('28.749404'), Decimal('60.710232'))"
Памятник Тотлебену,военная слава,Севастополь,,"(Decimal('33.489912'), Decimal('44.499691'))"
памятник Трезини,"Памятники, скульптуры, мемориалы",Санкт-Петербург,Санкт-Петербург,"(Decimal('30.288101'), Decimal('59.936562'))"
Памятник Трокаю Борисову,"Памятники, скульптуры, мемориалы",Удмуртская республика,Ижевск,"(Decimal('53.206891'), Decimal('56.852676'))"
Памятник Тысячелетия России,"Памятники, скульптуры, мемориалы",Новгородская область,Новгород,"(Decimal('31.269915'), Decimal('58.52281'))"
Памятник УБУС Хану,"Памятники, скульптуры, мемориалы",Республика Калмыкия,Элиста,"(Decimal('44.269759'), Decimal('46.307743'))"
Памятник Уральскому добровольческому танковому комплексу,военная слава,Пермь,Пермский,Not found
Памятник Уральскому добровольческому танковому корпусу,"Памятники, скульптуры, мемориалы",Свердловская область,Екатеринбург,Not found
Памятник Федору Достоевскому,"Памятники, скульптуры, мемориалы",Омская область,Омск,"(Decimal('73.368212'), Decimal('54.989342'))"
Памятник Ф. Х. Граалю,"Памятники, скульптуры, мемориалы",Пермь,Пермский,"(Decimal('56.229434'), Decimal('58.01045'))"
Памятник Ф. Дзержинскому,"Памятники, скульптуры, мемориалы",Свердловская область,Нижний Тагил,Not found
Памятник Ф. Дзержинскому,"Памятники, скульптуры, мемориалы",Москва,,"(Decimal('37.659569'), Decimal('55.767261'))"
Памятник Ф.А. Щербине,"Памятники, скульптуры, мемориалы",Краснодарский край,Краснодар,"(Decimal('38.917021'), Decimal('45.034381'))"
Памятник Ф.Г. Логинову,"Памятники, скульптуры, мемориалы",Волгоградская область,Волжский,"(Decimal('44.751867'), Decimal('48.786293'))"
Памятник Ф.М. Достоевскому,"Памятники, скульптуры, мемориалы",Москва,,Not found
Памятник Ф.М. Достоевскому,"Памятники, скульптуры, мемориалы",Москва,,Not found
Памятник Ф.М. Достоевскому «Несущий крест».,"Памятники, скульптуры, мемориалы",Омская область,Омск,"(Decimal('73.368212'), Decimal('54.989342'))"
Памятник Ф.М. Достоевскому в Старой Руссе,"Памятники, скульптуры, мемориалы",Новгородская область,Старая Русса,"(Decimal('31.355452'), Decimal('57.990715'))"
памятник Ф.М.Харитову,"Памятники, скульптуры, мемориалы",Ярославская область,Рыбинск,"(Decimal('38.858406'), Decimal('58.048454'))"
памятник Ушакову,"Памятники, скульптуры, мемориалы",Ярославская область,Рыбинск,Not found
Памятник Ф.Э. Дзержинскому,"Памятники, скульптуры, мемориалы",Ханты-Мансийский автономный округ,Нижневартовск,Not found
Памятник Ф.Э. Дзержинскому,"Памятники, скульптуры, мемориалы",Волгоградская область,Волгоград,Not found
Памятник Раневской,"Памятники, скульптуры, мемориалы",Ростовская область,Таганрог,"(Decimal('38.830675'), Decimal('47.217708'))"
Памятник Федору Ивановичу Шаляпину,"Памятники, скульптуры, мемориалы",Кировская область,Киров,"(Decimal('49.721706'), Decimal('58.605133'))"
Памятник Федору Солнцеву и «26 бакинским комиссарам»,"Памятники, скульптуры, мемориалы",Смоленская область,Гагарин,Not found
Памятник Францу де Волану Павловичу,"Памятники, скульптуры, мемориалы",Ростовская область,Новочеркасск,Not found
Памятник Фридриху Энгельсу,"Памятники, скульптуры, мемориалы",Москва,,"(Decimal('37.4114'), Decimal('55.844394'))"
Памятник Фёдору Волкову,"Памятники, скульптуры, мемориалы",Ярославская область,Ярославль,"(Decimal('39.87662'), Decimal('57.658939'))"
Памятник Хонгору,"Памятники, скульптуры, мемориалы",Республика Калмыкия,Элиста,"(Decimal('44.269759'), Decimal('46.307743'))"
Памятник Человеку-невидимке,"Памятники, скульптуры, мемориалы",Свердловская область,Екатеринбург,"(Decimal('60.597465'), Decimal('56.838011'))"
Памятник Человеку-невидимке,"Памятники, скульптуры, мемориалы",Санкт-Петербург,Санкт-Петербург,"(Decimal('30.315868'), Decimal('59.939095'))"
«Памятник» обновил Валиханову,"Памятники, скульптуры, мемориалы",Омская область,Омск,"(Decimal('73.368212'), Decimal('54.989342'))"
Памятник Шерлоку Холмсу и доктору Ватсону,"Памятники, скульптуры, мемориалы",Москва,,"(Decimal('37.617635'), Decimal('55.755814'))"
Памятник Эдит Сёдергран,"Памятники, скульптуры, мемориалы",Ленинградская область,Рощино,"(Decimal('29.706298'), Decimal('61.162446'))"
Памятник Элеоноре Прей,"Памятники, скульптуры, мемориалы",Приморский край,Владивосток,"(Decimal('131.885485'), Decimal('43.115536'))"
Памятник Юрию Гагарину,"Памятники, скульптуры, мемориалы",Москва,,"(Decimal('37.62342'), Decimal('55.766552'))"
Памятник Юрию Гагарину,"Памятники, скульптуры, мемориалы",Брянская область,Брянск,"(Decimal('34.317593'), Decimal('53.218831'))"
Памятник Юрию Гагарину,"Памятники, скульптуры, мемориалы",Ростовская область,Новочеркасск,"(Decimal('40.135056'), Decimal('47.463182'))"
Памятник Юрию Жданову,"Памятники, скульптуры, мемориалы",Ростовская область,Ростов-на-Дону,"(Decimal('39.671355'), Decimal('47.219642'))"
Памятник Молодёжи Бурятии,"Памятники, скульптуры, мемориалы",Республика Бурятия,,"(Decimal('107.826454'), Decimal('51.855429'))"
Памятник Юрию Гагарину,"Памятники, скульптуры, мемориалы",Удмуртская республика,Ижевск,"(Decimal('53.206891'), Decimal('56.852676'))"
Памятник Юрию Гагарину,"Памятники, скульптуры, мемориалы",Оренбургская область,Оренбург,"(Decimal('52.796837'), Decimal('53.54843'))"
Памятник Юрию Долгорукому,"Памятники, скульптуры, мемориалы",Москва,,"(Decimal('37.4114'), Decimal('55.844394'))"
Памятник Юрию Долгорукому,"Памятники, скульптуры, мемориалы",Костромская область,Кострома,"(Decimal('40.926858'), Decimal('57.767961'))"
Памятник Юрию Никулину,"Памятники, скульптуры, мемориалы",Москва,,"(Decimal('37.4114'), Decimal('55.844394'))"
Памятник Юрию Никулину в Демидове,"Памятники, скульптуры, мемориалы",Смоленская область,Демидов,Not found
Памятник Юрию Ножикову,"Памятники, скульптуры, мемориалы",Иркутская область,Иркутск,"(Decimal('104.281047'), Decimal('52.287054'))"
Памятник Е.П. Бакланову,"Памятники, скульптуры, мемориалы",Ростовская область,Новочеркасск,"(Decimal('40.093725'), Decimal('47.422052'))"
Памятник Ю.В. Дьяченко,"Памятники, скульптуры, мемориалы",Хабаровский край,Хабаровск,"(Decimal('135.053726'), Decimal('48.474053'))"
Памятник Ю. П. Гарелину,"Памятники, скульптуры, мемориалы",Ивановская область,Иваново,"(Decimal('40.973921'), Decimal('57.000348'))"
Памятник Як-7Б,"Памятники, скульптуры, мемориалы",Ненецкий автономный округ,Нарьян-Мар,Not found
Памятник автомобилистам Великой Отечественной войны &quot;ЗИС-5&quot;,"Памятники, скульптуры, мемориалы",Волгоградская область,Волгоград,Not found
Памятник адмиралу М.П. Лазарю,"Памятники, скульптуры, мемориалы",Краснодарский край,Новороссийск,"(Decimal('37.768974'), Decimal('44.723912'))"
Памятник адмиралу Макарову,"Памятники, скульптуры, мемориалы",Приморский край,Владивосток,"(Decimal('131.885485'), Decimal('43.115536'))"
Памятник адмиралу Н.Г. Кузнецову в Архангельске,военная слава,Архангельская область,Архангельск,Not found
Памятник адмиралу Н.Г. Кузнецову Котлас,военная слава,Архангельская область,Котлас,Not found
Памятник адмиралу Н.Г. Невельскому,"Памятники, скульптуры, мемориалы",Приморский край,Владивосток,Not found
Памятник адмиралу Нахимову,военная слава,Севастополь,,"(Decimal('33.489912'), Decimal('44.499691'))"
Памятник адмиралу Сенявину,военная слава,Севастополь,,"(Decimal('33.489912'), Decimal('44.499691'))"
Памятник адмиралу Ушакову,"Памятники, скульптуры, мемориалы",Тамбовская область,Тамбов,"(Decimal('41.832692'), Decimal('52.435401'))"
Памятник адмиралу ВМФ Ф.Ф. Ушакову.,"Памятники, скульптуры, мемориалы",Республика Мордовия,Саранск,"(Decimal('45.183938'), Decimal('54.187433'))"
Памятник академику А.Э. Ферсману,"Памятники, скульптуры, мемориалы",Мурманская область,Апатиты,"(Decimal('33.391098'), Decimal('67.566994'))"
Памятник академику Владимиру Ларионову,"Памятники, скульптуры, мемориалы",Республика Саха (Якутия),Якутск,"(Decimal('129.664885'), Decimal('62.031436'))"
Памятник академику Н.Н. Боголюбову,"Памятники, скульптуры, мемориалы",Нижегородская область,Нижний Новгород,"(Decimal('43.765543'), Decimal('56.235496'))"
Памятник академику Сахарову,"Памятники, скульптуры, мемориалы",Нижегородская область,Нижний Новгород,"(Decimal('43.765543'), Decimal('56.235496'))"
Памятник Ротану Амуру Белогорск,"Памятники, скульптуры, мемориалы",Амурская область,Белогорск,Not found
памятник артековцам,"Памятники, скульптуры, мемориалы",Алтайский край,Белокуриха,"(Decimal('84.984004'), Decimal('51.99606'))"
Памятник ару,"Памятники, скульптуры, мемориалы",Иркутская область,Иркутск,"(Decimal('104.281047'), Decimal('52.287054'))"
Памятник барду Аркадия Северная,"Памятники, скульптуры, мемориалы",Ивановская область,Иваново,Not found
Достопримечательности барону Мюнхгаузену,"Памятники, скульптуры, мемориалы",Калининградская область,Калининград,"(Decimal('20.512733'), Decimal('54.710454'))"
памятник бегемоту,"Памятники, скульптуры, мемориалы",Волгоградская область,Волгоград,"(Decimal('44.516948'), Decimal('48.707067'))"
Памятник бродячим собакам,"Памятники, скульптуры, мемориалы",Москва,,"(Decimal('37.4114'), Decimal('55.844394'))"
Памятник блокадной регулировщице,военная слава,Ленинградская область,,"(Decimal('29.706298'), Decimal('61.162446'))"
Памятник воинам Таманской армии,"Памятники, скульптуры, мемориалы",Краснодарский край,Туапсе,"(Decimal('39.076176'), Decimal('44.100852'))"
памятник веер,"Памятники, скульптуры, мемориалы",Томская область,Томск,"(Decimal('84.947649'), Decimal('56.48464'))"
Памятник борцам за Советскую власть,"Памятники, скульптуры, мемориалы",Республика Дагестан,Махачкала,Not found
Памятник борцам за Советскую власть в Забайкалье.,"Памятники, скульптуры, мемориалы",Забайкальский край,,"(Decimal('116.200424'), Decimal('52.847258'))"
Памятник бравому солдату Швейку,"Памятники, скульптуры, мемориалы",Санкт-Петербург,Санкт-Петербург,Not found
Памятник бронепоезду «Козьма Минин»,военная слава,Нижегородская область,Нижний Новгород,"(Decimal('43.765543'), Decimal('56.235496'))"
Памятник букве «О»,"Памятники, скульптуры, мемориалы",Вологодская область,Вологда,"(Decimal('39.891523'), Decimal('59.220496'))"
Памятник букве Е,"Памятники, скульптуры, мемориалы",Ульяновская область,,Not found
Памятник быку-производителю,"Памятники, скульптуры, мемориалы",Воронежская область,,"(Decimal('41.195715'), Decimal('51.155806'))"
Памятник в честь 300-летия обороны Пскова войсками Стефана Батория,"Памятники, скульптуры, мемориалы",Псковская область,Псков,Not found
Памятник в честь 50-летия Красной Армии.,военная слава,Псковская область,Псков,"(Decimal('28.431562'), Decimal('57.796334'))"
Памятник в честь Айгунского договора,"Памятники, скульптуры, мемориалы",Амурская область,,Not found
Памятник в честь накидов тоннеля № 4,"Памятники, скульптуры, мемориалы",Республика Бурятия,,Not found
Памятник в честь Японии и Приморья,"Памятники, скульптуры, мемориалы",Приморский край,Владивосток,"(Decimal('131.885485'), Decimal('43.115536'))"
Памятник в честь военных строителей,"Памятники, скульптуры, мемориалы",Забайкальский край,Краснокаменск,"(Decimal('118.040317'), Decimal('50.101099'))"
"Памятник в честь однополчан, погибших во Второй мировой войне.",военная слава,Забайкальский край,Петровск-Забайкальский,"(Decimal('108.846689'), Decimal('51.274889'))"
Памятник в честь награждения орденом Ленина Амурской области,"Памятники, скульптуры, мемориалы",Амурская область,Благовещенск,"(Decimal('127.501535'), Decimal('50.261119'))"
Памятник в честь сбойки тоннеля № 2,"Памятники, скульптуры, мемориалы",Республика Бурятия,Северобайкальск,Not found
Памятник в честь четырехсотлетия Томска,"Памятники, скульптуры, мемориалы",Томская область,Томск,"(Decimal('85.047586'), Decimal('56.536892'))"
Памятник великому землепроходцу Семену Дежнёву,"Памятники, скульптуры, мемориалы",Республика Саха (Якутия),Якутск,"(Decimal('129.664885'), Decimal('62.031436'))"
Памятник фанату и аномально жаркое лето 2012 года,"Памятники, скульптуры, мемориалы",Свердловская область,,Not found
Памятник веселому козлу,"Памятники, скульптуры, мемориалы",Нижегородская область,Нижний Новгород,"(Decimal('43.765543'), Decimal('56.235496'))"
памятник любви,"Памятники, скульптуры, мемориалы",Саратовская область,Саратов,"(Decimal('48.379731'), Decimal('49.899417'))"
памятник Водовозову,"Памятники, скульптуры, мемориалы",Санкт-Петербург,Санкт-Петербург,"(Decimal('30.315868'), Decimal('59.939095'))"
памятник сантехнику,"Памятники, скульптуры, мемориалы",Пермь,Пермский,"(Decimal('56.229434'), Decimal('58.01045'))"
памятник сантехнику,"Памятники, скульптуры, мемориалы",Ярославская область,Рыбинск,"(Decimal('38.858406'), Decimal('58.048454'))"
Памятник губернатору Дмитрию Кондырову,"Памятники, скульптуры, мемориалы",Калужская область,Кондрово,Not found
Памятник военной связи,"Памятники, скульптуры, мемориалы",Свердловская область,Екатеринбург,"(Decimal('60.597465'), Decimal('56.838011'))"
Памятник воинам 28-й армии,"Памятники, скульптуры, мемориалы",Республика Калмыкия,Элиста,"(Decimal('44.246609'), Decimal('46.313146'))"
Памятник олонецким полкам и народному ополчению Русской армии 1698-1920 гг.,военная слава,Республика Карелия,Петрозаводск,"(Decimal('34.346878'), Decimal('61.785017'))"
Памятник афганцам,"Памятники, скульптуры, мемориалы",Волгоградская область,Волгоград,"(Decimal('44.516948'), Decimal('48.707067'))"
Памятник в Урюпинске,"Памятники, скульптуры, мемориалы",Волгоградская область,Урюпинск,"(Decimal('41.99473'), Decimal('50.794539'))"
Памятник защитникам и освободителям Смоленска,"Памятники, скульптуры, мемориалы",Смоленская область,,Not found
"Памятник воинам, погибшим при взятии Казани",военная слава,Республика Татарстан,Казань,Not found
"Памятник воинам, погибшим в Великой Отечественной войне 1941-1945 годов.","Памятники, скульптуры, мемориалы",Амурская область,Белогорье,Not found
"Памятник воинам, погибшим в годы Великой Отечественной войны.",военная слава,Алтайский край,Быстрый источник,"(Decimal('84.389939'), Decimal('52.371292'))"
"Памятник воинам, погибшим от ран в госпиталях города Новосибирска в годы Великой Отечественной войны.",военная слава,Новосибирская область,Новосибирск,"(Decimal('82.92043'), Decimal('55.030199'))"
Памятник автомобилистам,военная слава,Тульская область,Тула,"(Decimal('37.617348'), Decimal('54.193122'))"
"Памятник воинам-землякам, погибшим в годы Великой Отечественной войны.","Памятники, скульптуры, мемориалы",Республика Саха (Якутия),Якутск,"(Decimal('129.732178'), Decimal('62.027216'))"
Памятник воинам-интернационалистам,"Памятники, скульптуры, мемориалы",Амурская область,Благовещенск,"(Decimal('127.527173'), Decimal('50.29064'))"
Памятник воинам-интернационалистам,"Памятники, скульптуры, мемориалы",Самарская область,Самара,"(Decimal('50.101783'), Decimal('53.195538'))"
Памятник воинам-интернационалистам,военная слава,Калининградская область,Калининград,"(Decimal('20.512733'), Decimal('54.710454'))"
Памятник воинам-интернационалистам,военная слава,Ямало-Ненецкий автономный округ,Таз,"(Decimal('80.351481'), Decimal('67.875308'))"
Памятник воинам-интернационалистам,"Памятники, скульптуры, мемориалы",Ярославская область,Рыбинск,"(Decimal('38.858406'), Decimal('58.048454'))"
Памятник воинам-освободителям,военная слава,Ямало-Ненецкий автономный округ,Тарко-Сале,"(Decimal('77.761055'), Decimal('64.911819'))"
Памятник воинам-освободителям,"Памятники, скульптуры, мемориалы",Краснодарский край,Краснодар,"(Decimal('38.975313'), Decimal('45.03547'))"
Памятник-северобайкальцам,"Памятники, скульптуры, мемориалы",Республика Бурятия,Северобайкальск,"(Decimal('109.335597'), Decimal('55.635996'))"
Памятник-спортсменам,"Памятники, скульптуры, мемориалы",Санкт-Петербург,Санкт-Петербург,"(Decimal('30.315868'), Decimal('59.939095'))"
Памятник воинам-интернационалистам,"Памятники, скульптуры, мемориалы",Кировская область,Киров,"(Decimal('49.721706'), Decimal('58.605133'))"
Памятник воинской славы,военная слава,Республика Хакасия,Абакан,"(Decimal('89.711307'), Decimal('54.638632'))"
Памятник Воину-освободителю,военная слава,Новгородская область,Холм,"(Decimal('31.181835'), Decimal('57.148835'))"
Памятник солдату-победителю,"Памятники, скульптуры, мемориалы",Томская область,Томск,"(Decimal('84.947649'), Decimal('56.48464'))"
Памятник генерал-губернатору Сироткину,"Памятники, скульптуры, мемориалы",Нижегородская область,Нижний Новгород,"(Decimal('43.765543'), Decimal('56.235496'))"
Памятник генерал-лейтенанту МГ ​​Ефремову Вязьме,"Памятники, скульптуры, мемориалы",Смоленская область,Вязьма,Not found
Памятник генералиссимусу А.В. Суворову.,"Памятники, скульптуры, мемориалы",Москва,,"(Decimal('37.4114'), Decimal('55.844394'))"
памятник генералиссимусу Александру Суворову,"Памятники, скульптуры, мемориалы",Краснодарский край,Славянск-на-Кубани,Not found
Памятник генералу А. П. Ермолову,"Памятники, скульптуры, мемориалы",Орловская область,Орел,"(Decimal('36.095188'), Decimal('52.908291'))"
Памятник генералу Маргелову,"Памятники, скульптуры, мемориалы",Рязанская область,,"(Decimal('39.734767'), Decimal('54.729444'))"
Памятник генералу де Голлю,"Памятники, скульптуры, мемориалы",Москва,,"(Decimal('37.4114'), Decimal('55.844394'))"
Памятник героическим защитникам Смоленска от французских войск,"Памятники, скульптуры, мемориалы",Смоленская область,Смоленск,"(Decimal('32.045251'), Decimal('54.782635'))"
Памятник героям третьей батареи лейтенанту А.П. Максутову,"Памятники, скульптуры, мемориалы",Камчатский край,Петропавловск-Камчатский,"(Decimal('158.659161'), Decimal('53.03489'))"
Памятник героям гвардейского танкового корпуса,военная слава,Ростовская область,Тацинская,Not found
Памятник героям Гражданской войны,"Памятники, скульптуры, мемориалы",Республика Ингушетия,Троица,Not found
Памятник героям Первой мировой войны,военная слава,Калининградская область,Калининград,Not found
Памятник героям Первой мировой войны.,"Памятники, скульптуры, мемориалы",Псковская область,Псков,Not found
Памятник героям и жертвам революции 1905 года.,"Памятники, скульптуры, мемориалы",Нижегородская область,Нижний Новгород,Not found
"Памятник героям мирного времени, пожарным и спасателям","Памятники, скульптуры, мемориалы",Новосибирская область,Новосибирск,"(Decimal('82.92043'), Decimal('55.030199'))"
Памятник Героям обороны Царицына красный,архитектура,Волгоградская область,,Not found
Памятник героям рассказа М.А. Шолохова &quot;Судьба человека&quot;,"Памятники, скульптуры, мемориалы",Волгоградская область,Урюпинск,Not found
Памятник героям Русско-Японской войны.,военная слава,Приморский край,Владивосток,Not found
Памятник героям сказки «Волшебник страны Оз»,"Памятники, скульптуры, мемориалы",Томская область,Томск,"(Decimal('84.947649'), Decimal('56.48464'))"
"Памятник героям, павшим в боях за Родину",военная слава,Псковская область,Остров-Залит,"(Decimal('28.06999'), Decimal('58.012395'))"
"Памятник героям, погибшим в Гражданской и Великой Отечественной войне.","Памятники, скульптуры, мемориалы",Волгоградская область,Волжский,"(Decimal('44.751867'), Decimal('48.786293'))"
Памятник героям-железнодорожникам,"Памятники, скульптуры, мемориалы",Курская область,,"(Decimal('36.121347'), Decimal('51.535008'))"
Памятник героям-интернационалистам,"Памятники, скульптуры, мемориалы",Республика Бурятия,,"(Decimal('112.348699'), Decimal('54.544222'))"
Памятник героям-стратонавтам,"Памятники, скульптуры, мемориалы",Республика Мордовия,Саранск,"(Decimal('45.183938'), Decimal('54.187433'))"
Памятник герцогу Альбрехту,"Памятники, скульптуры, мемориалы",Калининградская область,Калининград,"(Decimal('20.512733'), Decimal('54.710454'))"
памятник Гидростроителям,"Памятники, скульптуры, мемориалы",Республика Хакасия,Черемушки,"(Decimal('91.419938'), Decimal('52.850614'))"
горнозаводчиков памятник Николаю Никитичу Демидову,"Памятники, скульптуры, мемориалы",Свердловская область,Нижний Тагил,Not found
"Памятник шахтерам III Интернационала, погибшим в годы Великой Отечественной войны.","Памятники, скульптуры, мемориалы",Свердловская область,Нижний Тагил,"(Decimal('59.972211'), Decimal('57.907605'))"
памятник полицейскому,"Памятники, скульптуры, мемориалы",Санкт-Петербург,Санкт-Петербург,"(Decimal('30.315868'), Decimal('59.939095'))"
Памятник городскому ангелу,"Памятники, скульптуры, мемориалы",Свердловская область,Нижний Тагил,"(Decimal('59.972211'), Decimal('57.907605'))"
Памятник городскому водопроводу,"Памятники, скульптуры, мемориалы",Ростовская область,Ростов-на-Дону,"(Decimal('39.720349'), Decimal('47.222078'))"
Памятник графу Н. Н. Муравьеву-Амурскому,"Памятники, скульптуры, мемориалы",Хабаровский край,Хабаровск,Not found
Памятник П.И. графу Шувалову,"Памятники, скульптуры, мемориалы",Удмуртская республика,Ижевск,Not found
Памятник графу Строганову,"Памятники, скульптуры, мемориалы",Архангельская область,Сольвычегодск,"(Decimal('46.928556'), Decimal('61.328547'))"
Памятник графу Апраксину,"Памятники, скульптуры, мемориалы",Ленинградская область,Выборг,Not found
"Памятник гренадерам, павшим под Плевной","Памятники, скульптуры, мемориалы",Москва,,"(Decimal('37.4114'), Decimal('55.844394'))"
Памятник Герою Советской Соузы генерал-майору авиации Михаилу Кузнецову,"Памятники, скульптуры, мемориалы",Московская область,Пущино,"(Decimal('37.620977'), Decimal('54.832479'))"
Памятник Герою Советского Союза А.В. Ворожейкину.,военная слава,Нижегородская область,Городец,"(Decimal('43.472351'), Decimal('56.644822'))"
Памятник дважды Герою Советского Союза гвардии капитану В.С.Ефремову,"Памятники, скульптуры, мемориалы",Волгоградская область,Волгоград,"(Decimal('44.516948'), Decimal('48.707067'))"
памятник декабристам,"Памятники, скульптуры, мемориалы",Забайкальский край,,"(Decimal('117.858184'), Decimal('50.050363'))"
"Памятник денинградцам, строителям Северобайкальска","Памятники, скульптуры, мемориалы",Республика Бурятия,Северобайкальск,Not found
Памятник детям блокадного Ленинграда,военная слава,Омская область,Омск,Not found
памятник динозавру,"Памятники, скульптуры, мемориалы",Тульская область,Тула,"(Decimal('37.617348'), Decimal('54.193122'))"
Тапочки-памятники,"Памятники, скульптуры, мемориалы",Томская область,Томск,"(Decimal('84.947649'), Decimal('56.48464'))"
Памятник Донскому казаку Ермаку,"Памятники, скульптуры, мемориалы",Волгоградская область,Качалин,Not found
Памятник дружбы русского и армянского народов,"Памятники, скульптуры, мемориалы",Вологодская область,Вологда,"(Decimal('39.891523'), Decimal('59.220496'))"
Памятник Дружбы – Стела «Дархан».,"Памятники, скульптуры, мемориалы",Республика Бурятия,,Not found
Памятник железной дороге Приморья,памятники железные дороги,Приморский край,Владивосток,"(Decimal('131.885485'), Decimal('43.115536'))"
Памятник жертвам Беслана,"Памятники, скульптуры, мемориалы",Республика Северная Осетия - Алания,Владикавказ,"(Decimal('44.726453'), Decimal('43.048003'))"
Памятник жертвам Сталинградской битвы в селе Песчанка.,архитектура,Волгоградская область,,"(Decimal('44.151406'), Decimal('49.615821'))"
Памятник жертвам Чернобыльской катастрофы,"Памятники, скульптуры, мемориалы",Брянская область,Брянск,"(Decimal('34.363407'), Decimal('53.243562'))"
Памятник жертвам геноцида и депортации крымских татар «депортация»,"Памятники, скульптуры, мемориалы",Республика Крым,Первое мая,"(Decimal('33.857611'), Decimal('45.716098'))"
Памятник жертвам интервенции,"Памятники, скульптуры, мемориалы",Мурманская область,Мурманск,"(Decimal('39.512003'), Decimal('68.055694'))"
Памятник жертвам политических репрессий,"Памятники, скульптуры, мемориалы",Пермь,Пермский,Not found
Памятник жертвам политических репрессий,"Памятники, скульптуры, мемориалы",Пермь,Пермский,Not found
Памятник жертвам политических репрессий,"Памятники, скульптуры, мемориалы",Санкт-Петербург,Санкт-Петербург,Not found
Памятник жертвам политических репрессий,"Памятники, скульптуры, мемориалы",Мурманская область,Мурманск,Not found
Памятник жертвам политических репрессий,"Памятники, скульптуры, мемориалы",Республика Хакасия,Абакан,"(Decimal('89.711307'), Decimal('54.638632'))"
Памятник жертвам политических репрессий,"Памятники, скульптуры, мемориалы",Омская область,Омск,Not found
Памятник жертвам политических репрессий,"Памятники, скульптуры, мемориалы",Волгоградская область,Волгоград,Not found
Памятник жертвам политических репрессий 1930-1950 годов.,"Памятники, скульптуры, мемориалы",Республика Бурятия,,Not found
Памятник жертвам политических репрессий «Камень слез и плача»,"Памятники, скульптуры, мемориалы",Пермь,Соликамск,"(Decimal('56.771029'), Decimal('59.648333'))"
Памятник жертвам радиационных аварий и катастроф,"Памятники, скульптуры, мемориалы",Республика Хакасия,Абакан,"(Decimal('91.442387'), Decimal('53.721152'))"
Памятник жертвам сталинского геноцида,"Памятники, скульптуры, мемориалы",Республика Калмыкия,Элиста,Not found
Памятник жертвам тоталитарного режима «Соловецкий камень».,"Памятники, скульптуры, мемориалы",Москва,,"(Decimal('37.617635'), Decimal('55.755814'))"
Памятник жертвам нацистских лагерей,военная слава,Хабаровский край,Хабаровск,Not found
Памятник воинам Архангельска,"Памятники, скульптуры, мемориалы",Архангельская область,Архангельск,Not found
Памятник женам декабристов,"Памятники, скульптуры, мемориалы",Иркутская область,Иркутск,"(Decimal('104.316287'), Decimal('52.293141'))"
памятник зайцу,"Памятники, скульптуры, мемориалы",Санкт-Петербург,Санкт-Петербург,"(Decimal('30.315868'), Decimal('59.939095'))"
Памятник затопленным кораблям,военная слава,Севастополь,,"(Decimal('33.489912'), Decimal('44.499691'))"
Памятник защитникам Тулы,военная слава,Тульская область,Тула,"(Decimal('37.530247'), Decimal('54.191442'))"
Памятник защитникам города от трактора благодарен,"Памятники, скульптуры, мемориалы",Волгоградская область,Волгоград,"(Decimal('44.516948'), Decimal('48.707067'))"
Памятник защитникам атома,"Памятники, скульптуры, мемориалы",Волгоградская область,Волгоград,"(Decimal('43.859301'), Decimal('49.787397'))"
"Памятник землякам, павшим в Великой Отечественной войне 1941-1945 годов.","Памятники, скульптуры, мемориалы",Московская область,Юрцово,"(Decimal('39.190612'), Decimal('55.319418'))"
"Памятник землякам, павшим в боях за Родину в Великой Отечественной войне 1941-1945 годов.","Памятники, скульптуры, мемориалы",Московская область,Саввино,"(Decimal('39.201904'), Decimal('55.429854'))"
Памятник архитектору Фёдору Коню.,"Памятники, скульптуры, мемориалы",Смоленская область,Смоленск,Not found
Памятник изобретателю велосипеда Ефиму Артамонову.,"Памятники, скульптуры, мемориалы",Свердловская область,Екатеринбург,Not found
Памятник изобретателю телевидения Владимиру Зворыкину,"Памятники, скульптуры, мемориалы",Москва,,Not found
Памятник императору Петру I и его сподвижнику Александру Меншикову,"Памятники, скульптуры, мемориалы",Липецкая область,"Чаплыгин,",Not found
Памятник императрице Екатерине II,"Памятники, скульптуры, мемориалы",Краснодарский край,Краснодар,"(Decimal('39.139669'), Decimal('45.033923'))"
Памятник императрице Елизавете,"Памятники, скульптуры, мемориалы",Республика Марий Эл,Йошкар-Ола,Not found
Памятник императрице Елизавете,"Памятники, скульптуры, мемориалы",Калининградская область,Балтийск,Not found
Памятник императрице Марии Александровне,"Памятники, скульптуры, мемориалы",Кемеровская область,Мариинский,Not found
памятник инопланетянину,"Памятники, скульптуры, мемориалы",Пермь,ИПБ,"(Decimal('57.936485'), Decimal('57.237387'))"
Памятник 80-летию Чуйского тракта,"Памятники, скульптуры, мемориалы",Алтайский край,Бийск,Not found
Памятник казаку К.И.Недорубову,"Памятники, скульптуры, мемориалы",Волгоградская область,,Not found
Памятник камчатским партизанам,"Памятники, скульптуры, мемориалы",Камчатский край,Петропавловск-Камчатский,"(Decimal('158.64371'), Decimal('53.019915'))"
памятник кинозрителям,"Памятники, скульптуры, мемориалы",Иркутская область,Иркутск,"(Decimal('104.281047'), Decimal('52.287054'))"
Памятник китайским добровольцам,"Памятники, скульптуры, мемориалы",Республика Северная Осетия - Алания,Владикавказ,"(Decimal('44.68196'), Decimal('43.02115'))"
памятник клавиатуре,"Памятники, скульптуры, мемориалы",Свердловская область,Екатеринбург,"(Decimal('60.597465'), Decimal('56.838011'))"
памятник клоунам Никулину и М. Шуйдиной,"Памятники, скульптуры, мемориалы",Курская область,Курск,Not found
Памятник княгине Ольге в «Риге»,"Памятники, скульптуры, мемориалы",Псковская область,Псков,"(Decimal('28.332451'), Decimal('57.819274'))"
Памятник князю Владимиру,"Памятники, скульптуры, мемориалы",Астраханская область,Астрахань,"(Decimal('48.033574'), Decimal('46.347869'))"
Памятник князю Георгию Всеволодовичу и святителю Симону Суздальскому,"Памятники, скульптуры, мемориалы",Нижегородская область,Нижний Новгород,"(Decimal('44.006516'), Decimal('56.326797'))"
Памятник князю Засекину,"Памятники, скульптуры, мемориалы",Самарская область,Самара,"(Decimal('50.101783'), Decimal('53.195538'))"
Памятник Пончик Принцу,"Памятники, скульптуры, мемориалы",Томская область,Первое мая,"(Decimal('86.234952'), Decimal('57.073193'))"
Памятник князю Тундутову,"Памятники, скульптуры, мемориалы",Республика Калмыкия,Элиста,"(Decimal('44.269759'), Decimal('46.307743'))"
Памятник князю Юрию Владимировичу Долгорукому,"Памятники, скульптуры, мемориалы",Липецкая область,Долгоруков,Not found
памятник козел,"Памятники, скульптуры, мемориалы",Волгоградская область,Урюпинск,"(Decimal('42.015194'), Decimal('50.799754'))"
Памятник полководцу Рязанову,"Памятники, скульптуры, мемориалы",Красноярский край,Красноярск,"(Decimal('92.852572'), Decimal('56.010563'))"
Памятник командующему 50-й армией генерал-майору А.Н. Ермакову,"Памятники, скульптуры, мемориалы",Тульская область,Тула,Not found
памятник комару,"Памятники, скульптуры, мемориалы",Ямало-Ненецкий автономный округ,Ноябрьск,"(Decimal('75.450938'), Decimal('63.201801'))"
Памятник композитору Шапке и Агапкину,"Памятники, скульптуры, мемориалы",Тамбовская область,Тамбов,"(Decimal('41.832692'), Decimal('52.435401'))"
Памятник комсомольцам – защитникам Сталинграда,военная слава,Волгоградская область,Волгоград,"(Decimal('44.537852'), Decimal('48.514881'))"
памятник Конка,"Памятники, скульптуры, мемориалы",Санкт-Петербург,Санкт-Петербург,"(Decimal('30.315868'), Decimal('59.939095'))"
памятник лошади,"Памятники, скульптуры, мемориалы",Воронежская область,,"(Decimal('41.195715'), Decimal('51.155806'))"
Памятник коню Асыр-Кара,"Памятники, скульптуры, мемориалы",Республика Тыва,Ак-Эрик,"(Decimal('94.617025'), Decimal('50.51459'))"
Памятник корабелам Соломбальской верфи,"Памятники, скульптуры, мемориалы",Архангельская область,Архангельск,"(Decimal('40.50465'), Decimal('64.590781'))"
Памятник кораблю &quot;Полтава&quot;,"Памятники, скульптуры, мемориалы",Санкт-Петербург,Санкт-Петербург,Not found
Достопримечательности коробейнику,"Памятники, скульптуры, мемориалы",Свердловская область,Екатеринбург,"(Decimal('60.597465'), Decimal('56.838011'))"
Памятник королеве Луизе,"Памятники, скульптуры, мемориалы",Калининградская область,Советск,"(Decimal('21.888647'), Decimal('55.081029'))"
"Памятник космическому кораблю ""Энергия-Буран""","Памятники, скульптуры, мемориалы",Самарская область,Самара,Not found
Памятник коту Елисею и кошке Василисе,"Памятники, скульптуры, мемориалы",Санкт-Петербург,Санкт-Петербург,"(Decimal('30.315868'), Decimal('59.939095'))"
Памятник коту Тотти,"Памятники, скульптуры, мемориалы",Ленинградская область,Рощино,"(Decimal('29.706298'), Decimal('61.162446'))"
Памятник коту-ученому,"Памятники, скульптуры, мемориалы",Забайкальский край,Чита,"(Decimal('117.858184'), Decimal('50.050363'))"
памятник крестьянину,"Памятники, скульптуры, мемориалы",Липецкая область,Тербуны,"(Decimal('38.279963'), Decimal('52.147441'))"
Памятник Кубанскому казачеству,"Памятники, скульптуры, мемориалы",Краснодарский край,Бриньковская,"(Decimal('38.586369'), Decimal('46.035345'))"
"Памятник лабораторной мыши, вяжущая цепь ДНК","Памятники, скульптуры, мемориалы",Новосибирская область,Новосибирск,Not found
Памятник легендарной группе «Битлз»,"Памятники, скульптуры, мемориалы",Свердловская область,,Not found
Памятник легендарной дивизионной пушке ЗИС-3.,военная слава,Вологодская область,Чагода,Not found
Памятник летчикам Майкопчане,"Памятники, скульптуры, мемориалы",Республика Адыгея,Майкоп,"(Decimal('40.098548'), Decimal('44.608865'))"
Памятник летчику И.А. Докукину,"Памятники, скульптуры, мемориалы",Ростовская область,Зверево,Not found
Памятник советскому космонавту Павлу Беляеву,"Памятники, скульптуры, мемориалы",Вологодская область,Вологда,Not found
Памятник ликвидаторам чернобыльской катастрофы,"Памятники, скульптуры, мемориалы",Ленинградская область,Пинери,Not found
Памятник ликвидаторам чернобыльской катастрофы,"Памятники, скульптуры, мемориалы",Нижегородская область,Нижний Новгород,"(Decimal('44.006516'), Decimal('56.326797'))"
памятник лимону,"Памятники, скульптуры, мемориалы",Нижегородская область,Павлово,"(Decimal('43.06457'), Decimal('55.964629'))"
Памятник литературным образам братьев Жемчужников - Прутков,"Памятники, скульптуры, мемориалы",Липецкая область,Вяз,"(Decimal('38.169614'), Decimal('52.374179'))"
Памятник лопатке турбины,"Памятники, скульптуры, мемориалы",Нижегородская область,Нижний Новгород,"(Decimal('43.765543'), Decimal('56.235496'))"
памятник лошадям,"Памятники, скульптуры, мемориалы",Свердловская область,Мраморское,"(Decimal('60.405747'), Decimal('56.543096'))"
памятник любопытство,"Памятники, скульптуры, мемориалы",Свердловская область,Екатеринбург,"(Decimal('60.597465'), Decimal('56.838011'))"
Памятник лягушке-путешественнице,"Памятники, скульптуры, мемориалы",Томская область,Томск,"(Decimal('84.947649'), Decimal('56.48464'))"
"Памятник летчикам-дальневосточникам, погибшим в Великой Отечественной войне и локальных военных конфликтах",военная слава,Хабаровский край,Хабаровск,"(Decimal('135.071917'), Decimal('48.480223'))"
памятник мамонту,"Памятники, скульптуры, мемориалы",Республика Саха (Якутия),Якутск,"(Decimal('129.664885'), Decimal('62.031436'))"
Памятник марийскому актеру Ивану Кырле,"Памятники, скульптуры, мемориалы",Республика Марий Эл,Йошкар-Ола,Not found
Памятник маршалу Георгию Жукову,"Памятники, скульптуры, мемориалы",Москва,,"(Decimal('37.4114'), Decimal('55.844394'))"
Памятник маршалу Георгию Жукову,"Памятники, скульптуры, мемориалы",Краснодарский край,Армавир,Not found
Памятник Маршалу Советского Союза В.И. Чуйкову,"Памятники, скульптуры, мемориалы",Волгоградская область,,"(Decimal('44.151406'), Decimal('49.615821'))"
Памятник медицинским работникам,"Памятники, скульптуры, мемориалы",Воронежская область,Воронеж,"(Decimal('39.216502'), Decimal('51.730986'))"
памятник металлургам,"Памятники, скульптуры, мемориалы",Вологодская область,Череповец,"(Decimal('37.903461'), Decimal('59.122612'))"
памятник металлургам,"Памятники, скульптуры, мемориалы",Свердловская область,Нижний Тагил,"(Decimal('59.972211'), Decimal('57.907605'))"
Памятник минеральной воде,"Памятники, скульптуры, мемориалы",Краснодарский край,Горячая клавиша,"(Decimal('39.136426'), Decimal('44.634246'))"
Памятник мореплавателю Витусу Берингу,"Памятники, скульптуры, мемориалы",Камчатский край,Петропавловск-Камчатский,"(Decimal('158.64371'), Decimal('53.019915'))"
"Памятник мореплавателям, исследователям и первооткрывателям новых земель","Памятники, скульптуры, мемориалы",Вологодская область,Тотьма,"(Decimal('42.758873'), Decimal('59.973487'))"
памятник морякам,"Памятники, скульптуры, мемориалы",Волгоградская область,Урюпинск,"(Decimal('42.015194'), Decimal('50.799754'))"
Памятник торговым морякам,"Памятники, скульптуры, мемориалы",Приморский край,Владивосток,Not found
Памятник морякам волжской флотилии &quot;Маяк&quot;,"Памятники, скульптуры, мемориалы",Волгоградская область,Волгоград,Not found
Памятник морякам и кораблям Ладожской военной флотилии,военная слава,Ленинградская область,,"(Decimal('29.608975'), Decimal('59.337013'))"
"Памятник морякам-амурцам, погибшим в годы Великой Отечественной войны.",военная слава,Хабаровский край,Хабаровск,"(Decimal('135.071917'), Decimal('48.480223'))"
Памятник морякам-катерникам,военная слава,Приморский край,Владивосток,"(Decimal('131.885485'), Decimal('43.115536'))"
Памятник морякам-Североморск,архитектура,Волгоградская область,,"(Decimal('44.151406'), Decimal('49.615821'))"
Памятник морякам на удачу,"Памятники, скульптуры, мемориалы",Приморский край,Владивосток,Not found
Памятник морякам-романтикам,"Памятники, скульптуры, мемориалы",Приморский край,Владивосток,"(Decimal('131.885485'), Decimal('43.115536'))"
Памятник на могиле генерала Антона Антоновича Скалона.,военная слава,Смоленская область,Смоленск,"(Decimal('32.045251'), Decimal('54.782635'))"
Памятник народной артистке Осетии Махарбеку Тугановой,"Памятники, скульптуры, мемориалы",Республика Северная Осетия - Алания,Владикавказ,"(Decimal('44.68196'), Decimal('43.02115'))"
Памятник неизвестному музыканту,"Памятники, скульптуры, мемориалы",Ростовская область,Ростов-на-Дону,"(Decimal('39.720349'), Decimal('47.222078'))"
"Памятник новороссийцам, погибшим в необъявленной войне","Памятники, скульптуры, мемориалы",Краснодарский край,Новороссийск,Not found
Памятник оленьим автомобильным батальонам,"Памятники, скульптуры, мемориалы",Ненецкий автономный округ,Нарьян-Мар,"(Decimal('53.006926'), Decimal('67.63805'))"
памятник ополченцам,"Памятники, скульптуры, мемориалы",Москва,,"(Decimal('37.4114'), Decimal('55.844394'))"
Памятник осетинскому поэту Константину (Косте) Хетагурово,"Памятники, скульптуры, мемориалы",Республика Северная Осетия - Алания,Владикавказ,Not found
Памятник основателю Вологды,"Памятники, скульптуры, мемориалы",Вологодская область,Вологда,"(Decimal('39.918158'), Decimal('59.217471'))"
Памятник основателю города - князю Ярославу Мудрому.,"Памятники, скульптуры, мемориалы",Ярославская область,Ярославль,Not found
Памятник основателю города Короча Андрею Владимировичу Бутурлину,"Памятники, скульптуры, мемориалы",Белгородская область,Короча,"(Decimal('37.194942'), Decimal('50.811036'))"
Памятник основателю города Назрани,"Памятники, скульптуры, мемориалы",Республика Ингушетия,Назрань,"(Decimal('44.764641'), Decimal('43.225727'))"
Памятник основателям Благовещенска,"Памятники, скульптуры, мемориалы",Амурская область,Благовещенск,"(Decimal('127.527173'), Decimal('50.29064'))"
Памятник основателям Екатеринбурга В.Н. Татищеву и В.И. де Геннину.,"Памятники, скульптуры, мемориалы",Свердловская область,Екатеринбург,"(Decimal('60.597465'), Decimal('56.838011'))"
Памятник основателям Красноярска,"Памятники, скульптуры, мемориалы",Красноярский край,Красноярск,"(Decimal('92.920143'), Decimal('56.040244'))"
Памятник основателям Череповца,"Памятники, скульптуры, мемориалы",Вологодская область,Череповец,"(Decimal('37.991128'), Decimal('59.133117'))"
Памятник основателям города,"Памятники, скульптуры, мемориалы",Ханты-Мансийский автономный округ,Сургут,"(Decimal('73.396221'), Decimal('61.254035'))"
Памятник основателям города Клинцы,"Памятники, скульптуры, мемориалы",Брянская область,Клинцы,"(Decimal('32.233852'), Decimal('52.753143'))"
Памятник основателям города-крепости Оскола,"Памятники, скульптуры, мемориалы",Белгородская область,,Not found
"Национальный памятник праотцам Новороссийска: Раевскому, Лазарю и Серебрякову","Памятники, скульптуры, мемориалы",Краснодарский край,Новороссийск,Not found
памятник офицеру,"Памятники, скульптуры, мемориалы",Тамбовская область,Тамбов,"(Decimal('41.832692'), Decimal('52.435401'))"
Памятник павшим в Великой Отечественной войне,"Памятники, скульптуры, мемориалы",Республика Бурятия,,Not found
Памятник локомотиву,"Памятники, скульптуры, мемориалы",Воронежская область,Воронеж,"(Decimal('39.216502'), Decimal('51.730986'))"
Памятник локомотиву Л-0088,"Памятники, скульптуры, мемориалы",Волгоградская область,Волгоград,"(Decimal('44.516948'), Decimal('48.707067'))"
Памятник локомотиву СО 18-3100,"Памятники, скульптуры, мемориалы",Вологодская область,Вологда,Not found
Памятник партизанам,"Памятники, скульптуры, мемориалы",Приморский край,Владимиро-Александровское,"(Decimal('133.077163'), Decimal('42.890794'))"
Памятник Патриарху Гермогену,"Памятники, скульптуры, мемориалы",Москва,,"(Decimal('37.4114'), Decimal('55.844394'))"
Памятник Патриарху Никону,"Памятники, скульптуры, мемориалы",Республика Мордовия,Саранск,"(Decimal('45.183938'), Decimal('54.187433'))"
Памятник певцу и композитору Вадиму Козину,"Памятники, скульптуры, мемориалы",Магаданская область,Магадан,"(Decimal('150.808586'), Decimal('59.565151'))"
памятник пенсионеру,"Памятники, скульптуры, мемориалы",Республика Бурятия,,"(Decimal('112.348699'), Decimal('54.544222'))"
Памятник первому учителю,"Памятники, скульптуры, мемориалы",Саратовская область,Саратов,"(Decimal('46.047938'), Decimal('51.530811'))"
памятник первоклассникам,"Памятники, скульптуры, мемориалы",Ростовская область,Ростов-на-Дону,"(Decimal('39.720349'), Decimal('47.222078'))"
Памятник первому городскому кинотеатру,"Памятники, скульптуры, мемориалы",Новосибирская область,Новосибирск,Not found
Памятник первому железнодорожному мосту через Обь,"Памятники, скульптуры, мемориалы",Новосибирская область,Новосибирск,"(Decimal('82.92043'), Decimal('55.030199'))"
Памятник первому жителю Владивостока,"Памятники, скульптуры, мемориалы",Приморский край,Владивосток,"(Decimal('131.914554'), Decimal('43.16655'))"
Памятник первому паровозу,"Памятники, скульптуры, мемориалы",Ямало-Ненецкий автономный округ,Новый Уренгой,"(Decimal('76.680974'), Decimal('66.083963'))"
Памятник первому свиданию,"Памятники, скульптуры, мемориалы",Новосибирская область,Новосибирск,"(Decimal('82.92043'), Decimal('55.030199'))"
Памятник первому советскому самосвалу,"Памятники, скульптуры, мемориалы",Свердловская область,Екатеринбург,Not found
Памятник первому электромобилю Алтайского края ВЛ60К-649,"Памятники, скульптуры, мемориалы",Алтайский край,Новоалтайск,"(Decimal('83.93107'), Decimal('53.412021'))"
Памятник первооткрывателю золота Ерофею Маркову,"Памятники, скульптуры, мемориалы",Свердловская область,Березовский,Not found
Памятник открытиям западносибирской нефти,"Памятники, скульптуры, мемориалы",Ханты-Мансийский автономный округ,Нягань,"(Decimal('64.778144'), Decimal('60.121009'))"
Памятник пионеру Ивану Фёдорову,"Памятники, скульптуры, мемориалы",Москва,,"(Decimal('37.4114'), Decimal('55.844394'))"
памятник пионерам,"Памятники, скульптуры, мемориалы",Амурская область,Благовещенск,"(Decimal('127.527173'), Decimal('50.29064'))"
памятник пионерам,"Памятники, скульптуры, мемориалы",Ямало-Ненецкий автономный округ,Губкинский,"(Decimal('76.500494'), Decimal('64.432625'))"
Памятник пионерам края Югры «Кристалл».,"Памятники, скульптуры, мемориалы",Ханты-Мансийский автономный округ,Ханты-Мансийск,Not found
Памятник первопроходцам томской нефти,"Памятники, скульптуры, мемориалы",Томская область,Стрежевой,Not found
"Памятник пионерам, строителям БАМа","Памятники, скульптуры, мемориалы",Республика Бурятия,Северобайкальск,"(Decimal('109.333989'), Decimal('55.645385'))"
Памятник предстоятелю Иннокентию,"Памятники, скульптуры, мемориалы",Республика Саха (Якутия),Якутск,"(Decimal('129.664885'), Decimal('62.031436'))"
Памятник комсомольцу Тагилу,"Памятники, скульптуры, мемориалы",Свердловская область,Нижний Тагил,Not found
Памятник первопоселенцам в Биробиджане,"Памятники, скульптуры, мемориалы",Еврейская автономная область,,Not found
Памятник покорителям Эльбруса,"Памятники, скульптуры, мемориалы",Кабардино-Балкарская Республика,,Not found
Памятник русским учителям,"Памятники, скульптуры, мемориалы",Республика Тыва,красный,Not found
Памятник трактористам,"Памятники, скульптуры, мемориалы",Новгородская область,Любитино,"(Decimal('33.390181'), Decimal('58.811115'))"
перемещен Памятник Алтаю от благодарных потомков,"Памятники, скульптуры, мемориалы",Алтайский край,Барнаул,"(Decimal('83.776856'), Decimal('53.346785'))"
памятник пивовару,"Памятники, скульптуры, мемориалы",Ростовская область,Ростов-на-Дону,"(Decimal('39.720349'), Decimal('47.222078'))"
Памятник пивовару (Пивоварская аллея),"Памятники, скульптуры, мемориалы",Томская область,Томск,"(Decimal('84.947649'), Decimal('56.48464'))"
Памятник пионеру дайвинга в Тихом океане,"Памятники, скульптуры, мемориалы",Приморский край,Владивосток,"(Decimal('131.885485'), Decimal('43.115536'))"
Памятник писателю Джозефу Конраду,"Памятники, скульптуры, мемориалы",Вологодская область,Вологда,Not found
Памятник погибшему Ил-2,военная слава,Ленинградская область,зеркало,Not found
Памятник погибшим летчикам Арктики,"Памятники, скульптуры, мемориалы",Ямало-Ненецкий автономный округ,Таз,Not found
Памятник павшим в Великой Отечественной войне,"Памятники, скульптуры, мемориалы",Амурская область,Благовещенск,"(Decimal('127.527173'), Decimal('50.29064'))"
Памятник павшим в Великой Отечественной войне,военная слава,Пензенская область,верхний Шкафт,"(Decimal('45.588737'), Decimal('53.505769'))"
Памятник павшим в локальных войнах,"Памятники, скульптуры, мемориалы",Удмуртская республика,Ижевск,Not found
Памятник погибшим морякам,военная слава,Астраханская область,,Not found
Памятник погибшим сотрудникам МВД,военная слава,Республика Хакасия,Абакан,"(Decimal('89.711307'), Decimal('54.638632'))"
Памятник пограничнику с собакой,"Памятники, скульптуры, мемориалы",Амурская область,Благовещенск,Not found
Памятник летчику Василию Старощуку,"Памятники, скульптуры, мемориалы",Новосибирская область,Новосибирск,"(Decimal('82.955994'), Decimal('55.030756'))"
Памятник подводной лодке Джевецкого,"Памятники, скульптуры, мемориалы",Ленинградская область,,"(Decimal('29.706298'), Decimal('61.162446'))"
памятник пожарному,"Памятники, скульптуры, мемориалы",Ямало-Ненецкий автономный округ,Ноябрьск,"(Decimal('75.450938'), Decimal('63.201801'))"
памятник пожару,"Памятники, скульптуры, мемориалы",Нижегородская область,Нижний Новгород,"(Decimal('43.765543'), Decimal('56.235496'))"
Памятник пожилым людям,"Памятники, скульптуры, мемориалы",Воронежская область,Подгоренский,"(Decimal('39.717366'), Decimal('50.492573'))"
Памятник полководцу Багратиону,"Памятники, скульптуры, мемориалы",Москва,,"(Decimal('37.4114'), Decimal('55.844394'))"
Памятник последний по алфавиту Европы,"Памятники, скульптуры, мемориалы",Республика Коми,Сыктывкар,Not found
Памятник жертвам веры,"Памятники, скульптуры, мемориалы",Ивановская область,Шуя,Not found
Памятник Донскому атаману Якову Бакланову,военная слава,Ростовская область,Волгодонск,"(Decimal('42.20632'), Decimal('47.519618'))"
Памятник поэтессе Маргарите Агашиной,"Памятники, скульптуры, мемориалы",Волгоградская область,Волгоград,"(Decimal('44.513103'), Decimal('48.704647'))"
Памятник поэтессе Л.И. Ошаниной,"Памятники, скульптуры, мемориалы",Ярославская область,Рыбинск,"(Decimal('38.858406'), Decimal('58.048454'))"
Памятник поэту - герою Советского Союза Мусе Джалилю,"Памятники, скульптуры, мемориалы",Ханты-Мансийский автономный округ,Нижневартовск,"(Decimal('76.558902'), Decimal('60.938545'))"
Памятник поэту-песеннику М.В. Исаковскому,"Памятники, скульптуры, мемориалы",Смоленская область,Смоленск,"(Decimal('32.045251'), Decimal('54.782635'))"
Памятник преподобному Корнилию Псково-Печерскому,"Памятники, скульптуры, мемориалы",Псковская область,Печора,Not found
Памятник преподобному Серафиму Саровскому,"Памятники, скульптуры, мемориалы",Удмуртская республика,Ижевск,Not found
Памятник Святому Трифону Вятка,"Памятники, скульптуры, мемориалы",Кировская область,Киров,"(Decimal('49.721706'), Decimal('58.605133'))"
Памятник преподобномученику Амвросию,"Памятники, скульптуры, мемориалы",Липецкая область,АБЦЕДИОНЫ,Not found
Памятник Прищепке,"Памятники, скульптуры, мемориалы",Алтайский край,Белокуриха,"(Decimal('84.984004'), Decimal('51.99606'))"
Памятник продавцу и покупателю,"Памятники, скульптуры, мемориалы",Воронежская область,Воронеж,"(Decimal('39.216502'), Decimal('51.730986'))"
Памятник продавцу и покупателю,"Памятники, скульптуры, мемориалы",Воронежская область,Воронеж,"(Decimal('39.216502'), Decimal('51.730986'))"
Памятник Аввакуму,"Памятники, скульптуры, мемориалы",Нижегородская область,Григорово,"(Decimal('43.719208'), Decimal('56.207228'))"
"Памятник псковцам-флотоначальникам, мореплавателям и строителям ВМФ России.","Памятники, скульптуры, мемориалы",Псковская область,Псков,"(Decimal('28.332451'), Decimal('57.819274'))"
Памятник псковским десантникам 6-й роты,военная слава,Псковская область,черный,Not found
Памятник птице Сирин,"Памятники, скульптуры, мемориалы",Новгородская область,Новгород,"(Decimal('31.269915'), Decimal('58.52281'))"
Памятник Пушкарю Василию,"Памятники, скульптуры, мемориалы",Санкт-Петербург,Санкт-Петербург,"(Decimal('30.315868'), Decimal('59.939095'))"
памятник пять копеек,"Памятники, скульптуры, мемориалы",Нижегородская область,Нижний Новгород,"(Decimal('43.765543'), Decimal('56.235496'))"
Памятник рабочему репортеру Г. Быкову,"Памятники, скульптуры, мемориалы",Свердловская область,Нижний Тагил,"(Decimal('59.972211'), Decimal('57.907605'))"
"Памятник работникам ВМЗ, погибшим в годы Великой Отечественной войны.",военная слава,Свердловская область,Нижний Тагил,"(Decimal('59.972211'), Decimal('57.907605'))"
Памятник прокурорам,"Памятники, скульптуры, мемориалы",Курская область,Курск,"(Decimal('36.193186'), Decimal('51.73083'))"
Памятник разведочная скважина Ф-2,"Памятники, скульптуры, мемориалы",Ямало-Ненецкий автономный округ,,Not found
Памятник ракетно-зенитному орудию «Катюша».,"Памятники, скульптуры, мемориалы",Ростовская область,мой,Not found
Памятник революционерам на острове Залит,"Памятники, скульптуры, мемориалы",Псковская область,Остров-Залит,"(Decimal('28.072119'), Decimal('58.012205'))"
Памятник резной частокол,"Памятники, скульптуры, мемориалы",Вологодская область,Вологда,"(Decimal('39.891523'), Decimal('59.220496'))"
Памятник рисующему мальчику,"Памятники, скульптуры, мемориалы",Новгородская область,Новгород,"(Decimal('31.269915'), Decimal('58.52281'))"
Памятник российско-французской дружбе,"Памятники, скульптуры, мемориалы",Тамбовская область,Тамбов,"(Decimal('41.832692'), Decimal('52.435401'))"
Памятник российскому императору Александру II,"Памятники, скульптуры, мемориалы",Нижегородская область,Нижний Новгород,Not found
Памятник русскому купечеству,"Памятники, скульптуры, мемориалы",Нижегородская область,Городец,"(Decimal('43.472351'), Decimal('56.644822'))"
памятник самовар,"Памятники, скульптуры, мемориалы",Нижегородская область,Городец,"(Decimal('43.472351'), Decimal('56.644822'))"
Памятник самолету ТУ-154,"Памятники, скульптуры, мемориалы",Новосибирская область,Обь,"(Decimal('82.69285'), Decimal('54.995307'))"
памятник сантехнику,"Памятники, скульптуры, мемориалы",Волгоградская область,Волгоград,"(Decimal('44.516948'), Decimal('48.707067'))"
Памятник сапогам пионеров-строителей Эжвы,"Памятники, скульптуры, мемориалы",Республика Коми,Сыктывкар,Not found
памятник светофору,"Памятники, скульптуры, мемориалы",Новосибирская область,Новосибирск,"(Decimal('82.92043'), Decimal('55.030199'))"
Памятник святителю Войно-Ясенецкому,"Памятники, скульптуры, мемориалы",Красноярский край,Красноярск,"(Decimal('92.852572'), Decimal('56.010563'))"
Памятник Святителю Димитрию Ростовскому,"Памятники, скульптуры, мемориалы",Ростовская область,Ростов-на-Дону,Not found
Памятник святителю Иннокентию Московскому – просветителю Колымской земли,"Памятники, скульптуры, мемориалы",Магаданская область,Магадан,"(Decimal('150.808586'), Decimal('59.565151'))"
Памятник Святым Петру и Февронии,"Памятники, скульптуры, мемориалы",Амурская область,Благовещенск,Not found
Памятник Святым Петру и Февронии,"Памятники, скульптуры, мемориалы",Омская область,Омск,Not found
Памятник Святым Петру и Павлу,"Памятники, скульптуры, мемориалы",Камчатский край,Петропавловск-Камчатский,"(Decimal('158.643566'), Decimal('53.024075'))"
Памятник святым Кириллу и Мефодию,"Памятники, скульптуры, мемориалы",Республика Мордовия,Саранск,"(Decimal('45.183938'), Decimal('54.187433'))"
"Памятник мученику Леониду, епископу Марийскому","Памятники, скульптуры, мемориалы",Республика Марий Эл,Йошкар-Ола,Not found
Памятник северному сказителю Борису Шергину,"Памятники, скульптуры, мемориалы",Архангельская область,Архангельск,Not found
Памятник северному сказителю Степану Писахову,"Памятники, скульптуры, мемориалы",Архангельская область,Архангельск,Not found
Памятник семи братьям Газдановым,военная слава,Республика Северная Осетия - Алания,Дзуарикау,Not found
памятник сердцу,"Памятники, скульптуры, мемориалы",Пермь,Пермский,"(Decimal('56.229434'), Decimal('58.01045'))"
Памятник скорбящей матери,военная слава,Пермь,Пермский,"(Decimal('56.229434'), Decimal('58.01045'))"
Памятник Сантехнику Степанычу,"Памятники, скульптуры, мемориалы",Омская область,Омск,"(Decimal('73.368212'), Decimal('54.989342'))"
Памятник смоленскому губернатору А.Г. Лопатину,"Памятники, скульптуры, мемориалы",Смоленская область,Смоленск,Not found
Памятник Собачьему отряду,архитектура,Волгоградская область,,"(Decimal('44.151406'), Decimal('49.615821'))"
памятник собаке,"Памятники, скульптуры, мемориалы",Костромская область,Кострома,"(Decimal('40.926858'), Decimal('57.767961'))"
Памятник собаке Палу,"Памятники, скульптуры, мемориалы",Амурская область,Благовещенск,"(Decimal('127.527173'), Decimal('50.29064'))"
Памятник собакам-спасателям,"Памятники, скульптуры, мемориалы",Пермь,Пермский,"(Decimal('56.229434'), Decimal('58.01045'))"
Памятник советским воинам на площади Революции в городе Ельце.,"Памятники, скульптуры, мемориалы",Липецкая область,Елец,"(Decimal('38.503653'), Decimal('52.62419'))"
создатели Памятник космодром Восточный,"Памятники, скульптуры, мемориалы",Амурская область,Углегорск,"(Decimal('128.112875'), Decimal('51.761583'))"
Памятник воинам Вильманстрандского полка,"Памятники, скульптуры, мемориалы",Новгородская область,Старая Русса,Not found
Памятник воинам Первой мировой войны.,военная слава,Псковская область,Псков,Not found
Памятник воинам Первой мировой войны.,военная слава,Псковская область,Псков,Not found
Памятник солдатской матери А.А. Ларионовой.,военная слава,Омская область,Омск,"(Decimal('73.368212'), Decimal('54.989342'))"
Памятник солдатам и матросам,военная слава,Севастополь,,"(Decimal('33.489912'), Decimal('44.499691'))"
Памятник солисту группы «Король и Шут» Михаилу Горшенёву,"Памятники, скульптуры, мемориалы",Воронежская область,Воронеж,"(Decimal('39.200269'), Decimal('51.660781'))"
Памятник соляной афере,"Памятники, скульптуры, мемориалы",Нижегородская область,Нижний Новгород,"(Decimal('43.765543'), Decimal('56.235496'))"
Памятник сосновая шишка,"Памятники, скульптуры, мемориалы",Воронежская область,Воронеж,"(Decimal('39.216502'), Decimal('51.730986'))"
"Памятник полицейским, погибшим при исполнении служебных обязанностей","Памятники, скульптуры, мемориалы",Свердловская область,Нижний Тагил,"(Decimal('59.972211'), Decimal('57.907605'))"
Сотрудники службы охраны памятников,"Памятники, скульптуры, мемориалы",Республика Бурятия,,Not found
Сотрудники службы охраны памятников погибли при исполнении служебных обязанностей,"Памятники, скульптуры, мемориалы",Иркутская область,Иркутск,"(Decimal('104.281047'), Decimal('52.287054'))"
Памятник сотрудникам УВД,"Памятники, скульптуры, мемориалы",Приморский край,Владивосток,"(Decimal('131.885485'), Decimal('43.115536'))"
"Памятник полицейским, погибшим при исполнении служебных обязанностей","Памятники, скульптуры, мемориалы",Курганская область,Курган,"(Decimal('65.341118'), Decimal('55.441004'))"
"Памятник сотрудникам сил госбезопасности, партизанам","Памятники, скульптуры, мемориалы",Тульская область,Тула,Not found
Памятник спортсменам-гребцам,"Памятники, скульптуры, мемориалы",Ростовская область,Белая Калитва,"(Decimal('40.802388'), Decimal('48.177644'))"
Памятник странам-участницам антигитлеровской коалиции,"Памятники, скульптуры, мемориалы",Мурманская область,Мурманск,Not found
памятник студентам,"Памятники, скульптуры, мемориалы",Курская область,Курск,"(Decimal('36.193186'), Decimal('51.73083'))"
памятник студенческому коллективу,"Памятники, скульптуры, мемориалы",Республика Бурятия,,"(Decimal('112.348699'), Decimal('54.544222'))"
Памятник студенчеству Томска,"Памятники, скульптуры, мемориалы",Томская область,Томск,"(Decimal('85.047586'), Decimal('56.536892'))"
Памятник Шамов-тарбаганам,"Памятники, скульптуры, мемориалы",Забайкальский край,Краснокаменск,"(Decimal('117.858184'), Decimal('50.050363'))"
К счастью памятник,"Памятники, скульптуры, мемориалы",Томская область,Томск,"(Decimal('84.947649'), Decimal('56.48464'))"
памятник таможеннику,"Памятники, скульптуры, мемориалы",Ростовская область,Ростов-на-Дону,"(Decimal('39.720349'), Decimal('47.222078'))"
памятник танкистам,"Памятники, скульптуры, мемориалы",Волгоградская область,Новая Надежда,"(Decimal('44.306015'), Decimal('48.839173'))"
Памятник танкистам Суровикино,"Памятники, скульптуры, мемориалы",Волгоградская область,Суровикино,"(Decimal('42.844447'), Decimal('48.606142'))"
"Памятник танкостроителям, создателям Т-72","Памятники, скульптуры, мемориалы",Свердловская область,Нижний Тагил,Not found
Памятник танку Т-34,"Памятники, скульптуры, мемориалы",Ненецкий автономный округ,искатели,"(Decimal('53.127363'), Decimal('67.677533'))"
Памятник танку Т-34,"Памятники, скульптуры, мемориалы",Ярославская область,,Not found
Памятник товарищу Артему,"Памятники, скульптуры, мемориалы",Ростовская область,мой,"(Decimal('40.215797'), Decimal('47.709601'))"
Памятник токарному станку,"Памятники, скульптуры, мемориалы",Брянская область,Брянск,"(Decimal('34.363407'), Decimal('53.243562'))"
Памятник открытиям Тотемского,"Памятники, скульптуры, мемориалы",Вологодская область,Тотьма,"(Decimal('42.758873'), Decimal('59.973487'))"
Памятник трактору ДТ-54,"Памятники, скульптуры, мемориалы",Архангельская область,Вельск,"(Decimal('42.10331'), Decimal('61.065915'))"
"Памятник трамваям серии ""Х""","Памятники, скульптуры, мемориалы",Волгоградская область,Волгоград,Not found
Памятник трем китам,"Памятники, скульптуры, мемориалы",Приморский край,Владивосток,"(Decimal('131.885485'), Decimal('43.115536'))"
памятник треске,"Памятники, скульптуры, мемориалы",Мурманская область,Мурманск,"(Decimal('33.074981'), Decimal('68.970682'))"
Памятник труженикам тыла,"Памятники, скульптуры, мемориалы",Амурская область,Благовещенск,"(Decimal('127.527173'), Decimal('50.29064'))"
Памятник Тульскому прянику,"Памятники, скульптуры, мемориалы",Тульская область,Тула,"(Decimal('37.617348'), Decimal('54.193122'))"
Тула Памятник - Героям Советского Союза,военная слава,Тульская область,Тула,"(Decimal('37.606891'), Decimal('54.182074'))"
Памятник Тулы - защитникам Тулы в годы Великой Отечественной войны.,военная слава,Тульская область,Тула,"(Decimal('37.617348'), Decimal('54.193122'))"
Памятник Туле — участникам Первой мировой войны,военная слава,Тульская область,Тула,Not found
памятник туристический,"Памятники, скульптуры, мемориалы",Иркутская область,Иркутск,"(Decimal('104.281047'), Decimal('52.287054'))"
Памятник жертвам политических зон Чусовая,"Памятники, скульптуры, мемориалы",Пермь,Чусовой,Not found
Памятник жертвам политических зон Чусовая,"Памятники, скульптуры, мемориалы",Пермь,Чусовой,Not found
Памятник участникам Северных конвоев,"Памятники, скульптуры, мемориалы",Архангельская область,Архангельск,"(Decimal('40.502611'), Decimal('64.580981'))"
Памятник ликвидаторам радиации и техногенных катастроф,"Памятники, скульптуры, мемориалы",Ханты-Мансийский автономный округ,,"(Decimal('65.897508'), Decimal('61.588912'))"
Памятник участникам локальных войн,"Памятники, скульптуры, мемориалы",Республика Калмыкия,Элиста,Not found
Третья сторона – памятник всемирной экспедиции Чарльза Кларка,"Памятники, скульптуры, мемориалы",Камчатский край,Петропавловск-Камчатский,"(Decimal('158.643566'), Decimal('53.024075'))"
Памятник ученому-металлургу Владимиру Евгеньевичу Груммайло,"Памятники, скульптуры, мемориалы",Свердловская область,Верхняя Пышма,"(Decimal('60.579194'), Decimal('56.966958'))"
памятник учителям,"Памятники, скульптуры, мемориалы",Брянская область,Брянск,"(Decimal('34.363407'), Decimal('53.243562'))"
Памятник финскому композитору Яну Сибелиусу,"Памятники, скульптуры, мемориалы",Псковская область,Псков,Not found
памятник фонарщику,"Памятники, скульптуры, мемориалы",Санкт-Петербург,Санкт-Петербург,"(Decimal('30.315868'), Decimal('59.939095'))"
фотограф памятников,"Памятники, скульптуры, мемориалы",Санкт-Петербург,Санкт-Петербург,"(Decimal('30.315868'), Decimal('59.939095'))"
Памятник французским летчикам эскадрильи «Нормандия – Неман»,"Памятники, скульптуры, мемориалы",Калужская область,льняная фабрика,Not found
Памятник французскому мореплавателю Жану-Франсуа Лаперузу,"Памятники, скульптуры, мемориалы",Камчатский край,Петропавловск-Камчатский,"(Decimal('158.64371'), Decimal('53.019915'))"
Памятник почтальону военного времени,"Памятники, скульптуры, мемориалы",Воронежская область,Воронеж,"(Decimal('39.216502'), Decimal('51.730986'))"
Памятник хирургу Н.И. Пирогову,"Памятники, скульптуры, мемориалы",Москва,,"(Decimal('37.4114'), Decimal('55.844394'))"
Памятник хоккеисту Владимиру Блинову,"Памятники, скульптуры, мемориалы",Омская область,Омск,"(Decimal('73.371796'), Decimal('54.979485'))"
Памятник художнику Андрею ПОЗДЕЕВУ,"Памятники, скульптуры, мемориалы",Красноярский край,,"(Decimal('93.245728'), Decimal('52.841982'))"
Памятник художнику М.А. Врубелю,"Памятники, скульптуры, мемориалы",Омская область,Омск,Not found
Памятник царю Федору Ивановичу,"Памятники, скульптуры, мемориалы",Республика Марий Эл,Йошкар-Ола,Not found
памятник цветку,"Памятники, скульптуры, мемориалы",Ростовская область,Ростов-на-Дону,"(Decimal('39.720349'), Decimal('47.222078'))"
Памятник цесаревичу Николаю Романову,"Памятники, скульптуры, мемориалы",Забайкальский край,Чита,"(Decimal('117.858184'), Decimal('50.050363'))"
Памятник Частные объявления,"Памятники, скульптуры, мемориалы",Нижегородская область,Нижний Новгород,"(Decimal('43.765543'), Decimal('56.235496'))"
Памятник жертвам Чернобыля в Рыбинске,"Памятники, скульптуры, мемориалы",Ярославская область,Рыбинск,Not found
Памятник чистке обуви,"Памятники, скульптуры, мемориалы",Астраханская область,Астрахань,"(Decimal('48.033574'), Decimal('46.347869'))"
Памятник шахте «Центральная».,"Памятники, скульптуры, мемориалы",Приморский край,Партизанск,"(Decimal('133.104795'), Decimal('43.110929'))"
"Памятник горнякам, погибшим при взрыве на шахте №8 1931 г.","Памятники, скульптуры, мемориалы",Республика Хакасия,Черногорск,Not found
памятник шахтеру,"Памятники, скульптуры, мемориалы",Приморский край,Партизанск,"(Decimal('133.123246'), Decimal('43.119813'))"
Памятник шахтеру Партизанску,"Памятники, скульптуры, мемориалы",Приморский край,Партизанск,"(Decimal('133.123246'), Decimal('43.119813'))"
"Памятник швейной машине ""Зингер""","Памятники, скульптуры, мемориалы",Новосибирская область,Новосибирск,Not found
Памятник героям шестидесятилетия,"Памятники, скульптуры, мемориалы",Республика Тыва,Маадир,"(Decimal('90.977491'), Decimal('51.296053'))"
памятник шпроты,"Памятники, скульптуры, мемориалы",Калининградская область,,"(Decimal('21.218944'), Decimal('54.56009'))"
Памятник экипажу буксира «Комсомолец».,"Памятники, скульптуры, мемориалы",Ненецкий автономный округ,Нарьян-Мар,Not found
Памятник экипажу подводной лодки Л-16.,"Памятники, скульптуры, мемориалы",Камчатский край,Петропавловск-Камчатский,"(Decimal('158.64371'), Decimal('53.019915'))"
Памятник экипажу шхуны «Крейсерок».,"Памятники, скульптуры, мемориалы",Приморский край,Владивосток,Not found
Памятник юному шахтёру,"Памятники, скульптуры, мемориалы",Республика Тыва,красный,"(Decimal('94.437757'), Decimal('51.719086'))"
Памятник памяти Т. Снежиной,"Памятники, скульптуры, мемориалы",Новосибирская область,Новосибирск,"(Decimal('83.01407'), Decimal('55.0206'))"
"Памятник, посвященный приему осетинского посольства Елизаветы","Памятники, скульптуры, мемориалы",Республика Северная Осетия - Алания,Владикавказ,"(Decimal('44.68196'), Decimal('43.02115'))"
Памятник Патриарху Никону-басу,"Памятники, скульптуры, мемориалы",Нижегородская область,Вельдеманово,"(Decimal('44.651606'), Decimal('55.654574'))"
Памятник-бюст А.С. Пушкину,"Памятники, скульптуры, мемориалы",Республика Северная Осетия - Алания,Владикавказ,"(Decimal('44.68196'), Decimal('43.02115'))"
Памятник-бюст Е.М. Кунгурцевой,"Памятники, скульптуры, мемориалы",Удмуртская республика,Ижевск,"(Decimal('53.245132'), Decimal('56.889916'))"
Памятник-бюст Петру I,"Памятники, скульптуры, мемориалы",Ленинградская область,,"(Decimal('31.608301'), Decimal('60.103903'))"
Памятник-бюст Ю. А. Гагарину,"Памятники, скульптуры, мемориалы",Удмуртская республика,Ижевск,"(Decimal('53.288072'), Decimal('56.850019'))"
"Памятник вертолету ""МИ-4""","Памятники, скульптуры, мемориалы",Ханты-Мансийский автономный округ,Нягань,"(Decimal('64.803216'), Decimal('60.128951'))"
Памятник-захоронение &quot;Погибшим в пути&quot;,военная слава,Ленинградская область,,Not found
Памятник свинье бездомным животным,"Памятники, скульптуры, мемориалы",Кировская область,Киров,"(Decimal('49.668014'), Decimal('58.603591'))"
Памятник-мемориал &quot;Воинам-разведчикам&quot;,военная слава,Калининградская область,,Not found
Памятник-мемориал «Чёрный тюльпан» на Площади Славы,военная слава,Хабаровский край,Хабаровск,"(Decimal('135.071917'), Decimal('48.480223'))"
Мемориальный памятник героям Гражданской войны,"Памятники, скульптуры, мемориалы",Новосибирская область,,Not found
Памятник-обелиск «Воинам-кировчанам».,"Памятники, скульптуры, мемориалы",Кировская область,Киров,"(Decimal('49.668014'), Decimal('58.603591'))"
Памятник-обелиск Минину и Пожарскому,"Памятники, скульптуры, мемориалы",Нижегородская область,Нижний Новгород,Not found
Памятник-обелиск в честь 200-летия Кубанского казачьего войска,"Памятники, скульптуры, мемориалы",Краснодарский край,Краснодар,"(Decimal('38.968459'), Decimal('45.01546'))"
Памятник паровозу,"Памятники, скульптуры, мемориалы",Ростовская область,Гуково,"(Decimal('39.940274'), Decimal('48.058442'))"
Памятник тепловозу 9П-239,"Памятники, скульптуры, мемориалы",Алтайский край,Барнаул,"(Decimal('83.776856'), Decimal('53.346785'))"
Памятник паровозу «Серго Орджоникидзе»,"Памятники, скульптуры, мемориалы",Красноярский край,Красноярск,"(Decimal('95.453203'), Decimal('58.455334'))"
"Памятник паровозу, работающему на «Дороге жизни»",военная слава,Ленинградская область,,Not found
"Памятник-ротонда «Волгодончане, погибшие за Родину»",военная слава,Ростовская область,Волгодонск,Not found
Памятник МиГ-21,"Памятники, скульптуры, мемориалы",Волгоградская область,Волгоград,"(Decimal('44.516948'), Decimal('48.707067'))"
Памятник-символ в честь участников Таманского похода,"Памятники, скульптуры, мемориалы",Краснодарский край,Славянск-на-Кубани,"(Decimal('38.12822'), Decimal('45.260325'))"
Мемориальная стела «Город воинской славы» во Ржеве.,"Памятники, скульптуры, мемориалы",Тверская область,Ржев,Not found
Памятник-фонтан Петру и Февронии,"Памятники, скульптуры, мемориалы",Республика Марий Эл,Йошкар-Ола,Not found
Мемориальный фонтан Архангелу Гавриилу,"Памятники, скульптуры, мемориалы",Республика Марий Эл,Йошкар-Ола,"(Decimal('47.886178'), Decimal('56.631595'))"
Мемориальная часовня,"Памятники, скульптуры, мемориалы",Камчатский край,Петропавловск-Камчатский,"(Decimal('158.643566'), Decimal('53.024075'))"
Памятники героям фронта и тыла,военная слава,Магаданская область,Магадан,Not found
Памятник Остапу Бендеру,"Памятники, скульптуры, мемориалы",Республика Калмыкия,Элиста,"(Decimal('44.269759'), Decimal('46.307743'))"
Памятник Петру I возле Михайловского замка,"Памятники, скульптуры, мемориалы",Санкт-Петербург,Санкт-Петербург,Not found
"Памятный знак ""Балтийские крылья"".",военная слава,Ленинградская область,,Not found
Памятный знак 850-летию Ельцы,"Памятники, скульптуры, мемориалы",Липецкая область,Елец,Not found
Памятный знак «400 лет Архангельску».,"Памятники, скульптуры, мемориалы",Архангельская область,Архангельск,Not found
Памятный знак «Белая шляпа».,"Памятники, скульптуры, мемориалы",Краснодарский край,Анапа,Not found
Памятный знак «МИ-8».,"Памятники, скульптуры, мемориалы",Ненецкий автономный округ,Нарьян-Мар,Not found
Памятный знак «Географическая параллель 45° северной широты».,"Памятники, скульптуры, мемориалы",Краснодарский край,Краснодар,Not found
Мемориальный знак «Героям необъявленной войны».,"Памятники, скульптуры, мемориалы",Краснодарский край,Геленджик,Not found
Памятный знак «За исполнение журналистского долга»,"Памятники, скульптуры, мемориалы",Ямало-Ненецкий автономный округ,Салехард,Not found
Памятный знак «Мы ​​из Ельца»,"Памятники, скульптуры, мемориалы",Липецкая область,Елец,Not found
Мемориальный знак «Нулевой километр».,"Памятники, скульптуры, мемориалы",Москва,,Not found
Памятный знак «Орел».,"Памятники, скульптуры, мемориалы",Ростовская область,Белышева,"(Decimal('41.710827'), Decimal('49.602453'))"
Мемориальный знак «Памяти шахтинских ликвидаторов Чернобыльской катастрофы»,"Памятники, скульптуры, мемориалы",Ростовская область,мой,"(Decimal('40.215797'), Decimal('47.709601'))"
Памятный знак «Первый Нижегородский».,"Памятники, скульптуры, мемориалы",Нижегородская область,Нижний Новгород,Not found
Мемориальный знак «Перекресток цивилизаций».,"Памятники, скульптуры, мемориалы",Волгоградская область,,Not found
Памятный знак «Стрелка Васильевского острова».,"Памятники, скульптуры, мемориалы",Санкт-Петербург,Санкт-Петербург,"(Decimal('30.276243'), Decimal('59.942137'))"
Памятный знак «Три свечи».,"Памятники, скульптуры, мемориалы",Краснодарский край,Анапа,"(Decimal('37.35274'), Decimal('44.896734'))"
Памятный знак «Хачкар».,"Памятники, скульптуры, мемориалы",Ростовская область,мой,"(Decimal('40.215797'), Decimal('47.709601'))"
Мемориальный знак «Шахтерская слава».,"Памятники, скульптуры, мемориалы",Приморский край,Партизанск,Not found
Памятный знак А.С. Пушкину.,"Памятники, скульптуры, мемориалы",Краснодарский край,Геленджик,Not found
Памятный знак Алдару Цыденжапову.,"Памятники, скульптуры, мемориалы",Забайкальский край,Агинское,Not found
Памятный знак Василию Шукшину,"Памятники, скульптуры, мемориалы",Вологодская область,Ши,Not found
Памятный знак Василию Шуле,"Памятники, скульптуры, мемориалы",Архангельская область,Котлас,Not found
Памятный знак Героям-десантникам,"Памятники, скульптуры, мемориалы",Псковская область,Псков,"(Decimal('28.332451'), Decimal('57.819274'))"
Памятный знак Е.П. Славскому.,"Памятники, скульптуры, мемориалы",Алтайский край,Белокуриха,Not found
Памятный знак Игначский крест,"Памятники, скульптуры, мемориалы",Новгородская область,,Not found
Памятный знак М.М. Пришвину.,"Памятники, скульптуры, мемориалы",Новгородская область,Песок (Выбицкое с/н),"(Decimal('30.516794'), Decimal('58.17215'))"
Памятный знак Симбирциту,"Памятники, скульптуры, мемориалы",Ульяновская область,,Not found
Памятный знак Хакасская автономная область,"Памятники, скульптуры, мемориалы",Республика Хакасия,Абакан,"(Decimal('91.442387'), Decimal('53.721152'))"
Памятный знак адмиралу Василию Яковлевичу Чичагову.,"Памятники, скульптуры, мемориалы",Костромская область,Самый старый,"(Decimal('40.53734'), Decimal('57.427095'))"
Памятный знак атаману Алексею Бескровному,"Памятники, скульптуры, мемориалы",Краснодарский край,Анапа,Not found
Памятный знак в честь 400-летия Царицына-Сталинграда-Волгограда,"Памятники, скульптуры, мемориалы",Волгоградская область,Волгоград,Not found
Мемориальный знак в честь Ричарда Канцлера,"Памятники, скульптуры, мемориалы",Архангельская область,Северодвинск,"(Decimal('39.818175'), Decimal('64.562501'))"
Мемориальный знак в честь инженера Н. Тихомирова,"Памятники, скульптуры, мемориалы",Новосибирская область,Новосибирск,"(Decimal('82.971625'), Decimal('55.16667'))"
Памятный знак воинам Западного и Калининского фронтов.,"Памятники, скульптуры, мемориалы",Смоленская область,Смоленск,"(Decimal('32.045251'), Decimal('54.782635'))"
Памятный знак героям Первой мировой войны.,"Памятники, скульптуры, мемориалы",Ростовская область,мой,"(Decimal('40.215797'), Decimal('47.709601'))"
"Мемориальный знак забайкальцам, погибшим в войне в Афганистане","Памятники, скульптуры, мемориалы",Забайкальский край,Чита,"(Decimal('113.501049'), Decimal('52.033635'))"
Памятный знак ледоколу «Ермак».,"Памятники, скульптуры, мемориалы",Мурманская область,Мурманск,Not found
Памятный знак летчикам авиаполка &quot;Нормандия-Неман&quot;,военная слава,Калининградская область,,Not found
Памятный знак морякам Балтики,военная слава,Калининградская область,,Not found
Мемориальный знак на месте крушения 9 мая 1993 года.,"Памятники, скульптуры, мемориалы",Свердловская область,Нижний Тагил,Not found
Мемориальный знак на месте переднего края обороны Тулы,военная слава,Тульская область,,"(Decimal('37.575693'), Decimal('53.888064'))"
Памятный знак основателю курорта Владимиру Будзинскому,"Памятники, скульптуры, мемориалы",Краснодарский край,Анапа,"(Decimal('37.31617'), Decimal('44.894965'))"
Памятный знак первому новосибирскому трамваю,"Памятники, скульптуры, мемориалы",Новосибирская область,Новосибирск,Not found
Мемориальный знак участникам конвоев союзников,"Памятники, скульптуры, мемориалы",Мурманская область,Мурманск,Not found
Мемориальный камень,"Памятники, скульптуры, мемориалы",Магаданская область,Магадан,"(Decimal('152.220279'), Decimal('59.261135'))"
Мемориальный камень Сергею Есенину и Зинаиде Райх,"Памятники, скульптуры, мемориалы",Вологодская область,Кирик-Зеленошенк,"(Decimal('39.85656'), Decimal('59.170098'))"
"Мемориальный камень в честь находки женского скелета мамонта ""Матильда""","Памятники, скульптуры, мемориалы",Новосибирская область,Вахрушево,"(Decimal('82.155963'), Decimal('55.247113'))"
Мемориальный камень жертвам депортации,"Памятники, скульптуры, мемориалы",Республика Ингушетия,Таргим,Not found
Мемориальный камень ко дню 70-летия Победы на станции Славгород.,"Памятники, скульптуры, мемориалы",Алтайский край,Славгород,Not found
Мемориальный каменный фундамент города Костромы,"Памятники, скульптуры, мемориалы",Костромская область,Кострома,"(Decimal('41.196838'), Decimal('57.876975'))"
Мемориальный камень силы,"Памятники, скульптуры, мемориалы",Приморский край,Владивосток,"(Decimal('131.872917'), Decimal('43.104814'))"
Мемориальный крест,"Памятники, скульптуры, мемориалы",Псковская область,Псков,"(Decimal('28.332451'), Decimal('57.819274'))"
Мемориальный памятник генералу Маргелову,военная слава,Нижегородская область,Нижний Новгород,Not found
"Панно «Процветай, моя Калмыкия!»","Памятники, скульптуры, мемориалы",Республика Калмыкия,Элиста,Not found
Парадные ворота Волгограда,"Памятники, скульптуры, мемориалы",Волгоградская область,Волгоград,"(Decimal('44.588822'), Decimal('48.455318'))"
Парк Победы,"Сады, скверы, парки",Ямало-Ненецкий автономный округ,Салехард,"(Decimal('66.606368'), Decimal('66.545298'))"
Парк скульптур,"Памятники, скульптуры, мемориалы",Иркутская область,Иркутск,"(Decimal('104.281047'), Decimal('52.287054'))"
"Парковая скульптура ""Динамическое равновесие""","Памятники, скульптуры, мемориалы",Омская область,Омск,"(Decimal('73.362184'), Decimal('54.919606'))"
Паровоз &quot;Феликс Дзержинский&quot;,"Памятники, скульптуры, мемориалы",Курганская область,Курган,Not found
Локомотив Е-269,"Памятники, скульптуры, мемориалы",Приморский край,Уссурийск,"(Decimal('131.95178'), Decimal('43.797273'))"
Паровоз ЭР-743-64,памятники железные дороги,Волгоградская область,Волгоград,"(Decimal('44.516948'), Decimal('48.707067'))"
Паровоз героя социалистического труда П.Д. Шолкина.,"Памятники, скульптуры, мемориалы",Новосибирская область,Новосибирск,"(Decimal('83.120817'), Decimal('54.95766'))"
Памятник паровозу Л-3620 в городе Славгороде,"Памятники, скульптуры, мемориалы",Алтайский край,Славгород,"(Decimal('78.64594'), Decimal('52.999375'))"
Памятник паровозу Эр 798-62 на станции Кулунда,"Памятники, скульптуры, мемориалы",Алтайский край,твой слуга,"(Decimal('78.928343'), Decimal('52.569297'))"
камень для переговоров,"Памятники, скульптуры, мемориалы",Архангельская область,,"(Decimal('36.693709'), Decimal('63.959213'))"
Петербургский ангел,"Памятники, скульптуры, мемориалы",Санкт-Петербург,Санкт-Петербург,"(Decimal('29.61679'), Decimal('60.509562'))"
Петровские ворота,"Памятники, скульптуры, мемориалы",Санкт-Петербург,Санкт-Петербург,"(Decimal('30.319398'), Decimal('59.891661'))"
Подкова счастья,"Памятники, скульптуры, мемориалы",Волгоградская область,Волгоград,"(Decimal('44.516948'), Decimal('48.707067'))"
Пожарный катер «демпфер»,"Памятники, скульптуры, мемориалы",Волгоградская область,Волгоград,"(Decimal('44.511244'), Decimal('48.697238'))"
Поклонная гора,"Памятники, скульптуры, мемориалы",Волгоградская область,Суровикино,"(Decimal('42.844195'), Decimal('48.605493'))"
Культовый камень Городец,"Памятники, скульптуры, мемориалы",Нижегородская область,Городец,Not found
Поклонный крест Кирилла и Мефодия,Культура,Нижегородская область,Нижний Новгород,Not found
Поклонный крест на Бессоновой горе.,"Памятники, скульптуры, мемориалы",Свердловская область,Сысерть,Not found
Покровская гора,"Памятники, скульптуры, мемориалы",Брянская область,,"(Decimal('34.373864'), Decimal('53.246477'))"
Поляна звезд Города-Герои,военная слава,Ростовская область,Волгодонск,"(Decimal('42.20632'), Decimal('47.519618'))"
Поющий памятник Владимиру Высоцкому,"Памятники, скульптуры, мемориалы",Приморский край,Владивосток,Not found
Пристань со сфинксами на набережной Свердловска.,"Памятники, скульптуры, мемориалы",Санкт-Петербург,Санкт-Петербург,"(Decimal('30.426442'), Decimal('59.902984'))"
Земля для щенков,"Памятники, скульптуры, мемориалы",Пермь,Кунгур,"(Decimal('56.944206'), Decimal('57.42881'))"
Гун-Бийская крепость,военная слава,Алтайский край,Бийск,"(Decimal('85.21382'), Decimal('52.539297'))"
Ракета-носитель «Восток» в Калуге.,"Памятники, скульптуры, мемориалы",Калужская область,Калуга,"(Decimal('36.167539'), Decimal('54.53284'))"
Ракетная установка «Катюша».,военная слава,Тульская область,Тула,"(Decimal('37.603388'), Decimal('54.256108'))"
ритуальный менгир,"Памятники, скульптуры, мемориалы",Республика Хакасия,Абакан,"(Decimal('91.442387'), Decimal('53.721152'))"
Родник «Девичья коса» и памятник легендарному абрекову Зелимхану Харачоевскому,Природа,Чеченская Республика,Харакой,"(Decimal('46.137716'), Decimal('42.905918'))"
Ростральные колонны,"Памятники, скульптуры, мемориалы",Санкт-Петербург,Санкт-Петербург,"(Decimal('30.315868'), Decimal('59.939095'))"
ротонда,"Памятники, скульптуры, мемориалы",Воронежская область,Воронеж,"(Decimal('39.200269'), Decimal('51.660781'))"
"Ручная усадьба-парк калмыцких князей Тундутовых, исторический памятник «Тундутовская дача»","Памятники, скульптуры, мемориалы",Волгоградская область,солянка,Not found
"Садовая скульптура ""Муза""","Памятники, скульптуры, мемориалы",Свердловская область,Нижний Тагил,"(Decimal('59.972211'), Decimal('57.907605'))"
Самолет «МиГ-15»,"Памятники, скульптуры, мемориалы",Нижегородская область,Нижний Новгород,"(Decimal('44.006516'), Decimal('56.326797'))"
Самолет АН-8,"Памятники, скульптуры, мемориалы",Кировская область,Киров,"(Decimal('49.668014'), Decimal('58.603591'))"
Дерево светофора,"Памятники, скульптуры, мемориалы",Пензенская область,Пенза,"(Decimal('45.018316'), Decimal('53.195042'))"
символ путешествия,"Памятники, скульптуры, мемориалы",Псковская область,Псков,"(Decimal('28.332451'), Decimal('57.819274'))"
Скала Бижиктиг Хая и каменная статуя воина,Природа,Республика Тыва,Биджиктиг Каст,"(Decimal('90.63659'), Decimal('51.10269'))"
любители скамейки,"Памятники, скульптуры, мемориалы",Вологодская область,Вологда,"(Decimal('39.891523'), Decimal('59.220496'))"
скамейка Герцена,"Памятники, скульптуры, мемориалы",Кировская область,Киров,"(Decimal('49.66398'), Decimal('58.60006'))"
скамейка примирения,"Памятники, скульптуры, мемориалы",Удмуртская республика,Ижевск,"(Decimal('53.206891'), Decimal('56.852676'))"
Скамейка любви и верности,"Памятники, скульптуры, мемориалы",Республика Марий Эл,Йошкар-Ола,Not found
Скамейка примирения,"Памятники, скульптуры, мемориалы",Вологодская область,Вологда,"(Decimal('39.891523'), Decimal('59.220496'))"
Площадь «Шахтерской славы»,военная слава,Белгородская область,Губкин,"(Decimal('37.533239'), Decimal('51.284906'))"
Квадратные завоеватели Атом,"Сады, скверы, парки",Новосибирская область,Новосибирск,"(Decimal('82.955167'), Decimal('55.073242'))"
Площадь локомотивного депо вокзала Горький,"Памятники, скульптуры, мемориалы",Волгоградская область,Волгоград,"(Decimal('44.328598'), Decimal('48.686599'))"
Квадратная советская скульптура филармонии,"Памятники, скульптуры, мемориалы",Смоленская область,Смоленск,"(Decimal('32.045251'), Decimal('54.782635'))"
Усыпальницы Нарта Сослана,"Памятники, скульптуры, мемориалы",Республика Северная Осетия - Алания,Мацута,Not found
Скульптура &quot;Дачница&quot;,"Памятники, скульптуры, мемориалы",Ивановская область,Танец,Not found
Скульптура &quot;Коза&quot; в парке &quot;Берёзовая роща&quot;,"Памятники, скульптуры, мемориалы",Удмуртская республика,Ижевск,Not found
Скульптура &quot;Модель автомобиля Itala&quot;,"Памятники, скульптуры, мемориалы",Кировская область,Киров,Not found
Скульптура &quot;Олень&quot;,"Памятники, скульптуры, мемориалы",Смоленская область,Смоленск,Not found
Скульптура &quot;Памятник оружейникам Удмуртии&quot;,"Памятники, скульптуры, мемориалы",Удмуртская республика,Ижевск,Not found
Скульптура &quot;Проложившим дорогу в космос&quot; (собаке-космонавту Звёздочке),"Памятники, скульптуры, мемориалы",Удмуртская республика,Ижевск,Not found
Скульптура &quot;Родители&quot;,"Памятники, скульптуры, мемориалы",Курганская область,Курган,Not found
Скульптура &quot;Самая северная точка озера Байкал&quot;,"Памятники, скульптуры, мемориалы",Республика Бурятия,,Not found
Скульптура &quot;Тарбаганнар&quot;,"Памятники, скульптуры, мемориалы",Республика Тыва,Мугур-Аксы,Not found
Скульптура «Адам и Ева».,"Памятники, скульптуры, мемориалы",Кемеровская область,Прокопьевск,Not found
"Скульптура ""Аист""","Памятники, скульптуры, мемориалы",Забайкальский край,Чита,"(Decimal('113.501049'), Decimal('52.033635'))"
Скульптура «Ангел в мундире надежды».,"Памятники, скульптуры, мемориалы",Свердловская область,Бажуково,Not found
Скульптура «Ангел-хранитель».,"Памятники, скульптуры, мемориалы",Ставропольский край,Ставрополь,"(Decimal('41.969101'), Decimal('45.04333'))"
"Скульптура ""Буду корабельной""","Памятники, скульптуры, мемориалы",Ханты-Мансийский автономный округ,Ханты-Мансийск,"(Decimal('69.018902'), Decimal('61.00318'))"
Скульптура «Ассоль».,"Памятники, скульптуры, мемориалы",Кировская область,Киров,"(Decimal('49.668014'), Decimal('58.603591'))"
Скульптура «Бегущий по волнам».,"Памятники, скульптуры, мемориалы",Кировская область,Киров,Not found
Скульптура «Белая невеста».,"Памятники, скульптуры, мемориалы",Краснодарский край,Геленджик,"(Decimal('38.076809'), Decimal('44.561141'))"
Скульптура «Белый старец».,"Памятники, скульптуры, мемориалы",Республика Калмыкия,Элиста,"(Decimal('44.269759'), Decimal('46.307743'))"
"Скульптура ""Беркутчи""","Памятники, скульптуры, мемориалы",Республика Калмыкия,Элиста,"(Decimal('44.269759'), Decimal('46.307743'))"
"Скульптура ""Борта""","Памятники, скульптуры, мемориалы",Республика Калмыкия,Элиста,"(Decimal('44.269759'), Decimal('46.307743'))"
"Скульптура ""Борцы""","Памятники, скульптуры, мемориалы",Республика Калмыкия,Элиста,"(Decimal('44.269759'), Decimal('46.307743'))"
Скульптура «Верблюжий тюльпан».,"Памятники, скульптуры, мемориалы",Республика Калмыкия,Элиста,"(Decimal('44.269759'), Decimal('46.307743'))"
Скульптура «Вечный дозор».,"Памятники, скульптуры, мемориалы",Республика Тыва,красный,"(Decimal('94.437757'), Decimal('51.719086'))"
"Скульптура ""Вова в тридевятом царстве""","Памятники, скульптуры, мемориалы",Новосибирская область,Новосибирск,Not found
"Скульптура ""Воспоминания""","Памятники, скульптуры, мемориалы",Белгородская область,Белгород,"(Decimal('36.587223'), Decimal('50.59566'))"
"Скульптура ""Воспоминания""","Памятники, скульптуры, мемориалы",Белгородская область,Белгород,"(Decimal('36.587223'), Decimal('50.59566'))"
Скульптура «Гаруда-хранитель».,"Памятники, скульптуры, мемориалы",Республика Калмыкия,Элиста,"(Decimal('44.269759'), Decimal('46.307743'))"
Скульптура «Краснодарский гость».,"Памятники, скульптуры, мемориалы",Краснодарский край,Краснодар,"(Decimal('38.942084'), Decimal('45.269194'))"
Скульптура «Дама с собачкой».,"Памятники, скульптуры, мемориалы",Астраханская область,Астрахань,Not found
Скульптура «Два мира».,"Памятники, скульптуры, мемориалы",Республика Калмыкия,Элиста,"(Decimal('44.293843'), Decimal('46.308882'))"
Скульптура «Девочка на шаре».,"Памятники, скульптуры, мемориалы",Краснодарский край,Новороссийск,Not found
Скульптура «Девочка в карете».,"Памятники, скульптуры, мемориалы",Краснодарский край,Новороссийск,Not found
Скульптура «Девушка на дельфине».,"Памятники, скульптуры, мемориалы",Краснодарский край,Новороссийск,Not found
"Скульптура ""Дельфины""","Памятники, скульптуры, мемориалы",Краснодарский край,Новороссийск,"(Decimal('37.768974'), Decimal('44.723912'))"
"Скульптура ""Динозавр""","Памятники, скульптуры, мемориалы",Ростовская область,Белая Калитва,"(Decimal('40.802388'), Decimal('48.177644'))"
Скульптура «Добрый ангел мира».,"Памятники, скульптуры, мемориалы",Краснодарский край,Краснодар,"(Decimal('38.973256'), Decimal('45.020156'))"
"Скульптура ""Доктор Айболит""","Памятники, скульптуры, мемориалы",Новосибирская область,Новосибирск,"(Decimal('82.92043'), Decimal('55.030199'))"
"Скульптура ""Дракон Лу""","Памятники, скульптуры, мемориалы",Республика Калмыкия,Элиста,"(Decimal('44.269759'), Decimal('46.307743'))"
"Скульптура ""Евразия""","Памятники, скульптуры, мемориалы",Республика Калмыкия,Элиста,"(Decimal('44.269759'), Decimal('46.307743'))"
"Скульптура ""Кот Ешкин""","Памятники, скульптуры, мемориалы",Забайкальский край,Чита,"(Decimal('113.501049'), Decimal('52.033635'))"
"Скульптура ""Меркурий Жезл бога торговли и рога изобилия""","Памятники, скульптуры, мемориалы",Республика Бурятия,,"(Decimal('112.348699'), Decimal('54.544222'))"
Скульптура «Знание – сила».,"Памятники, скульптуры, мемориалы",Волгоградская область,Волгоград,"(Decimal('44.516948'), Decimal('48.707067'))"
"Скульптура ""Золотая Корона ""Ёрял""""","Памятники, скульптуры, мемориалы",Республика Калмыкия,Элиста,"(Decimal('44.228598'), Decimal('46.334088'))"
"Скульптура ""Кида""","Памятники, скульптуры, мемориалы",Республика Калмыкия,Элиста,"(Decimal('44.269759'), Decimal('46.307743'))"
Скульптура «Комар Петролеум».,"Памятники, скульптуры, мемориалы",Республика Коми,Усинск,"(Decimal('57.55701'), Decimal('65.994144'))"
"Скульптура ""Ученый кот""","Памятники, скульптуры, мемориалы",Удмуртская республика,Ижевск,"(Decimal('53.206891'), Decimal('56.852676'))"
"Скульптура ""Кошелек""","Памятники, скульптуры, мемориалы",Краснодарский край,Краснодар,"(Decimal('38.975313'), Decimal('45.03547'))"
"Скульптура ""Купец""","Памятники, скульптуры, мемориалы",Кемеровская область,Мариинский,"(Decimal('87.742263'), Decimal('56.206952'))"
Скульптура «Легенда о пермском медведе».,"Памятники, скульптуры, мемориалы",Пермь,Пермский,"(Decimal('56.216256'), Decimal('57.989174'))"
"Скульптура ""Лось""","Памятники, скульптуры, мемориалы",Ленинградская область,Выборг,"(Decimal('28.749404'), Decimal('60.710232'))"
"Скульптура ""Лось""","Памятники, скульптуры, мемориалы",Мурманская область,Мончегорск,"(Decimal('32.937062'), Decimal('67.938917'))"
Скульптура «Коварный горнячок».,"Памятники, скульптуры, мемориалы",Мурманская область,Кировск,"(Decimal('33.668228'), Decimal('67.612056'))"
Скульптура «Лунный календарь».,"Памятники, скульптуры, мемориалы",Республика Калмыкия,Элиста,"(Decimal('44.269759'), Decimal('46.307743'))"
Скульптура «Маленький принц».,"Памятники, скульптуры, мемориалы",Республика Хакасия,Абакан,"(Decimal('91.442387'), Decimal('53.721152'))"
"Скульптура ""Пастух""","Памятники, скульптуры, мемориалы",Республика Тыва,красный,"(Decimal('94.459343'), Decimal('51.706681'))"
Скульптура «Мальчик и дракон».,"Памятники, скульптуры, мемориалы",Республика Калмыкия,,Not found
"Скульптура ""Мальчик, читающий книгу""","Памятники, скульптуры, мемориалы",Новосибирская область,Новосибирск,Not found
"Скульптура ""Марафон""","Памятники, скульптуры, мемориалы",Омская область,Омск,"(Decimal('73.368212'), Decimal('54.989342'))"
Скульптура «Мать и дитя».,"Памятники, скульптуры, мемориалы",Псковская область,Псков,Not found
Скульптура «Мацеста».,"Памятники, скульптуры, мемориалы",Краснодарский край,Сочи,"(Decimal('39.814268'), Decimal('43.612037'))"
Скульптура «Медведь на скамейке».,"Памятники, скульптуры, мемориалы",Новгородская область,Новгород,"(Decimal('30.512833'), Decimal('58.301809'))"
"Скульптура ""Мир и изобилие""","Памятники, скульптуры, мемориалы",Санкт-Петербург,Санкт-Петербург,"(Decimal('30.452304'), Decimal('59.892116'))"
Скульптура «Морские коньки».,"Памятники, скульптуры, мемориалы",Краснодарский край,Новороссийск,"(Decimal('37.768974'), Decimal('44.723912'))"
Скульптура «Навстречу ветру».,"Памятники, скульптуры, мемориалы",Республика Тыва,красный,"(Decimal('94.437757'), Decimal('51.719086'))"
Скульптура «Рожденный готовый»,"Памятники, скульптуры, мемориалы",Воронежская область,Воронеж,"(Decimal('39.200269'), Decimal('51.660781'))"
"Скульптура ""олень""","Памятники, скульптуры, мемориалы",Алтайский край,Белокуриха,"(Decimal('84.984004'), Decimal('51.99606'))"
Скульптура «Пес Соломон».,"Памятники, скульптуры, мемориалы",Мурманская область,Полярные рассветы,"(Decimal('32.500966'), Decimal('67.365788'))"
Скульптура «Пипа и Балалайка».,"Памятники, скульптуры, мемориалы",Хабаровский край,Хабаровск,Not found
Скульптура «Подкова счастья».,"Памятники, скульптуры, мемориалы",Кировская область,Киров,"(Decimal('49.668014'), Decimal('58.603591'))"
Скульптура «Покорение Сибири».,"Памятники, скульптуры, мемориалы",Новосибирская область,Новосибирск,"(Decimal('82.899292'), Decimal('55.11962'))"
Скульптура «Рабочий и колхозница».,"Памятники, скульптуры, мемориалы",Москва,,"(Decimal('37.684138'), Decimal('55.744419'))"
Скульптура «Регулировщик дорожного движения».,"Памятники, скульптуры, мемориалы",Белгородская область,Белгород,"(Decimal('36.587223'), Decimal('50.59566'))"
Скульптура «Рождённый в год Быка»,"Памятники, скульптуры, мемориалы",Республика Калмыкия,Элиста,Not found
Скульптура «Свидание».,"Памятники, скульптуры, мемориалы",Иркутская область,Иркутск,"(Decimal('104.281047'), Decimal('52.287054'))"
"Скульптура ""Слава Науки""","Памятники, скульптуры, мемориалы",Удмуртская республика,Ижевск,"(Decimal('53.206891'), Decimal('56.852676'))"
"Скульптура ""Слон""","Памятники, скульптуры, мемориалы",Ростовская область,Белая Калитва,"(Decimal('40.802388'), Decimal('48.177644'))"
Скульптура «Снегурочка».,"Памятники, скульптуры, мемориалы",Амурская область,Благовещенск,"(Decimal('127.527173'), Decimal('50.29064'))"
Скульптура «Солнечные часы».,"Памятники, скульптуры, мемориалы",Республика Калмыкия,Элиста,"(Decimal('44.269759'), Decimal('46.307743'))"
"Скульптура ""Ника Степпе""","Памятники, скульптуры, мемориалы",Республика Калмыкия,Элиста,"(Decimal('44.245962'), Decimal('46.318655'))"
Скульптура «Странник».,"Памятники, скульптуры, мемориалы",Республика Калмыкия,Элиста,"(Decimal('44.269759'), Decimal('46.307743'))"
"Скульптура ""Танец""","Памятники, скульптуры, мемориалы",Республика Калмыкия,Элиста,"(Decimal('44.269759'), Decimal('46.307743'))"
"Скульптура ""Источник""","Памятники, скульптуры, мемориалы",Республика Калмыкия,Элиста,"(Decimal('44.269759'), Decimal('46.307743'))"
"Скульптура ""Укротительница""","Памятники, скульптуры, мемориалы",Республика Тыва,красный,"(Decimal('94.437757'), Decimal('51.719086'))"
"Скульптура ""Фотограф""","Памятники, скульптуры, мемориалы",Республика Хакасия,Абакан,"(Decimal('91.442387'), Decimal('53.721152'))"
"Скульптура ""Хаджи""","Памятники, скульптуры, мемориалы",Республика Хакасия,Абакан,"(Decimal('91.442387'), Decimal('53.721152'))"
Скульптура «Хозяин горы».,"Памятники, скульптуры, мемориалы",Алтайский край,Белокуриха,"(Decimal('84.984004'), Decimal('51.99606'))"
Скульптура «Хозяйка Медной горы».,"Памятники, скульптуры, мемориалы",Свердловская область,Екатеринбург,"(Decimal('60.125769'), Decimal('57.036245'))"
"Скульптура ""Кэм""","Памятники, скульптуры, мемориалы",Республика Калмыкия,Элиста,"(Decimal('44.269759'), Decimal('46.307743'))"
Скульптура «Черная лисица».,"Памятники, скульптуры, мемориалы",Ханты-Мансийский автономный округ,Сургут,"(Decimal('73.426791'), Decimal('61.284862'))"
"Скульптура ""Четыре дружных""","Памятники, скульптуры, мемориалы",Забайкальский край,Агинское,"(Decimal('114.537849'), Decimal('51.103662'))"
"Скульптура ""Щукарев""","Памятники, скульптуры, мемориалы",Ростовская область,Белая Калитва,"(Decimal('40.802388'), Decimal('48.177644'))"
Скульптура «Я расскажу вам о Магадане» - памятник Владимиру Высоцкому.,"Памятники, скульптуры, мемориалы",Магаданская область,,"(Decimal('154.036835'), Decimal('62.575815'))"
скульптура Бурлак,"Памятники, скульптуры, мемориалы",Ярославская область,Рыбинск,"(Decimal('38.858406'), Decimal('58.048454'))"
Скульптура В.М. Шукшиной,"Памятники, скульптуры, мемориалы",Алтайский край,сращивания,"(Decimal('85.701811'), Decimal('52.419355'))"
Скульптура Девы Марии с Младенцем.,"Памятники, скульптуры, мемориалы",Республика Марий Эл,Йошкар-Ола,"(Decimal('47.903597'), Decimal('56.633442'))"
Скульптура Ивана Семенова,"Памятники, скульптуры, мемориалы",Пермь,Пермский,"(Decimal('56.229434'), Decimal('58.01045'))"
Скульптура Лоренцо Медичи.,"Памятники, скульптуры, мемориалы",Республика Марий Эл,Йошкар-Ола,"(Decimal('47.905016'), Decimal('56.633912'))"
Скульптура Массимо Джиотти,"Памятники, скульптуры, мемориалы",Псковская область,Псков,"(Decimal('28.332451'), Decimal('57.819274'))"
Скульптура Мать Бурятия,"Памятники, скульптуры, мемориалы",Республика Бурятия,Улан-Удэ,"(Decimal('107.584574'), Decimal('51.834464'))"
Скульптура оленя с оленьим,"Памятники, скульптуры, мемориалы",Республика Тыва,красный,Not found
Скульптура Пресвятой Богородицы,"Памятники, скульптуры, мемориалы",Республика Саха (Якутия),Мирный,"(Decimal('113.978692'), Decimal('62.541028'))"
Семейная Скульптура,"Памятники, скульптуры, мемориалы",Республика Тыва,красный,"(Decimal('94.437757'), Decimal('51.719086'))"
Скульптура Мать Саи,"Памятники, скульптуры, мемориалы",Республика Тыва,красный,"(Decimal('94.379339'), Decimal('51.715085'))"
Скульптура великой хоринской княжны Бальжин-Хатун.,"Памятники, скульптуры, мемориалы",Забайкальский край,Агинское,Not found
Скульптура кошки,"Памятники, скульптуры, мемориалы",Волгоградская область,Волгоград,"(Decimal('44.516948'), Decimal('48.707067'))"
скульптура оленя,"Памятники, скульптуры, мемориалы",Нижегородская область,Нижний Новгород,"(Decimal('44.006516'), Decimal('56.326797'))"
Скульптура трех драматургов,"Памятники, скульптуры, мемориалы",Иркутская область,Черемхово,"(Decimal('103.090096'), Decimal('53.136911'))"
"Скульптура, посвященная М.П. Смирновой.","Памятники, скульптуры, мемориалы",Пензенская область,городище,Not found
Скульптура-фонтан «дающий воду»,"Памятники, скульптуры, мемориалы",Краснодарский край,Новороссийск,"(Decimal('37.768974'), Decimal('44.723912'))"
Скульптурная группа &quot;Октябрь&quot;,"Памятники, скульптуры, мемориалы",Санкт-Петербург,Санкт-Петербург,Not found
Скульптурная группа «Невозмутимый кот».,"Памятники, скульптуры, мемориалы",Амурская область,Благовещенск,Not found
Скульптурная группа «Основатели города Ханты-Мансийска».,"Памятники, скульптуры, мемориалы",Ханты-Мансийский автономный округ,Ханты-Мансийск,Not found
"Скульптурная группа ""Семья"".","Памятники, скульптуры, мемориалы",Республика Мордовия,Саранск,"(Decimal('45.183938'), Decimal('54.187433'))"
Скульптурная группа «Снимаем кино».,"Памятники, скульптуры, мемориалы",Алтайский край,Барнаул,Not found
"Скульптурная группа Митрополита Тобольского и Сибирского святителя Иоанна Чудотворца, Митрополита Тобольского и Сибирского святителя Филофея Лещинского.","Памятники, скульптуры, мемориалы",Ханты-Мансийский автономный округ,Ханты-Мансийск,"(Decimal('69.018902'), Decimal('61.00318'))"
Скульптурная группа святых братьев Кирилла и Мефодия.,"Памятники, скульптуры, мемориалы",Ханты-Мансийский автономный округ,Ханты-Мансийск,"(Decimal('69.018902'), Decimal('61.00318'))"
скульптура,"Памятники, скульптуры, мемориалы",Курганская область,,"(Decimal('64.809405'), Decimal('55.448347'))"
Скульптура «Григорий и Аксинья».,"Памятники, скульптуры, мемориалы",Ростовская область,Вешенская,Not found
Скульптура «Поход Корчагина продолжается».,военная слава,Ростовская область,Волгодонск,Not found
Скульптурная композиция &quot;Святые благоверные Петр и Феврония Муромские&quot;,"Памятники, скульптуры, мемориалы",Тульская область,Тула,Not found
Скульптурная композиция &quot;Святые благоверные Петр и Феврония Муромские&quot;,"Памятники, скульптуры, мемориалы",Удмуртская республика,Ижевск,Not found
Скульптура «А.П. Чехов»,"Памятники, скульптуры, мемориалы",Томская область,Томск,Not found
Скульптура «Аист. Рождение счастья»,"Памятники, скульптуры, мемориалы",Омская область,Омск,Not found
"Скульптура ""Ангел-хранитель""","Памятники, скульптуры, мемориалы",Новосибирская область,Новосибирск,"(Decimal('82.92043'), Decimal('55.030199'))"
Скульптура «Ваня и Андрей Соколовы».,"Памятники, скульптуры, мемориалы",Волгоградская область,Урюпинск,"(Decimal('42.015194'), Decimal('50.799754'))"
Скульптура «Бамовцы».,"Памятники, скульптуры, мемориалы",Республика Бурятия,Северобайкальск,"(Decimal('109.335597'), Decimal('55.635996'))"
"Скульптура ""Бык-солевоз""","Памятники, скульптуры, мемориалы",Саратовская область,Энгельс,"(Decimal('46.126783'), Decimal('51.485489'))"
Скульптура «Великие сибирские экспедиции».,"Памятники, скульптуры, мемориалы",Ханты-Мансийский автономный округ,Ханты-Мансийск,Not found
"Скульптура ""Вишневое детство""","Памятники, скульптуры, мемориалы",Кемеровская область,Осинники,Not found
"Скульптура ""Влюбленные собачки""","Памятники, скульптуры, мемориалы",Краснодарский край,Краснодар,Not found
Скульптура «Вместе ради будущего»,"Памятники, скульптуры, мемориалы",Ямало-Ненецкий автономный округ,Ноябрьск,Not found
Скульптурная композиция «Во славу медицинских работников»,"Памятники, скульптуры, мемориалы",Алтайский край,Белокуриха,Not found
"Скульптура ""Время"" (Мамонт)","Памятники, скульптуры, мемориалы",Магаданская область,Магадан,"(Decimal('150.808586'), Decimal('59.565151'))"
"Скульптура ""Встреча""","Памятники, скульптуры, мемориалы",Омская область,Омск,"(Decimal('73.368212'), Decimal('54.989342'))"
Скульптура «Грибная поляна».,"Памятники, скульптуры, мемориалы",Тульская область,Тула,"(Decimal('37.569099'), Decimal('54.096345'))"
Скульптура «Григорий и Аксинья в лодке».,"Памятники, скульптуры, мемориалы",Ростовская область,Ростов-на-Дону,"(Decimal('39.720349'), Decimal('47.222078'))"
Скульптура «Григорий и Аксинья».,"Памятники, скульптуры, мемориалы",Ростовская область,Белая Калитва,Not found
"Скульптура ""Двенадцать""","Памятники, скульптуры, мемориалы",Республика Марий Эл,Йошкар-Ола,Not found
Скульптура «Девочка с голубем».,"Памятники, скульптуры, мемориалы",Ханты-Мансийский автономный округ,Нягань,Not found
Скульптура «Девочка с котенком».,"Памятники, скульптуры, мемориалы",Новосибирская область,Новосибирск,Not found
Скульптура «Щукарь».,"Памятники, скульптуры, мемориалы",Ростовская область,Ростов-на-Дону,Not found
Скульптура «дедушка и внук».,"Памятники, скульптуры, мемориалы",Республика Северная Осетия - Алания,Владикавказ,Not found
"Скульптура ""Дерево желаний""","Памятники, скульптуры, мемориалы",Кировская область,Киров,Not found
Скульптурная композиция «Дети – жертвы пороков взрослых».,"Памятники, скульптуры, мемориалы",Москва,,"(Decimal('37.617635'), Decimal('55.755814'))"
Скульптурная композиция «Детям Севера посвящается…»,"Памятники, скульптуры, мемориалы",Ямало-Ненецкий автономный округ,Муравленко,Not found
"Скульптурная композиция ""Дайте дорогу утятам!""","Памятники, скульптуры, мемориалы",Москва,,"(Decimal('37.612883'), Decimal('55.713664'))"
Скульптурная композиция «Древо жизни».,"Памятники, скульптуры, мемориалы",Республика Марий Эл,Йошкар-Ола,Not found
"Скульптура ""Египетская пирамида""","Памятники, скульптуры, мемориалы",Ростовская область,Таганрог,Not found
Скульптура «Исторический центр города Тулы»,"Памятники, скульптуры, мемориалы",Тульская область,Тула,"(Decimal('37.617348'), Decimal('54.193122'))"
"Скульптура ""Ёшкин кот""","Памятники, скульптуры, мемориалы",Республика Марий Эл,Йошкар-Ола,Not found
"Скульптура ""Ёшкина кошка""","Памятники, скульптуры, мемориалы",Республика Марий Эл,Йошкар-Ола,Not found
Скульптурная композиция «Казачий Тихий Дон».,"Памятники, скульптуры, мемориалы",Ростовская область,Кружилинский,Not found
Скульптурная композиция «Река Кама».,"Памятники, скульптуры, мемориалы",Пермь,Пермский,"(Decimal('56.229434'), Decimal('58.01045'))"
Скульптура «Конь-горбун».,"Памятники, скульптуры, мемориалы",Астраханская область,Астрахань,"(Decimal('48.033574'), Decimal('46.347869'))"
Скульптура «Лебединое озеро».,"Памятники, скульптуры, мемориалы",Тульская область,Тула,"(Decimal('37.617348'), Decimal('54.193122'))"
Скульптурная композиция «Любовь».,"Памятники, скульптуры, мемориалы",Новосибирская область,Новосибирск,"(Decimal('82.92043'), Decimal('55.030199'))"
Скульптурная композиция «Любовь».,"Памятники, скульптуры, мемориалы",Ростовская область,Волгодонск,"(Decimal('42.20632'), Decimal('47.519618'))"
"Скульптура ""Мамонт""","Памятники, скульптуры, мемориалы",Ямало-Ненецкий автономный округ,Салехард,"(Decimal('66.614399'), Decimal('66.529844'))"
"Скульптурная композиция ""Мамонт"".","Памятники, скульптуры, мемориалы",Иркутская область,Мальта,"(Decimal('103.522356'), Decimal('52.83824'))"
Скульптура «Матери и жены защитников Отечества».,"Памятники, скульптуры, мемориалы",Новосибирская область,Новосибирск,"(Decimal('82.92043'), Decimal('55.030199'))"
"Скульптура ""Медведи""","Памятники, скульптуры, мемориалы",Ростовская область,Белая Калитва,"(Decimal('40.802388'), Decimal('48.177644'))"
"Скульптура ""Мирный атом""","Памятники, скульптуры, мемориалы",Ростовская область,Волгодонск,"(Decimal('42.281086'), Decimal('47.561407'))"
"Скульптура ""Музыкант с игилом""","Памятники, скульптуры, мемориалы",Республика Тыва,красный,Not found
"Скульптура ""Нахаленок с гусями"".","Памятники, скульптуры, мемориалы",Ростовская область,Ростов-на-Дону,Not found
"Скульптура ""Нахаленок"".","Памятники, скульптуры, мемориалы",Ростовская область,Ростов-на-Дону,"(Decimal('39.720349'), Decimal('47.222078'))"
"Скульптура ""Светит столько золота""","Памятники, скульптуры, мемориалы",Саратовская область,Саратов,"(Decimal('46.034158'), Decimal('51.533103'))"
Скульптура «Памятник улыбке».,"Памятники, скульптуры, мемориалы",Ханты-Мансийский автономный округ,Сургут,Not found
Скульптура «После дежурства».,"Памятники, скульптуры, мемориалы",Ханты-Мансийский автономный округ,Нягань,Not found
Скульптура «Садись на дорожку»,"Памятники, скульптуры, мемориалы",Кировская область,Киров,Not found
Скульптура «Пушкин и Онегину».,"Памятники, скульптуры, мемориалы",Республика Марий Эл,Йошкар-Ола,Not found
Скульптура «Рукодельница».,"Памятники, скульптуры, мемориалы",Волгоградская область,Урюпинск,"(Decimal('42.015194'), Decimal('50.799754'))"
"Скульптура ""Сантехник и дворник""","Памятники, скульптуры, мемориалы",Ханты-Мансийский автономный округ,Нягань,Not found
Скульптурная композиция «Семья».,"Памятники, скульптуры, мемориалы",Кировская область,Киров,"(Decimal('49.540776'), Decimal('58.432491'))"
Скульптурная композиция «Сибирский оборотень».,"Памятники, скульптуры, мемориалы",Новосибирская область,Новосибирск,"(Decimal('82.92043'), Decimal('55.030199'))"
"Скульптура ""Сова и черепаха""","Памятники, скульптуры, мемориалы",Республика Бурятия,,Not found
"Скульптура ""Студенты""","Памятники, скульптуры, мемориалы",Краснодарский край,Краснодар,"(Decimal('38.975313'), Decimal('45.03547'))"
"Скульптура ""Сцена покупки""","Памятники, скульптуры, мемориалы",Новосибирская область,Новосибирск,Not found
Скульптурная композиция «Счастливая семья».,"Памятники, скульптуры, мемориалы",Республика Марий Эл,Йошкар-Ола,"(Decimal('48.032038'), Decimal('56.622821'))"
"Скульптурная композиция ""Счастье строится""","Памятники, скульптуры, мемориалы",Новосибирская область,Новосибирск,Not found
Скульптура «Танцующие журавли».,"Памятники, скульптуры, мемориалы",Республика Калмыкия,Элиста,Not found
"Скульптура ""Трал""","Памятники, скульптуры, мемориалы",Ярославская область,Рыбинск,"(Decimal('38.858406'), Decimal('58.048454'))"
Скульптура «Три маленьких богатыря».,"Памятники, скульптуры, мемориалы",Республика Калмыкия,,Not found
"Скульптура ""Троица""","Памятники, скульптуры, мемориалы",Ярославская область,Ярославль,"(Decimal('40.706915'), Decimal('58.497782'))"
"Скульптура ""Тульский чай""","Памятники, скульптуры, мемориалы",Тульская область,Тула,Not found
Скульптурная композиция «Хлеб нашей памяти».,"Памятники, скульптуры, мемориалы",Ямало-Ненецкий автономный округ,Салехард,Not found
Скульптурная композиция «Хлеб нашей памяти».,"Памятники, скульптуры, мемориалы",Ямало-Ненецкий автономный округ,Новый Уренгой,Not found
Скульптурная композиция «Хлеб нашей памяти».,"Памятники, скульптуры, мемориалы",Ямало-Ненецкий автономный округ,Губкинский,Not found
Скульптурная композиция «Человек в футляре».,"Памятники, скульптуры, мемориалы",Ростовская область,Таганрог,Not found
Скульптура «Мужчина под зонтиком».,"Памятники, скульптуры, мемориалы",Ханты-Мансийский автономный округ,Нягань,Not found
"Скульптура ""Чет звезд""","Памятники, скульптуры, мемориалы",Республика Марий Эл,Йошкар-Ола,Not found
"Скульптура ""Электрик и воробьи""","Памятники, скульптуры, мемориалы",Удмуртская республика,Ижевск,Not found
"Скульптура ""Эхо""","Памятники, скульптуры, мемориалы",Республика Калмыкия,Элиста,"(Decimal('44.269759'), Decimal('46.307743'))"
Скульптурная композиция «Боевой зубр».,"Памятники, скульптуры, мемориалы",Калининградская область,,Not found
Скульптурная форма «Эйфелевой башни».,"Памятники, скульптуры, мемориалы",Свердловская область,Екатеринбург,Not found
Скульптуры «Аксинья» и «Щукарь».,"Памятники, скульптуры, мемориалы",Ростовская область,Волгодонск,"(Decimal('42.20632'), Decimal('47.519618'))"
Скульптурная композиция «Времена года».,"Памятники, скульптуры, мемориалы",Ханты-Мансийский автономный округ,Ханты-Мансийск,Not found
Скульптурный ансамбль «Джангарчи Еелян УГЛЭ»,"Памятники, скульптуры, мемориалы",Республика Калмыкия,Элиста,"(Decimal('44.231095'), Decimal('46.334001'))"
Скульптурный ансамбль «Читающий человек».,"Памятники, скульптуры, мемориалы",Ямало-Ненецкий автономный округ,Ноябрьск,Not found
"Скульптурный ансамбль Казаки «Вспомним, братья, о былом»","Памятники, скульптуры, мемориалы",Волгоградская область,Алексеевская,Not found
Скульптурный комплекс «Трианон».,"Памятники, скульптуры, мемориалы",Приморский край,Владивосток,"(Decimal('131.885485'), Decimal('43.115536'))"
"Скульптурный комплекс ""Хоры Хатано - Хоры Принцессы""","Памятники, скульптуры, мемориалы",Республика Бурятия,Хоринск,Not found
Скульптурный комплекс «Центр Азии».,"Памятники, скульптуры, мемориалы",Республика Тыва,красный,"(Decimal('94.444386'), Decimal('51.724749'))"
Скульптурный портрет Лицея А. С. Пушкина.,"Памятники, скульптуры, мемориалы",Воронежская область,Россошь,Not found
Смотровая площадка «Царь-рыба».,смотровые площадки,Красноярский край,,"(Decimal('93.119371'), Decimal('56.066258'))"
солдатские ботинки,военная слава,Пермь,Звезда,"(Decimal('56.316355'), Decimal('57.735006'))"
Спасская башня,архитектура,Смоленская область,Вязьма,"(Decimal('34.298037'), Decimal('55.205944'))"
Статуи «Промышленность» и «Морская торговля».,"Памятники, скульптуры, мемориалы",Ленинградская область,Выборг,"(Decimal('28.74308'), Decimal('60.705354'))"
"Статуя ""Аврора""","Памятники, скульптуры, мемориалы",Краснодарский край,Краснодар,"(Decimal('39.25715'), Decimal('45.055658'))"
Статуя Будды Медицины,"Памятники, скульптуры, мемориалы",Алтайский край,,Not found
Статуя Будды Шакьямуни,"Памятники, скульптуры, мемориалы",Республика Калмыкия,Элиста,"(Decimal('44.269759'), Decimal('46.307743'))"
Статуя Будды Шакьямуни в деревне Кетченери,"Памятники, скульптуры, мемориалы",Республика Калмыкия,Кетченери,"(Decimal('44.520155'), Decimal('47.307694'))"
Статуя Быка,"Памятники, скульптуры, мемориалы",Республика Саха (Якутия),Якутск,"(Decimal('129.732178'), Decimal('62.027216'))"
стела,"Памятники, скульптуры, мемориалы",Ямало-Ненецкий автономный округ,Аксарка,"(Decimal('67.804802'), Decimal('66.558044'))"
Стела &quot;Лора&quot;,"Памятники, скульптуры, мемориалы",Республика Хакасия,,Not found
Стела «100 лет Алтайской железной дороге».,"Памятники, скульптуры, мемориалы",Алтайский край,Барнаул,"(Decimal('83.776856'), Decimal('53.346785'))"
"Стела ""66 параллель""","Памятники, скульптуры, мемориалы",Ямало-Ненецкий автономный округ,Салехард,"(Decimal('66.614399'), Decimal('66.529844'))"
"Стела ""Архангельск 1584-1984""","Памятники, скульптуры, мемориалы",Архангельская область,Архангельск,"(Decimal('40.515753'), Decimal('64.539911'))"
Стела «Восток» скульптурно-мемориальный проект «Равновесие»,"Памятники, скульптуры, мемориалы",Волгоградская область,Волгоград,Not found
Стела «Вязьма – город воинской славы»,"Памятники, скульптуры, мемориалы",Смоленская область,Вязьма,"(Decimal('34.2867'), Decimal('55.207978'))"
Стела «Газпром добыча Уренгой»,"Памятники, скульптуры, мемориалы",Ямало-Ненецкий автономный округ,Новый Уренгой,"(Decimal('76.680974'), Decimal('66.083963'))"
Стела «Город Губкин».,"Памятники, скульптуры, мемориалы",Ямало-Ненецкий автономный округ,Губкинский,"(Decimal('76.500494'), Decimal('64.432625'))"
Стела «Город воинской славы» в Ельце,"Памятники, скульптуры, мемориалы",Липецкая область,Елец,Not found
Стела «Новый Уренгой – город газодобывающих и строителей»,"Памятники, скульптуры, мемориалы",Ямало-Ненецкий автономный округ,Новый Уренгой,"(Decimal('76.629995'), Decimal('66.088076'))"
"Стела ""Романтик 70""","Памятники, скульптуры, мемориалы",Ямало-Ненецкий автономный округ,Салехард,"(Decimal('66.614399'), Decimal('66.529844'))"
"Стела ""Россия Тува""","Памятники, скульптуры, мемориалы",Республика Тыва,красный,"(Decimal('94.437757'), Decimal('51.719086'))"
"Стела ""Колодец №6""","Памятники, скульптуры, мемориалы",Ханты-Мансийский автономный округ,Нягань,"(Decimal('64.803216'), Decimal('60.128951'))"
"Стела ""Таз""","Памятники, скульптуры, мемориалы",Ямало-Ненецкий автономный округ,Таз,"(Decimal('78.701905'), Decimal('67.469359'))"
"Стела Здоровья, Счастья и Процветания","Памятники, скульптуры, мемориалы",Удмуртская республика,Ижевск,"(Decimal('53.221408'), Decimal('56.854926'))"
стела авиаторов,"Памятники, скульптуры, мемориалы",Ханты-Мансийский автономный округ,,"(Decimal('74.530039'), Decimal('62.204192'))"
Стела в честь награждения Тихвина орденом Отечественной войны I степени.,военная слава,Ленинградская область,Тихвин,Not found
Стела основателей Владивостока,"Памятники, скульптуры, мемориалы",Приморский край,Владивосток,"(Decimal('131.914554'), Decimal('43.16655'))"
"Стела памяти воинам-омичам, участникам Великой Отечественной войны 1941 – 1945 гг.","Памятники, скульптуры, мемориалы",Омская область,Омск,Not found
"Стела Буквы тувинского алфавита?,?,?","Памятники, скульптуры, мемориалы",Республика Тыва,красный,Not found
стена Родимцева,"Памятники, скульптуры, мемориалы",Волгоградская область,Волгоград,"(Decimal('44.530621'), Decimal('48.71306'))"
Стойкий оловянный солдатик,"Памятники, скульптуры, мемориалы",Ленинградская область,Пинери,"(Decimal('29.09221'), Decimal('59.90422'))"
Стремиловская линия обороны Москвы.,"Памятники, скульптуры, мемориалы",Московская область,Леоново,"(Decimal('37.077541'), Decimal('55.118122'))"
Сфинксы во дворе Строгановского дворца.,"Памятники, скульптуры, мемориалы",Санкт-Петербург,Санкт-Петербург,"(Decimal('30.248045'), Decimal('59.941425'))"
Набережная со сфинксами,"Памятники, скульптуры, мемориалы",Санкт-Петербург,Санкт-Петербург,"(Decimal('30.426442'), Decimal('59.902984'))"
"Танк «Т-70», первым с боем ворвавшийся в Калач-на-Дону","Памятники, скульптуры, мемориалы",Волгоградская область,Калач-на-Дону,Not found
Танк «Родина».,"Памятники, скульптуры, мемориалы",Московская область,Котлы,"(Decimal('37.863199'), Decimal('55.65984'))"
Т-34,военная слава,Псковская область,великий Люк,"(Decimal('30.521969'), Decimal('56.342316'))"
Т-34,военная слава,Тульская область,Тула,"(Decimal('37.617348'), Decimal('54.193122'))"
Танк Т-72 в Ельце,"Памятники, скульптуры, мемориалы",Липецкая область,Елец,Not found
Танк Победитель,"Памятники, скульптуры, мемориалы",Санкт-Петербург,Санкт-Петербург,"(Decimal('30.315868'), Decimal('59.939095'))"
"Танк-памятник воинам-землякам, погибшим в годы Великой Отечественной войны 1941-1945 годов.","Памятники, скульптуры, мемориалы",Республика Бурятия,Улан-Удэ,"(Decimal('107.584574'), Decimal('51.834464'))"
Танки по соседству с бетоном,"Памятники, скульптуры, мемориалы",Свердловская область,Екатеринбург,"(Decimal('60.688869'), Decimal('56.834151'))"
Тополь на площади Павших борцов,"Памятники, скульптуры, мемориалы",Волгоградская область,Волгоград,"(Decimal('44.515637'), Decimal('48.707935'))"
ведетта,военная слава,Ростовская область,Азов,"(Decimal('39.423581'), Decimal('47.112442'))"
Триптих «Стена памяти»,военная слава,Тамбовская область,Тамбов,"(Decimal('41.452274'), Decimal('52.721219'))"
Триумфальная арка Александра,"Памятники, скульптуры, мемориалы",Краснодарский край,Краснодар,"(Decimal('39.04813'), Decimal('45.067576'))"
Триумфальная арка,"Памятники, скульптуры, мемориалы",Москва,,"(Decimal('37.595303'), Decimal('55.769428'))"
Триумфальная арка «Королевские ворота»,"Памятники, скульптуры, мемориалы",Республика Бурятия,,Not found
Военные работники Мурманска,"Памятники, скульптуры, мемориалы",Мурманская область,Мурманск,"(Decimal('33.149038'), Decimal('68.934113'))"
"Трусливый, Бобби и Опытный","Памятники, скульптуры, мемориалы",Пермь,Пермский,Not found
Усадьба М.Шелехова,"Памятники, скульптуры, мемориалы",Астраханская область,Астрахань,"(Decimal('48.033574'), Decimal('46.347869'))"
ухо озеро Байкал,"Памятники, скульптуры, мемориалы",Иркутская область,Байкальск,"(Decimal('104.151581'), Decimal('51.525572'))"
Фонарный столб Сталинградской битвы,"Памятники, скульптуры, мемориалы",Волгоградская область,Волгоград,Not found
холм Славы,военная слава,Псковская область,Изборск,"(Decimal('27.861168'), Decimal('57.707647'))"
Царь-колокол,"Памятники, скульптуры, мемориалы",Москва,,"(Decimal('37.617635'), Decimal('55.755814'))"
Царь-пушка,"Памятники, скульптуры, мемориалы",Москва,,"(Decimal('37.617635'), Decimal('55.755814'))"
"Цветочная композиция ""Бронзовый павлин""","Памятники, скульптуры, мемориалы",Краснодарский край,Новороссийск,"(Decimal('37.679502'), Decimal('44.735432'))"
Чижик-Пыжик,"Памятники, скульптуры, мемориалы",Санкт-Петербург,Санкт-Петербург,"(Decimal('30.315868'), Decimal('59.939095'))"
Чижовский плацдарм,"Памятники, скульптуры, мемориалы",Воронежская область,Воронеж,"(Decimal('39.187863'), Decimal('51.634045'))"
Чугунные солнечные часы,"Памятники, скульптуры, мемориалы",Пермь,изложенный,"(Decimal('54.716096'), Decimal('57.885263'))"
Шахматная доска в центре Элисты,"Памятники, скульптуры, мемориалы",Республика Калмыкия,Элиста,"(Decimal('44.252385'), Decimal('46.323908'))"
Ночной штурм Спасска,"Памятники, скульптуры, мемориалы",Приморский край,Спасск-Дальний,"(Decimal('132.817559'), Decimal('44.597641'))"
Эйфелева башня,"Памятники, скульптуры, мемориалы",Пермь,Пермский,"(Decimal('56.229434'), Decimal('58.01045'))"
Эйфелева башня,"Памятники, скульптуры, мемориалы",Свердловская область,Полевской,"(Decimal('60.177072'), Decimal('56.446499'))"
Эко-парк «Медвежий край»,"Сады, скверы, парки",Архангельская область,Каргополь,"(Decimal('38.948166'), Decimal('61.505339'))"
Этнокультурный комплекс в селе Бельдир-Кежий,"Памятники, скульптуры, мемориалы",Республика Тыва,,"(Decimal('92.770493'), Decimal('51.45916'))"
Южная Триумфальная арка,"Памятники, скульптуры, мемориалы",Республика Калмыкия,Элиста,"(Decimal('44.269759'), Decimal('46.307743'))"
? Памятник «С чего начинается Россия»,"Памятники, скульптуры, мемориалы",Камчатский край,,"(Decimal('169.782981'), Decimal('61.350179'))"
Александровская колонна,"Памятники, скульптуры, мемориалы",Санкт-Петербург,Санкт-Петербург,"(Decimal('30.327447'), Decimal('59.930331'))"
Бюст Юрию Билибину,"Памятники, скульптуры, мемориалы",Магаданская область,Магадан,"(Decimal('150.808586'), Decimal('59.565151'))"
Мемориал «Победа»,военная слава,Республика Саха (Якутия),Забайкальск,"(Decimal('148.058241'), Decimal('64.088698'))"
Мемориал в честь портала пребывания декабристов на Петровском заводе,"Памятники, скульптуры, мемориалы",Забайкальский край,Петровск-Забайкальский,"(Decimal('108.846689'), Decimal('51.274889'))"
Памятник «Амга Слобода».,"Памятники, скульптуры, мемориалы",Республика Саха (Якутия),Амга,"(Decimal('131.987129'), Decimal('60.896985'))"
Памятник Миастр Амма ',"Памятники, скульптуры, мемориалы",Республика Саха (Якутия),Амга,"(Decimal('131.987129'), Decimal('60.896985'))"
Памятник А.Е. Кулаковскому,"Памятники, скульптуры, мемориалы",Республика Саха (Якутия),Якутск,"(Decimal('129.725971'), Decimal('62.074189'))"
Памятник героям Кубанской битвы.,"Памятники, скульптуры, мемориалы",Краснодарский край,Краснодар,Not found
Памятник Максиму Аммосову,"Памятники, скульптуры, мемориалы",Республика Саха (Якутия),Якутск,"(Decimal('129.664885'), Decimal('62.031436'))"
Памятник Минину и Пожарскому,"Памятники, скульптуры, мемориалы",Москва,,"(Decimal('37.4114'), Decimal('55.844394'))"
Памятник Ботур Боотуру,"Памятники, скульптуры, мемориалы",Республика Саха (Якутия),Итик-Кюёль,"(Decimal('133.559899'), Decimal('62.360667'))"
памятник Центросибирцам,"Памятники, скульптуры, мемориалы",Республика Саха (Якутия),Ольокминск,"(Decimal('120.403075'), Decimal('60.372976'))"
Памятник в честь пятидесятилетия Октябрьской революции и борцов за нее,"Памятники, скульптуры, мемориалы",Забайкальский край,Петровск-Забайкальский,"(Decimal('108.846689'), Decimal('51.274889'))"
памятник зайцу,"Памятники, скульптуры, мемориалы",Республика Саха (Якутия),Якутск,"(Decimal('129.664885'), Decimal('62.031436'))"
памятник танкистам,"Памятники, скульптуры, мемориалы",Республика Саха (Якутия),Якутск,"(Decimal('129.664885'), Decimal('62.031436'))"
памятник Карпу,"Памятники, скульптуры, мемориалы",Республика Саха (Якутия),Якутск,"(Decimal('129.664885'), Decimal('62.031436'))"
Памятник основателю Якутска Петру Бекетову,"Памятники, скульптуры, мемориалы",Республика Саха (Якутия),Якутск,"(Decimal('129.744'), Decimal('62.086266'))"
памятник первостроителям,"Памятники, скульптуры, мемориалы",Республика Саха (Якутия),Нерюнгри,"(Decimal('124.720315'), Decimal('56.659948'))"
Памятник погибшим учителям и ученикам школы №1,"Памятники, скульптуры, мемориалы",Республика Саха (Якутия),Забайкальск,"(Decimal('114.911844'), Decimal('60.713731'))"
Памятник реке Лене,"Памятники, скульптуры, мемориалы",Республика Саха (Якутия),,Not found
памятник учителю,"Памятники, скульптуры, мемориалы",Республика Саха (Якутия),Якутск,"(Decimal('129.664885'), Decimal('62.031436'))"
памятник Кучеру,"Памятники, скульптуры, мемориалы",Республика Саха (Якутия),Забайкальск,"(Decimal('114.911844'), Decimal('60.713731'))"
Памятник-бюст Гавриилу Чиряеву,"Памятники, скульптуры, мемориалы",Республика Саха (Якутия),Нерюнгри,"(Decimal('124.720315'), Decimal('56.659948'))"
Панно «Декабристы в Забайкалье».,"Памятники, скульптуры, мемориалы",Забайкальский край,Петровск-Забайкальский,"(Decimal('108.831391'), Decimal('51.251049'))"
Скульптура мамонт,"Памятники, скульптуры, мемориалы",Республика Саха (Якутия),Якутск,"(Decimal('129.732178'), Decimal('62.027216'))"
Скульптура «Города-побратимы».,"Памятники, скульптуры, мемориалы",Республика Саха (Якутия),Якутск,"(Decimal('129.732178'), Decimal('62.027216'))"
Скульптура «Видящие на фронт»,военная слава,Республика Саха (Якутия),Якутск,Not found
Открытия Памятник золото Алдана М.П. Тарабукин и В.П. Бертине,"Памятники, скульптуры, мемориалы",Республика Саха (Якутия),Потеря,Not found
"Скульптура ""Одуванчики. Три грации""","Памятники, скульптуры, мемориалы",Республика Саха (Якутия),Якутск,"(Decimal('129.48745'), Decimal('62.071627'))"
Александр Палас,дворцы,Санкт-Петербург,Санкт-Петербург,"(Decimal('30.317494'), Decimal('59.956043'))"
Аничков дворец,дворцы,Санкт-Петербург,Санкт-Петербург,"(Decimal('30.297668'), Decimal('59.929263'))"
Атаманский дворец,дворцы,Ростовская область,Новочеркасск,"(Decimal('40.093725'), Decimal('47.422052'))"
Большой Петергофский дворец,дворцы,Санкт-Петербург,Петергоф,"(Decimal('29.908572'), Decimal('59.884027'))"
Воронцовский дворец,дворцы,Санкт-Петербург,Санкт-Петербург,"(Decimal('30.237526'), Decimal('59.845917'))"
Воронцовский дворец,дворцы,Республика Крым,,"(Decimal('33.993751'), Decimal('45.389194'))"
Гатчинский дворец,дворцы,Санкт-Петербург,Санкт-Петербург,"(Decimal('30.297668'), Decimal('59.929263'))"
Дворец Белосельских-Белозерских,дворцы,Санкт-Петербург,Санкт-Петербург,"(Decimal('30.297668'), Decimal('59.929263'))"
Дворец Великого Князя Алексея,дворцы,Санкт-Петербург,Санкт-Петербург,"(Decimal('30.401693'), Decimal('59.942647'))"
Дворец Волкова-Юсупова,дворцы,Москва,,"(Decimal('37.603487'), Decimal('55.745068'))"
Викарий Палас,дворцы,Тюменская область,Тобольск,"(Decimal('68.253762'), Decimal('58.201698'))"
Шуваловский дворец,дворцы,Санкт-Петербург,Санкт-Петербург,"(Decimal('30.297668'), Decimal('59.929263'))"
Дворец Ольденбург,дворцы,Воронежская область,Рамон,"(Decimal('39.337837'), Decimal('51.908927'))"
Дворец Петра II,дворцы,Санкт-Петербург,Санкт-Петербург,"(Decimal('30.325336'), Decimal('59.969866'))"
Дворец Разумовского,дворцы,Санкт-Петербург,Санкт-Петербург,"(Decimal('30.297668'), Decimal('59.929263'))"
Дворец Румянцева,дворцы,Санкт-Петербург,Санкт-Петербург,"(Decimal('30.297668'), Decimal('59.929263'))"
Дворец Великого Князя Николая Младшего.,дворцы,Санкт-Петербург,Санкт-Петербург,"(Decimal('30.401693'), Decimal('59.942647'))"
Дворец государя Молдавии Дмитрия Кантемира,дворцы,Санкт-Петербург,Санкт-Петербург,Not found
Дворец культуры «Волгоградгидрострой» и парк отдыха в городе Волжский,дворцы,Волгоградская область,Волжский,"(Decimal('44.751867'), Decimal('48.786293'))"
Екатерининский дворец,дворцы,Санкт-Петербург,Санкт-Петербург,"(Decimal('30.440186'), Decimal('59.981893'))"
Елагин Палас,дворцы,Санкт-Петербург,Санкт-Петербург,"(Decimal('30.297668'), Decimal('59.929263'))"
Зимний дворец,дворцы,Санкт-Петербург,Санкт-Петербург,"(Decimal('30.297668'), Decimal('59.929263'))"
Каменный остров Палас,дворцы,Санкт-Петербург,Санкт-Петербург,"(Decimal('30.311637'), Decimal('59.965764'))"
Константиновский дворец,дворцы,Санкт-Петербург,Стрельна,"(Decimal('30.056632'), Decimal('59.857825'))"
Летний дворец Петра I.,дворцы,Санкт-Петербург,Санкт-Петербург,"(Decimal('30.297668'), Decimal('59.929263'))"
Ливадийский дворец,дворцы,Республика Крым,,"(Decimal('33.993751'), Decimal('45.389194'))"
Лисинский охотничий дворец,дворцы,Ленинградская область,,"(Decimal('28.3314'), Decimal('59.349324'))"
Мариинский дворец,дворцы,Санкт-Петербург,Санкт-Петербург,"(Decimal('30.38061'), Decimal('59.944508'))"
Меншиковский дворец,дворцы,Санкт-Петербург,Санкт-Петербург,"(Decimal('30.427565'), Decimal('59.993653'))"
Михайловский дворец,дворцы,Санкт-Петербург,Санкт-Петербург,"(Decimal('30.294201'), Decimal('59.899816'))"
Мраморный дворец,дворцы,Санкт-Петербург,Санкт-Петербург,"(Decimal('30.297668'), Decimal('59.929263'))"
Никольский дворец,дворцы,Санкт-Петербург,Санкт-Петербург,"(Decimal('30.297668'), Decimal('59.929263'))"
Строгановский дворец,дворцы,Санкт-Петербург,Санкт-Петербург,"(Decimal('30.297668'), Decimal('59.929263'))"
Таврический дворец,дворцы,Санкт-Петербург,Санкт-Петербург,"(Decimal('30.384562'), Decimal('59.950339'))"
Тверской Императорский Путевой дворец.,дворцы,Тверская область,Тверь,"(Decimal('35.907009'), Decimal('56.855073'))"
Чесменский дворец,дворцы,Санкт-Петербург,Санкт-Петербург,"(Decimal('30.297668'), Decimal('59.929263'))"
Шереметевский дворец,дворцы,Санкт-Петербург,Санкт-Петербург,"(Decimal('30.22353'), Decimal('59.846613'))"
Юсуповский дворец,дворцы,Санкт-Петербург,Санкт-Петербург,"(Decimal('30.297668'), Decimal('59.929263'))"
Юсуповский дворцово-парковый комплекс,дворцы,Республика Крым,Кореиз,"(Decimal('34.091487'), Decimal('44.430129'))"
ханский дворец,дворцы,Республика Крым,Бахчисарай,"(Decimal('33.85214'), Decimal('44.754887'))"
«Калиновская писаница»,археологические памятники,Амурская область,,"(Decimal('127.728064'), Decimal('53.413341'))"
«Каменная женщина»,археологические памятники,Республика Калмыкия,,"(Decimal('45.325701'), Decimal('46.414024'))"
'Ман-Коджи,археологические памятники,Республика Тыва,,"(Decimal('94.793085'), Decimal('51.584332'))"
«Шайтанская писаница»,археологические памятники,Свердловская область,Октябрь,"(Decimal('60.821541'), Decimal('56.636006'))"
Александровский лес,археологические памятники,Ярославская область,Переславль,"(Decimal('38.982275'), Decimal('56.577199'))"
Археологические памятники села Камунта,археологические памятники,Республика Северная Осетия - Алания,Камунта,Not found
"Археологические памятники эпохи неолита, ранней и поздней бронзы.",археологические памятники,Новосибирская область,Осынцево,"(Decimal('77.233833'), Decimal('55.497235'))"
Археологический комплекс «Беломорские петроглифы».,археологические памятники,Республика Карелия,Выгостров,"(Decimal('34.665367'), Decimal('64.480108'))"
Археологический комплекс «Месгриньи».,археологические памятники,Вологодская область,Мегрин,"(Decimal('35.584011'), Decimal('59.148101'))"
Археологический комплекс «Северо-западная окраина древнего города Керкинитида V-III вв. до н.э.»,археологические памятники,Республика Крым,Евпатория,Not found
Археологический комплекс «Юстыд».,археологические памятники,Республика Алтай,Ташанта,"(Decimal('89.193662'), Decimal('49.716552'))"
Археологический памятник «Лысая гора».,археологические памятники,Кемеровская область,Яя,Not found
Археологический памятник «Щучий городок».,Природа,Тульская область,Соколовка,Not found
Археологический памятник древнего городища и музей Русенихинской эпохи в Русенихе,археологические памятники,Нижегородская область,Русениха,"(Decimal('45.360547'), Decimal('56.905554'))"
Ак-Кая археологический парк,археологические памятники,Республика Крым,Белогорск,"(Decimal('34.59997'), Decimal('45.057123'))"
Ачинская палеолит,археологические памятники,Красноярский край,,"(Decimal('93.947133'), Decimal('54.970577'))"
Белгородская линия обороны.,археологические памятники,Липецкая область,,Not found
Пляж Кроманьонец в Усть-Ишимском районе,археологические памятники,Омская область,Усть-Ишим,Not found
Большетаябинское поселение XII-XIV вв.,археологические памятники,Чувашская Республика,Мост Таяба,Not found
Салбыкский большой курган.,археологические памятники,Республика Хакасия,Вертекс-Биджа,"(Decimal('90.971958'), Decimal('53.97969'))"
Водянское поселение,археологические памятники,Волгоградская область,,"(Decimal('44.476192'), Decimal('48.809658'))"
Вознесенское поселение,археологические памятники,Новосибирская область,Вознесенка,"(Decimal('76.386722'), Decimal('55.611953'))"
Гнездово,археологические памятники,Смоленская область,Гнездово,"(Decimal('31.863863'), Decimal('54.782464'))"
Лесная Бага-Заря,археологические памятники,Республика Бурятия,,"(Decimal('105.254254'), Decimal('51.309348'))"
Гора Кулайка (Кулайское культовое место),археологические памятники,Томская область,Подгорное,"(Decimal('82.274253'), Decimal('57.521783'))"
лес Митридата,археологические памятники,Республика Крым,Керчь,"(Decimal('36.467378'), Decimal('45.356219'))"
Городище &quot;Усольская осада&quot;,археологические памятники,Костромская область,Солигалич,Not found
городище Артезиан,археологические памятники,Республика Крым,Керчь,"(Decimal('36.467378'), Decimal('45.356219'))"
городище Воронич,археологические памятники,Псковская область,Воронич,"(Decimal('28.879013'), Decimal('57.052751'))"
Городище Гора Св. Иоанна Рильского,археологические памятники,Курская область,Горно,"(Decimal('34.172695'), Decimal('51.647303'))"
Городище Дюзу-Кале,археологические памятники,Краснодарский край,Новомихайловский,"(Decimal('38.846549'), Decimal('44.252398'))"
Поселение Юлюрат,археологические памятники,Республика Крым,Керчь,"(Decimal('36.467378'), Decimal('45.356219'))"
Камни поселения,археологические памятники,Псковская область,Камно,"(Decimal('28.209516'), Decimal('57.803807'))"
Поселенческая нимфа,археологические памятники,Республика Крым,Керчь,"(Decimal('36.467378'), Decimal('45.356219'))"
городище Новоникольск,археологические памятники,Омская область,Новоникольск,"(Decimal('72.504724'), Decimal('57.73504'))"
Поселок Ош Пандо,археологические памятники,Республика Мордовия,,"(Decimal('45.183938'), Decimal('54.187433'))"
Древнее поселение Усть-Полуй.,археологические памятники,Ямало-Ненецкий автономный округ,Салехард,"(Decimal('66.614399'), Decimal('66.529844'))"
Поселение Хара Хапсахай,археологические памятники,Республика Бурятия,,"(Decimal('112.348699'), Decimal('54.544222'))"
Форт и башня Адиюх,археологические памятники,Карачаево-Черкесская Республика,Хабез,"(Decimal('41.765426'), Decimal('44.032907'))"
Поселение в Новопетровках.,археологические памятники,Амурская область,Новопетровка,"(Decimal('128.262956'), Decimal('49.574386'))"
Городищенский археологический комплекс,археологические памятники,Тверская область,Сандов,"(Decimal('36.410946'), Decimal('58.462853'))"
Государственный археологический музей-заповедник «Костёнки».,археологические памятники,Воронежская область,Костенко,"(Decimal('39.046756'), Decimal('51.390757'))"
Гробница «Царский курган»,археологические памятники,Республика Крым,,"(Decimal('33.259566'), Decimal('45.178959'))"
Деревня дольменов,археологические памятники,Краснодарский край,Геленджик,"(Decimal('38.076809'), Decimal('44.561141'))"
Добрынин курган,археологические памятники,Рязанская область,,"(Decimal('40.58115'), Decimal('53.879265'))"
Долина царей,археологические памятники,Республика Тыва,,"(Decimal('94.793085'), Decimal('51.584332'))"
дольмен Капибге,археологические памятники,Краснодарский край,Сочи,"(Decimal('39.723062'), Decimal('43.585525'))"
Волконский дольмен в долине,археологические памятники,Краснодарский край,Сочи,"(Decimal('39.808698'), Decimal('43.546078'))"
дольмены,археологические памятники,Краснодарский край,Туапсе,"(Decimal('39.073553'), Decimal('44.09564'))"
дорога Чингисхана,археологические памятники,Республика Тыва,Шанчи,"(Decimal('91.963788'), Decimal('51.605633'))"
Древнее захоронение в рисовом поле Анхабай,археологические памятники,Забайкальский край,,Not found
Древние памятники возле села Сростки,археологические памятники,Алтайский край,сращивания,Not found
Древний город «Сарай-Бату».,археологические памятники,Астраханская область,Селитренное,"(Decimal('47.452607'), Decimal('47.167833'))"
Древний город Чичабург,археологические памятники,Новосибирская область,Здвинск,"(Decimal('78.661849'), Decimal('54.702484'))"
Дырестуйский Культур,археологические памятники,Республика Бурятия,,"(Decimal('112.348699'), Decimal('54.544222'))"
Елабужский форт,археологические памятники,Республика Татарстан,Елабуга,"(Decimal('47.524211'), Decimal('54.57863'))"
еловый мыс,археологические памятники,Свердловская область,,"(Decimal('60.404651'), Decimal('56.913687'))"
Локинг-Куле Киз,археологические памятники,Республика Крым,,"(Decimal('33.993751'), Decimal('45.389194'))"
Золотаревская слобода,археологические памятники,Пензенская область,Золотаревка,"(Decimal('45.323042'), Decimal('53.07445'))"
Скифское золото,археологические памятники,Республика Тыва,красный,"(Decimal('94.437757'), Decimal('51.719086'))"
Золотоордынский город Бельджамен.,археологические памятники,Волгоградская область,Дубовка,"(Decimal('44.826957'), Decimal('49.055369'))"
"Иволга, археологический памятник",археологические памятники,Республика Бурятия,,"(Decimal('107.287618'), Decimal('51.733842'))"
"Ах, скульптурная отделка",археологические памятники,Республика Хакасия,,"(Decimal('90.206782'), Decimal('52.178654'))"
Ильинское поселение,археологические памятники,Архангельская область,Ильинско-Подомское,"(Decimal('47.978004'), Decimal('61.115665'))"
Долина Ингала,археологические памятники,Тюменская область,Исетское,"(Decimal('65.323673'), Decimal('56.484685'))"
Время так,археологические памятники,Республика Хакасия,,"(Decimal('89.673667'), Decimal('53.882842'))"
историческая шахта,археологические памятники,Самарская область,,"(Decimal('50.465269'), Decimal('53.401473'))"
Каменные лабиринты Большого Заяцкого острова.,археологические памятники,Архангельская область,,"(Decimal('43.336661'), Decimal('63.637517'))"
Каменный воин «Адыр-Кан»,археологические памятники,Республика Алтай,Иня,"(Decimal('86.626277'), Decimal('50.451749'))"
Загрузить-Кален,археологические памятники,Республика Крым,,"(Decimal('33.993751'), Decimal('45.389194'))"
поселок Кашин,археологические памятники,Свердловская область,Кашин,"(Decimal('63.929209'), Decimal('57.584096'))"
Кезенойский историко-архитектурный комплекс «Алдама-Гези»,археологические памятники,Чеченская Республика,,Not found
Киинские писаницы,археологические памятники,Хабаровский край,Переяславка,"(Decimal('135.053079'), Decimal('47.968717'))"
Клещинский археологический комплекс,археологические памятники,Ярославская область,Переславль,"(Decimal('38.854373'), Decimal('56.739194'))"
Королевский бастион,археологические памятники,Смоленская область,Смоленск,"(Decimal('32.045251'), Decimal('54.782635'))"
Краскиноское поселение,археологические памятники,Приморский край,Краскино,"(Decimal('130.783449'), Decimal('42.710607'))"
Краскинское поселение,археологические памятники,Приморский край,,"(Decimal('134.709375'), Decimal('45.04198'))"
Краснояровское поселение,археологические памятники,Приморский край,Утесное,"(Decimal('135.551896'), Decimal('46.561752'))"
Красноярский археологический комплекс,археологические памятники,Омская область,Красноярка (Утускунского с/н),"(Decimal('73.094361'), Decimal('55.326302'))"
Крестьянский совхоз «Дольмен»,Фермерский дом,Краснодарский край,Геленджик,"(Decimal('38.076809'), Decimal('44.561141'))"
Курган «Барсучье лого».,археологические памятники,Республика Хакасия,Вертекс-Биджа,"(Decimal('90.971958'), Decimal('53.97969'))"
Курган «Ошад»,археологические памятники,Республика Адыгея,Майкоп,"(Decimal('38.950591'), Decimal('44.861944'))"
"Бабий курган, курган",археологические памятники,Курганская область,,"(Decimal('65.341118'), Decimal('55.441004'))"
Курган бессмертия,археологические памятники,Брянская область,Брянск,"(Decimal('34.336242'), Decimal('53.282773'))"
Курган Кшекуравай,археологические памятники,Нижегородская область,,"(Decimal('45.003539'), Decimal('55.905629'))"
Курганы «Три брата»,археологические памятники,Республика Калмыкия,Сэнди,"(Decimal('44.158817'), Decimal('46.233629'))"
Лазовский поселок,археологические памятники,Приморский край,,"(Decimal('134.709375'), Decimal('45.04198'))"
Липинское поселение,археологические памятники,Курская область,Липина,"(Decimal('37.590156'), Decimal('51.704555'))"
Малоарбатская писаница,археологические памятники,Республика Хакасия,Абаза:,"(Decimal('90.088572'), Decimal('52.651657'))"
Ущелье Марино,Природа,Тюменская область,Исетское,"(Decimal('65.524159'), Decimal('56.454563'))"
Мелек-Чесменский курган,археологические памятники,Республика Крым,Керчь,"(Decimal('36.470379'), Decimal('45.362989'))"
село Каменка,археологические памятники,Республика Бурятия,новый Брян,"(Decimal('109.637126'), Decimal('53.581726'))"
Деревня Хайласы,археологические памятники,Республика Бурятия,,"(Decimal('102.426493'), Decimal('51.714806'))"
Стальной средневековый рог на берегу. Волга,археологические памятники,Чувашская Республика,Ильинка,Not found
Музей «Селитренное».,археологические памятники,Астраханская область,Селитренное,"(Decimal('47.452607'), Decimal('47.167833'))"
Музей Кара-Тобе,археологические памятники,Республика Крым,Саки,"(Decimal('33.579277'), Decimal('45.142294'))"
Музей под открытым небом «Чудь курган».,археологические памятники,Архангельская область,Эдма,Not found
Музей-усадьба «Николевское городище».,археологические памятники,Саратовская область,Пинеровка,"(Decimal('43.064453'), Decimal('51.55884'))"
поселок Нижне-Архыз,археологические памятники,Карачаево-Черкесская Республика,Нижний Архыз,"(Decimal('41.457646'), Decimal('43.677747'))"
Верхний и Нижний форт,археологические памятники,Костромская область,Галич,"(Decimal('42.357641'), Decimal('58.390252'))"
Оборонительные земляные укрепления Переславля,археологические памятники,Ярославская область,Переславль,"(Decimal('38.893342'), Decimal('56.778692'))"
Омская парковка,археологические памятники,Омская область,Омск,"(Decimal('73.417125'), Decimal('54.991335'))"
Онежские петроглифы,археологические памятники,Республика Карелия,,"(Decimal('34.160693'), Decimal('62.053081'))"
Ортинское поселение,археологические памятники,Ненецкий автономный округ,,"(Decimal('54.128194'), Decimal('68.051856'))"
Остатки вала,археологические памятники,Нижегородская область,Нижний Новгород,"(Decimal('44.006516'), Decimal('56.326797'))"
Остров Вера,археологические памятники,Челябинская область,Миасс,"(Decimal('60.03212'), Decimal('55.160926'))"
Пазырыкские курганы,археологические памятники,Республика Алтай,Балыктуюль,"(Decimal('88.040467'), Decimal('50.758593'))"
Археологический памятник «Усть-Шексна» XI-XVI вв.,археологические памятники,Ярославская область,Рыбинск,"(Decimal('38.858406'), Decimal('58.048454'))"
Памятники древней литературы,археологические памятники,Республика Тыва,,Not found
Петроглифический комплекс Елангаш,археологические памятники,Республика Алтай,,"(Decimal('88.256683'), Decimal('49.910626'))"
Петроглифический комплекс Калбак-Таш в Республике Алтай.,археологические памятники,Республика Алтай,,Not found
петроглифы Канозера,археологические памятники,Мурманская область,Умба,"(Decimal('34.344174'), Decimal('66.684759'))"
петроглифы Амурской области,археологические памятники,Амурская область,,"(Decimal('127.728064'), Decimal('53.413341'))"
Пещерный город Бакл,археологические памятники,Республика Крым,,Not found
Пещерный город Качи-Калон,археологические памятники,Республика Крым,Баштановка,"(Decimal('33.894559'), Decimal('44.6901'))"
Пещерный город Мангуп-Кале,археологические памятники,Республика Крым,,"(Decimal('33.79772'), Decimal('44.594348'))"
Пещерный город Тепе-Кермен.,археологические памятники,Республика Крым,Кудрино,"(Decimal('33.944864'), Decimal('44.703363'))"
Пещерный город Кале,археологические памятники,Республика Крым,Бахчисарай,"(Decimal('33.85214'), Decimal('44.754887'))"
Пещерный город Эски-Кермен,археологические памятники,Республика Крым,,"(Decimal('33.739177'), Decimal('44.610322'))"
Поселок Лабытнанги 1 (село Коми),археологические памятники,Ямало-Ненецкий автономный округ,Лабытнанги,"(Decimal('66.383963'), Decimal('66.660595'))"
Сибирская Ледяная Дева,археологические памятники,Республика Алтай,,"(Decimal('87.015454'), Decimal('50.73624'))"
Раковина Юрского периода,археологические памятники,Чеченская Республика,Быть,"(Decimal('45.977645'), Decimal('42.662598'))"
Раскопки динозавра в Благовещенске,археологические памятники,Амурская область,Благовещенск,Not found
Рюриково Городище,археологические памятники,Новгородская область,Новгород,"(Decimal('31.298311'), Decimal('58.493996'))"
Савкина горка,археологические памятники,Псковская область,САВКИН,"(Decimal('28.884735'), Decimal('57.056334'))"
мыс для катания на санях,археологические памятники,Республика Бурятия,,"(Decimal('112.348699'), Decimal('54.544222'))"
Сафроновское захоронение,археологические памятники,Республика Хакасия,Сафронов,"(Decimal('90.060275'), Decimal('53.044089'))"
Святилище Большой Аллаков,археологические памятники,Челябинская область,,"(Decimal('60.907025'), Decimal('55.973718'))"
Скельские менгиры,археологические памятники,Севастополь,Родниковское,"(Decimal('33.85311'), Decimal('44.464743'))"
Старая Рязань,археологические памятники,Рязанская область,Старая Рязань,"(Decimal('40.423721'), Decimal('54.40288'))"
Старицкое поселение,археологические памятники,Тверская область,старуха,"(Decimal('35.346775'), Decimal('56.72805'))"
Сторожевая оборонительная стена и сторожевая башня,археологические памятники,Пензенская область,,Not found
Стоянка древнего человека Бызовая и Крутая горка,археологические памятники,Республика Коми,,"(Decimal('54.789669'), Decimal('64.125463'))"
Судунтуйские писаницы,археологические памятники,Забайкальский край,,"(Decimal('116.200424'), Decimal('52.847258'))"
Сулекская Писаница,археологические памятники,Республика Хакасия,Устинкино,"(Decimal('89.560147'), Decimal('54.906155'))"
Татарский вал,археологические памятники,Тамбовская область,,"(Decimal('41.364643'), Decimal('52.74301'))"
Тихвинский Успенский монастырь,археологические памятники,Ленинградская область,,"(Decimal('32.124599'), Decimal('59.632533'))"
Троицкий раскоп,археологические памятники,Новгородская область,Новгород,"(Decimal('31.269915'), Decimal('58.52281'))"
поселок Труворово,археологические памятники,Псковская область,,"(Decimal('28.428041'), Decimal('57.3395'))"
Туристическая база «Северное чудо»,туристические лагеря,Вологодская область,Порог,Not found
Урляпово урочище,археологические памятники,Тамбовская область,Новоникольск,"(Decimal('40.396241'), Decimal('52.824241'))"
Урочище «Чертов форт»,археологические памятники,Калужская область,,"(Decimal('35.335142'), Decimal('54.2597'))"
Усинский курган в Самарской области.,археологические памятники,Самарская область,,"(Decimal('49.267644'), Decimal('53.393977'))"
Усть-Сос – музей под открытым небом.,галереи,Республика Хакасия,Усть-Сос,Not found
Утес Саган-Заба,Природа,Иркутская область,,"(Decimal('103.607607'), Decimal('52.844598'))"
Утес Степана Разина,Природа,Саратовская область,Белогорск,"(Decimal('46.72348'), Decimal('52.264836'))"
Филипповские курганы,археологические памятники,Оренбургская область,,"(Decimal('53.498682'), Decimal('52.743528'))"
Хумарское поселение,археологические памятники,Карачаево-Черкесская Республика,Умара,"(Decimal('41.925156'), Decimal('43.869298'))"
Императорский курган,археологические памятники,Алтайский край,Сентелек,"(Decimal('83.751847'), Decimal('51.20297'))"
Царев курган,археологические памятники,Самарская область,Волжский,"(Decimal('50.11913'), Decimal('53.418617'))"
камни чашеобразной формы,археологические памятники,Республика Северная Осетия - Алания,Лак,"(Decimal('44.294444'), Decimal('42.824969'))"
Чжурчжэньская каменная черепаха,археологические памятники,Приморский край,Уссурийск,"(Decimal('131.95178'), Decimal('43.797273'))"
Чудская гора,археологические памятники,Омская область,Бохочаново,"(Decimal('73.741471'), Decimal('57.163211'))"
Шаманская гора,археологические памятники,Забайкальский край,,"(Decimal('116.200424'), Decimal('52.847258'))"
шаманская накидка,Природа,Иркутская область,,"(Decimal('103.702972'), Decimal('51.694803'))"
Шарой жеоданы или «яйца динозавров».,Природа,Чеченская Республика,,Not found
Шеймин-Форест,археологические памятники,Ямало-Ненецкий автономный округ,Самбург,"(Decimal('78.223876'), Decimal('67.003493'))"
Ширинский археологический парк,археологические памятники,Республика Хакасия,Ефремкино,"(Decimal('89.445864'), Decimal('54.469709'))"
Эколого-экскурсионный комплекс «Оглахты»,археологические памятники,Республика Хакасия,,"(Decimal('91.494023'), Decimal('54.012718'))"
Этноархеологический комплекс «Затерянный мир».,археологические памятники,Ростовская область,Пухляковский,"(Decimal('40.58769'), Decimal('47.514135'))"
Этнографический парк «Земля предков»,археологические памятники,Свердловская область,,"(Decimal('61.530761'), Decimal('58.586755'))"
Яломанское поселение,археологические памятники,Республика Алтай,Купчеген,"(Decimal('86.421012'), Decimal('50.624384'))"
«Воронеж Венту»,археологические памятники,Воронежская область,Воронеж,"(Decimal('39.222377'), Decimal('51.696656'))"
Археологический комплекс в верховьях Белой Июсы,археологические памятники,Республика Хакасия,Малайские чернила,Not found
писаница,археологические памятники,Республика Хакасия,Боград,"(Decimal('90.844981'), Decimal('54.227406'))"
городище Вышегород,археологические памятники,Псковская область,Вышегород,"(Decimal('29.713152'), Decimal('57.473371'))"
Генеральское городище и древняя винодельня,археологические памятники,Республика Крым,Новоотрадное,Not found
Группа археологических памятников на о. Сучу,археологические памятники,Хабаровский край,Мариинский,Not found
Кисилевский курган (Каменный замок),археологические памятники,Ставропольский край,,"(Decimal('41.498339'), Decimal('45.3142'))"
Наскальные рисунки «Шишкинская писаница».,археологические памятники,Республика Саха (Якутия),,Not found
Национальный музей Казановка,археологические памятники,Республика Хакасия,Казановка,"(Decimal('90.036102'), Decimal('53.221058'))"
Петроглифы Сикачи-Аляна,археологические памятники,Хабаровский край,Сикачи-Алян,"(Decimal('135.639949'), Decimal('48.750676'))"
Шишкина писаница,археологические памятники,Иркутская область,Качуг,"(Decimal('105.89257'), Decimal('53.960364'))"
Историко-археологический заповедник Неаполь-Скифский,археологические памятники,Республика Крым,Симферополь,"(Decimal('34.100318'), Decimal('44.948237'))"
Античный особняк,Руины,Севастополь,,"(Decimal('33.484406'), Decimal('44.563292'))"
Ахтырка,Руины,Тамбовская область,Ахтырка,"(Decimal('41.671957'), Decimal('52.546264'))"
Барнаульский серебряный завод.,Руины,Алтайский край,Барнаул,"(Decimal('83.743592'), Decimal('53.287699'))"
Крепление аккумулятора,Руины,Ленинградская область,Выборг,"(Decimal('28.761513'), Decimal('60.70711'))"
башни Туаева,архитектура,Республика Северная Осетия - Алания,лекарство,"(Decimal('43.910711'), Decimal('42.671548'))"
башня Елоева,архитектура,Республика Северная Осетия - Алания,,"(Decimal('44.262033'), Decimal('43.092669'))"
башня Талхановых,Руины,Республика Северная Осетия - Алания,,"(Decimal('44.262033'), Decimal('43.092669'))"
Фургоны,Руины,Тамбовская область,,"(Decimal('41.615812'), Decimal('53.753879'))"
Волковицкая башня,Руины,Ленинградская область,,"(Decimal('29.608975'), Decimal('59.337013'))"
Даргавский некрополь,Кладбища и кладбища,Республика Северная Осетия - Алания,Даргавс,"(Decimal('44.437887'), Decimal('42.835522'))"
Заброшенная Троицкая церковь,Руины,Нижегородская область,Худяков (Зиняковский с/с),"(Decimal('43.826647'), Decimal('56.588551'))"
Замок Фатцаевых - Цаллаевых,Руины,Республика Северная Осетия - Алания,Ксаназ,Not found
Здание пивоваренного завода «Прикамский».,Руины,Пермь,Пермский,"(Decimal('54.041929'), Decimal('56.731101'))"
Наличие «Помощи»,архитектура,Тамбовская область,Советск,"(Decimal('42.357829'), Decimal('52.238747'))"
Их разрушает исторический заповедник-мельница. К.Н. Грудинина,"Памятники, скульптуры, мемориалы",Волгоградская область,,Not found
Комплексная Тихвинская водная система,Руины,Ленинградская область,,"(Decimal('29.608975'), Decimal('59.337013'))"
крепость Тронгзунд,Руины,Ленинградская область,Высоцк,"(Decimal('28.568277'), Decimal('60.625604'))"
Крепость в Усть-Элегесте,защита,Республика Тыва,Усть-Элегест,"(Decimal('94.099622'), Decimal('51.564243'))"
захоронение Сарбадуй,Руины,Республика Бурятия,,"(Decimal('112.348699'), Decimal('54.544222'))"
Церковь Святого Николая,Руины,Тамбовская область,,"(Decimal('40.934206'), Decimal('52.242856'))"
Церковь Святителя Николая в Трескино,Руины,Тамбовская область,,"(Decimal('42.295316'), Decimal('52.331972'))"
Оржевский Боголюбско-Тишениновский женский монастырь.,Руины,Тамбовская область,,Not found
Остатки зданий Акатуевской тюрьмы,Руины,Забайкальский край,,Not found
Павильон «Бёрдмэн»,Руины,Ленинградская область,,"(Decimal('29.608975'), Decimal('59.337013'))"
Парамоновские склады,Руины,Ростовская область,Ростов-на-Дону,"(Decimal('39.720349'), Decimal('47.222078'))"
церковь Преображения Господня,Руины,Тамбовская область,трансформация,"(Decimal('41.659255'), Decimal('52.479098'))"
Руины византийской церкви,Руины,Краснодарский край,Сочи,"(Decimal('39.723062'), Decimal('43.585525'))"
Руины французских заводов XIX века.,Руины,Челябинская область,Ноготь,Not found
Руины особняка заводчика И.Г. Каменского.,Руины,Пермь,погружаться,Not found
Спасо-Преображенский монастырь,Руины,Брянская область,Севск,"(Decimal('34.495091'), Decimal('52.156089'))"
Старая мельница в Кулябовке,Руины,Тамбовская область,,"(Decimal('42.333467'), Decimal('52.219286'))"
поселок Увек,Руины,Саратовская область,Всегда,"(Decimal('45.981355'), Decimal('51.411969'))"
Урляпово урочище,археологические памятники,Тамбовская область,Новоникольск,"(Decimal('40.396241'), Decimal('52.824241'))"
Усадьба Голицыных в селе Муром-Пречистое.,архитектура,Смоленская область,Пречистое,"(Decimal('34.628797'), Decimal('55.662471'))"
Усадьба Лодыгиных,Руины,Тамбовская область,,"(Decimal('42.607633'), Decimal('51.790543'))"
Усадьба Петрово Соловово в Андриановке,Руины,Тамбовская область,Андриановка,Not found
Усадьба Врангеля,Руины,Ленинградская область,,"(Decimal('30.857858'), Decimal('60.061363'))"
Усадьба генерала Смельского,Руины,Рязанская область,,"(Decimal('39.725101'), Decimal('53.913741'))"
Храм Архангела Михаила в Чернавке.,Руины,Тамбовская область,Чернавка,Not found
Церковь Владимирской Богоматери,Руины,Пермь,Усолье,Not found
Церковь Воскресения Христова,Руины,Тамбовская область,,Not found
Церковь Ильи Пророка,Руины,Пермь,Пянтег,"(Decimal('56.250662'), Decimal('60.155265'))"
Церковь Рождества Пресвятой Богородицы,Руины,Брянская область,Лыщичи,Not found
Церковь Усекновения главы Иоанна Предтечи,Руины,Тамбовская область,большое Никольское,Not found
Церковь Святой Параскевы,Руины,Тамбовская область,,Not found
Штаб военного поселения,Руины,Новгородская область,Селина,"(Decimal('31.664509'), Decimal('58.890996'))"
Штаб военного поселения в Антсе,Руины,Новгородская область,,Not found
Бывшая солдатская баня,Руины,Удмуртская республика,Ижевск,"(Decimal('53.342321'), Decimal('57.93002'))"
Руины мечети в городе Болгар,Руины,Республика Татарстан,Болгария,"(Decimal('49.030354'), Decimal('54.974917'))"
старший Тинаки,Руины,Астраханская область,солянка,"(Decimal('48.003301'), Decimal('46.386996'))"
Воронежская духовная семинария,места паломничества,Воронежская область,,"(Decimal('39.222296'), Decimal('51.311144'))"
гора Ахульго,Горы,Республика Дагестан,,"(Decimal('47.312721'), Decimal('41.842953'))"
Золотой Будда в дацане «Ринпоче Багша».,места паломничества,Республика Бурятия,Улан-Удэ,"(Decimal('107.584574'), Decimal('51.834464'))"
Ильинский храм,места паломничества,Московская область,Сергиев Посад,"(Decimal('38.135963'), Decimal('56.315311'))"
Камень &quot;Божий след&quot;,места паломничества,Ярославская область,Дуброво,Not found
Келья отца Николая Гурьянова,места паломничества,Псковская область,Остров-Залит,Not found
Место явления Богородицы в Омской области,места паломничества,Омская область,Тамбовка,Not found
Могила отца Николая Гурьянова (Залицкого),места паломничества,Псковская область,Остров-Залит,Not found
Грейвс «Три старца».,места паломничества,Нижегородская область,Владимир,"(Decimal('45.11749'), Decimal('56.820296'))"
Национальный парк «Алханай»,резервы,Забайкальский край,,"(Decimal('113.473103'), Decimal('50.732905'))"
Поклонный крест старцу Николаю Гурьянову,места паломничества,Псковская область,Остров-Залит,Not found
Прощение хорошо,места паломничества,Липецкая область,Стрелец,"(Decimal('38.217728'), Decimal('52.409814'))"
Весна Казанской Божией Матери.,места паломничества,Костромская область,,"(Decimal('40.96995'), Decimal('57.888253'))"
Свято-Троицкий собор в селе Менюша.,Православные церкви,Новгородская область,Менюша,Not found
Святой источник &quot;Вавилов Дол&quot;,места паломничества,Саратовская область,Ивантеевка,Not found
Святой источник «Батин ключ»,места паломничества,Костромская область,Носков,"(Decimal('45.603874'), Decimal('59.071255'))"
Святой источник «поток»,места паломничества,Костромская область,Шемятино,"(Decimal('40.667532'), Decimal('57.385674'))"
"Святой источник Макария Желтоводского, Унженский",места паломничества,Костромская область,Макарьев,Not found
Святой источник во имя Георгия Победоносца,места паломничества,Костромская область,Суршино,Not found
Святой ключ «Двенадцать ключей»,места паломничества,Костромская область,Юров,Not found
Святые источники село Тарасково,места паломничества,Свердловская область,Тарасково,Not found
Церковь Святого Николая в селе Илеши,места паломничества,Ленинградская область,,"(Decimal('29.608975'), Decimal('59.337013'))"
Часовня Казанской Божией Матери,места паломничества,Ленинградская область,,Not found
Адриано-Пошехонский монастырь.,монастыри,Ярославская область,Пошехонье,"(Decimal('39.12005'), Decimal('58.503749'))"
Алапаевский монастырь Новомучеников Русских.,монастыри,Свердловская область,нижняя Синячиха,"(Decimal('61.766021'), Decimal('57.947233'))"
Александр Куштская Успенская пустынь.,монастыри,Вологодская область,,"(Decimal('38.294183'), Decimal('59.982806'))"
Александро-Мариинский женский монастырь,монастыри,Московская область,,Not found
Александро-Невский Ибердский женский монастырь.,монастыри,Рязанская область,Кораблино,"(Decimal('40.230304'), Decimal('53.852865'))"
Александро-Невский Филейский монастырь Киров,монастыри,Кировская область,Киров,"(Decimal('49.668014'), Decimal('58.603591'))"
Александро-Невский женский монастырь в Маклакове.,монастыри,Московская область,Талдом,Not found
Алексеевская пустынь Переславский Феодоровский монастырь,монастыри,Ярославская область,Новоалексеевка,Not found
Алексеев Акатов монастырь,монастыри,Воронежская область,Воронеж,"(Decimal('41.377597'), Decimal('51.109561'))"
Алексеев Новодевичий монастырь,монастыри,Нижегородская область,Арзамас,"(Decimal('43.815687'), Decimal('55.386666'))"
Алексеевский монастырь,монастыри,Ярославская область,Углич,"(Decimal('38.319372'), Decimal('57.526592'))"
Алексиевский Акатов женский монастырь.,монастыри,Воронежская область,Воронеж,"(Decimal('41.377597'), Decimal('51.109561'))"
Амвросийско-Никольский Дудин монастырь.,монастыри,Нижегородская область,Тетерюгино,"(Decimal('43.394602'), Decimal('56.184956'))"
Ставропигиальный Андреевский монастырь,монастыри,Москва,,"(Decimal('37.582799'), Decimal('55.710524'))"
Свято-Антониевский Краснохолмский женский монастырь,монастыри,Тверская область,свобода,"(Decimal('37.078871'), Decimal('58.037827'))"
Монастырь Святого Антония,монастыри,Новгородская область,Новгород,"(Decimal('31.264417'), Decimal('58.517908'))"
Антонио Дымский монастырь,монастыри,Ленинградская область,красный броневик,"(Decimal('33.680912'), Decimal('59.574134'))"
Аркадьевский монастырь,монастыри,Смоленская область,Вязьма,"(Decimal('34.298037'), Decimal('55.205944'))"
Архангельский двор Соловецкого монастыря.,монастыри,Архангельская область,Архангельск,"(Decimal('40.689344'), Decimal('64.42561'))"
Атамановский Всехсвятский женский монастырь,монастыри,Забайкальский край,Чита,Not found
Ачаирский монастырь,монастыри,Омская область,Асаир,"(Decimal('73.82143'), Decimal('54.663156'))"
Белогорский Воскресенский монастырь.,монастыри,Воронежская область,Белогорье,Not found
Белогорский Свято-Никольский монастырь,монастыри,Пермь,Белая Гора,Not found
Благовещенский женский монастырь в Бежецке.,монастыри,Тверская область,Бежек,Not found
Благовещенский монастырь,монастыри,Липецкая область,гореть,"(Decimal('38.09341'), Decimal('52.053776'))"
Благовещенский монастырь,монастыри,Нижегородская область,Нижний Новгород,"(Decimal('43.394602'), Decimal('56.184956'))"
Богородице-Алексиевский монастырь,монастыри,Томская область,Томск,"(Decimal('84.947649'), Decimal('56.48464'))"
Рождественская Свято-Лукьянова мужская пустынь в с. Лукьянцева,монастыри,Владимирская область,,Not found
Рождественский Анастасов монастырь,монастыри,Тульская область,Анастасово,"(Decimal('36.719284'), Decimal('53.947945'))"
Рождественский женский епархиальный монастырь,монастыри,Тульская область,,Not found
Рождественский монастырь,монастыри,Москва,,"(Decimal('37.572261'), Decimal('55.711595'))"
Рождественский монастырь,монастыри,Владимирская область,Владимир,"(Decimal('40.398765'), Decimal('56.131455'))"
Богородице-Сергиева пустыня,монастыри,Республика Марий Эл,,"(Decimal('48.197858'), Decimal('56.485739'))"
Богородице-Сергиева пустыня в Республике Марий Эл.,монастыри,Республика Марий Эл,,"(Decimal('48.197858'), Decimal('56.485739'))"
Женский монастырь Девы Джитен,монастыри,Тверская область,Осташков,Not found
Богородицкий Тихоно-Тюнинский женский монастырь.,монастыри,Липецкая область,Тюнина,Not found
Богородично-Албазинский монастырь.,монастыри,Амурская область,Зейская,"(Decimal('127.265889'), Decimal('53.734033'))"
Богородично-Рождественская девичья пустыня.,монастыри,Калужская область,Барятино,"(Decimal('34.517325'), Decimal('54.310231'))"
Богоявленский Авраамиев монастырь,монастыри,Ярославская область,Ростов,"(Decimal('39.414526'), Decimal('57.185866'))"
Богоявленский Аланский женский монастырь.,монастыри,Республика Северная Осетия - Алания,Тамиск,Not found
Богоявленский женский монастырь,монастыри,Ярославская область,Углич,"(Decimal('38.319372'), Decimal('57.526592'))"
Богоявленский женский монастырь,монастыри,Ярославская область,Углич,"(Decimal('38.319372'), Decimal('57.526592'))"
Богоявленско-Анастасиин женский монастырь.,монастыри,Костромская область,Кострома,"(Decimal('40.926858'), Decimal('57.767961'))"
Борисоглебский Новоторжский монастырь.,монастыри,Тверская область,Торжок,"(Decimal('34.939093'), Decimal('57.050753'))"
Борисоглебский монастырь.,монастыри,Московская область,Дмитров,"(Decimal('37.520294'), Decimal('56.344052'))"
Буддийский монастырь «Шад ТЧУП Линг»,монастыри,Свердловская область,ууууу,Not found
Бывший Свято-Никольский Медведский монастырь,монастыри,Ленинградская область,,"(Decimal('33.430219'), Decimal('60.480253'))"
Иверский монастырь,монастыри,Новгородская область,,"(Decimal('33.130622'), Decimal('57.925489'))"
Варлаамо-Хутын Спасо-Преображенский монастырь,монастыри,Новгородская область,Хутыни,"(Decimal('31.392571'), Decimal('58.584199'))"
Васильевский монастырь в Суздале.,монастыри,Владимирская область,,"(Decimal('41.220445'), Decimal('55.273134'))"
Разрешение-Оятский женский монастырь,монастыри,Ленинградская область,Рассвет,"(Decimal('33.172511'), Decimal('60.456015'))"
Введенский женский монастырь,монастыри,Ленинградская область,Тихвин,"(Decimal('33.509091'), Decimal('59.656235'))"
Вербиловский монастырь,монастыри,Псковская область,Вербилово,"(Decimal('29.089299'), Decimal('56.457557'))"
Вознесенский Оршин женский монастырь.,монастыри,Тверская область,Орша,Not found
Вознесенский Свято-Печерский монастырь,монастыри,Нижегородская область,Нижний Новгород,"(Decimal('43.394602'), Decimal('56.184956'))"
Вознесенский монастырь,монастыри,Тамбовская область,Тамбов,"(Decimal('41.452274'), Decimal('52.721219'))"
Вознесенский монастырь,монастыри,Смоленская область,,"(Decimal('32.998543'), Decimal('54.956192'))"
Воскресенский Горицкий женский монастырь.,монастыри,Вологодская область,,Not found
Воскресенский Новоиерусалимский монастырь.,монастыри,Московская область,Истра,Not found
Воскресенский Новодевичий монастырь.,монастыри,Санкт-Петербург,Санкт-Петербург,"(Decimal('30.329909'), Decimal('59.930169'))"
Воскресенский женский монастырь в Торжке.,монастыри,Тверская область,Торжок,Not found
Воскресенский монастырь,монастыри,Ярославская область,Углич,"(Decimal('38.415411'), Decimal('57.09535'))"
Воскресенский монастырь,монастыри,Брянская область,Бережок,"(Decimal('34.821036'), Decimal('53.186237'))"
Высоко-Петровский монастырь,монастыри,Москва,,"(Decimal('37.572261'), Decimal('55.711595'))"
Вятский Спасо-Преображенский Новодевичий женский монастырь.,монастыри,Кировская область,Киров,"(Decimal('49.745916'), Decimal('58.641864'))"
Горно-Николаевский монастырь,монастыри,Брянская область,Брянск,"(Decimal('34.363407'), Decimal('53.243562'))"
Городецкий Феодоровский монастырь.,монастыри,Нижегородская область,Городец,"(Decimal('43.472351'), Decimal('56.644822'))"
Гусевский Ахтырский Богородицкий женский монастырь.,монастыри,Волгоградская область,,"(Decimal('44.151406'), Decimal('49.615821'))"
Дальний Давыдовский женский монастырь.,монастыри,Нижегородская область,Давыдово,"(Decimal('42.630836'), Decimal('55.694774'))"
Даниловский монастырь,монастыри,Москва,,"(Decimal('37.572261'), Decimal('55.711595'))"
Десятинный монастырь,монастыри,Новгородская область,Новгород,"(Decimal('31.264417'), Decimal('58.517908'))"
Димитриевский монастырь в Дорогобуже.,монастыри,Смоленская область,,Not found
Дмитровский монастырь в Кашине.,монастыри,Тверская область,Кашин,Not found
Донской Ставропигиальный монастырь,монастыри,Москва,,"(Decimal('37.572261'), Decimal('55.711595'))"
Дубовский Свято-Вознесенский женский монастырь,монастыри,Волгоградская область,Дубовка,"(Decimal('44.826957'), Decimal('49.055369'))"
Епархиальный монастырь в честь Святых Новомучеников и Исповедников Российских.,монастыри,Новосибирская область,Новосибирск,"(Decimal('82.92043'), Decimal('55.030199'))"
Женский Сретенский монастырь в селе Батурино.,монастыри,Республика Бурятия,Батурин,"(Decimal('107.857851'), Decimal('52.334372'))"
Женский монастырь в честь святой великомученицы великой княгини Елизаветы,монастыри,Калининградская область,Славск,"(Decimal('21.680067'), Decimal('55.043819'))"
Женский монастырь в честь Божией Матери «Нерушимая стена»,монастыри,Краснодарский край,Апшеронск,"(Decimal('39.736743'), Decimal('44.468346'))"
Женский монастырь в честь Пресвятой Богородицы «Спорительница хлебов».,монастыри,Свердловская область,Среднеуральск,"(Decimal('60.477136'), Decimal('56.991837'))"
Женский монастырь Святых Царских Страстей,монастыри,Костромская область,Домнино,Not found
Задонский Богородице-Рождественский женский монастырь.,монастыри,Липецкая область,,"(Decimal('38.923175'), Decimal('52.442581'))"
Задонский Богородице-Рождественский монастырь.,монастыри,Липецкая область,Задонск,"(Decimal('38.919456'), Decimal('52.391972'))"
Заиконоспасский монастырь,монастыри,Москва,,"(Decimal('37.572261'), Decimal('55.711595'))"
Зачатие монастыря,монастыри,Москва,,"(Decimal('37.572261'), Decimal('55.711595'))"
Зверинский монастырь,монастыри,Новгородская область,Новгород,"(Decimal('31.264417'), Decimal('58.517908'))"
Землянский Знаменский женский монастырь.,монастыри,Воронежская область,Стадница,Not found
Зилантский монастырь,монастыри,Республика Татарстан,Казань,"(Decimal('49.108795'), Decimal('55.796289'))"
Знаменский женский монастырь,монастыри,Алтайский край,Барнаул,"(Decimal('83.795946'), Decimal('53.328117'))"
Знаменский женский монастырь,монастыри,Костромская область,Кострома,"(Decimal('40.926858'), Decimal('57.767961'))"
Знаменский женский монастырь в Гороховце.,монастыри,Владимирская область,Гороховец,Not found
Знаменский женский монастырь в Осташкове.,монастыри,Тверская область,Осташков,Not found
Знаменский женский монастырь в Ельце.,монастыри,Липецкая область,Елец,Not found
Золотниковская Успенская пустынь.,монастыри,Ивановская область,Золотниковская пустыня,"(Decimal('40.613876'), Decimal('56.690322'))"
Иверско-Святоезерская пустыня.,монастыри,Ивановская область,Мугреевский,"(Decimal('42.349206'), Decimal('56.599573'))"
Иверский женский монастырь,монастыри,Нижегородская область,Выкса,"(Decimal('42.207209'), Decimal('55.324243'))"
Иверский монастырь,монастыри,Самарская область,Самара,"(Decimal('50.101783'), Decimal('53.195538'))"
Иверского-Софрониева пустыня.,монастыри,Нижегородская область,Ковач,"(Decimal('43.502508'), Decimal('55.518836'))"
Иоанно-Богословский Макаров мужской монастырь,монастыри,Республика Мордовия,Саранск,"(Decimal('45.298186'), Decimal('54.182843'))"
Иоанно-Богословский Сурский женский монастырь,монастыри,Архангельская область,Сура,"(Decimal('45.634354'), Decimal('63.574057'))"
Иоанно-Предтеченский женский монастырь,монастыри,Москва,,"(Decimal('37.572261'), Decimal('55.711595'))"
Ивановский женский монастырь в Вязьме.,монастыри,Смоленская область,Вязьма,"(Decimal('34.298037'), Decimal('55.205944'))"
Казанский Богородицкий монастырь.,монастыри,Тамбовская область,Тамбов,Not found
Казанский монастырь. Казанский собор,монастыри,Ярославская область,Ярославль,"(Decimal('39.886501'), Decimal('57.629643'))"
Казанский монастырь Вышний Волочек.,монастыри,Тверская область,Вышний Волочек,"(Decimal('34.5603'), Decimal('57.588829'))"
Каменно-Бродский Свято-Троицкий монастырь,монастыри,Волгоградская область,Широкий камень,Not found
Каршлыхский Александро-Невский монастырь.,монастыри,Чувашская Республика,,Not found
Кашпирский Симеоново-Благовещенский монастырь.,монастыри,Самарская область,,Not found
Кизилташский Свято-Стефано Сурожский монастырь,монастыри,Республика Крым,Краснокаменка,Not found
Кирилло-Афанасийский монастырь,монастыри,Ярославская область,,"(Decimal('39.105138'), Decimal('57.817361'))"
Кирилло-Белозерский монастырь и музей-заповедник,монастыри,Вологодская область,Кириллов,Not found
Княжья пустыня,монастыри,Костромская область,,"(Decimal('40.911506'), Decimal('58.102648'))"
Ковылянский Свято-Троицкий женский монастырь в селе Старый Хобель Республики Мордовия.,монастыри,Республика Мордовия,,"(Decimal('44.319669'), Decimal('54.205758'))"
Кодский Свято-Троицкий монастырь.,монастыри,Ханты-Мансийский автономный округ,Октябрь,Not found
Колокольня Казанского Богородицкого монастыря.,монастыри,Тамбовская область,Тамбов,Not found
Коневский Богородице-Рождественский монастырь.,монастыри,Ленинградская область,,"(Decimal('32.982454'), Decimal('60.504924'))"
Космо-Дамиановский монастырь,монастыри,Республика Крым,Алушта,"(Decimal('34.41012'), Decimal('44.676404'))"
Красносельский Иоанно-Предтеченский женский монастырь в городе Соликамске.,монастыри,Пермь,Соликамск,"(Decimal('56.771029'), Decimal('59.648333'))"
Кременный Свято-Вознесенский монастырь,монастыри,Волгоградская область,,Not found
Кременный Свято-Вознесенский монастырь,монастыри,Волгоградская область,,Not found
Крестовоздвиженский монастырь на острове Кий,монастыри,Архангельская область,,Not found
Крестовоздвиженский монастырь,монастыри,Брянская область,Севск,"(Decimal('34.495091'), Decimal('52.156089'))"
Крыпецкий Иоанно-Богословский монастырь.,монастыри,Псковская область,Крипецкое 1,"(Decimal('28.582093'), Decimal('57.960958'))"
Курский Свято-Троицкий женский монастырь,монастыри,Курская область,Курск,"(Decimal('36.282442'), Decimal('51.749429'))"
Кутузовская пустынь Серафимо-Дивеевского женского монастыря,монастыри,Нижегородская область,Кутузовка,Not found
Кылтовский Крестовоздвиженский женский монастырь.,монастыри,Республика Коми,,Not found
Леоновский монастырь,монастыри,Новгородская область,Леоново,"(Decimal('30.999845'), Decimal('58.025599'))"
Лихвинский Успенский монастырь в селе Гремячево.,монастыри,Калужская область,Гремячево,"(Decimal('36.254945'), Decimal('54.24233'))"
скетч Малиновского,монастыри,Нижегородская область,Филипповский (Кантауровский с/с),"(Decimal('44.113829'), Decimal('56.520196'))"
Малый Серафимо-Дивеевский женский монастырь.,монастыри,Удмуртская республика,Нория,"(Decimal('52.703736'), Decimal('56.670168'))"
Мальский монастырь,монастыри,Псковская область,маленький,"(Decimal('27.83606'), Decimal('57.737567'))"
Мещовский Георгиевский монастырь.,монастыри,Калужская область,Мещовск,"(Decimal('35.278081'), Decimal('54.321476'))"
Мирожский монастырь,монастыри,Псковская область,Псков,"(Decimal('28.333915'), Decimal('57.797035'))"
Архангельско-Михайловский монастырь,монастыри,Новосибирская область,шерсть,"(Decimal('82.130128'), Decimal('54.562393'))"
Архангельско-Михайловский монастырь в Юрьеве-Польском.,монастыри,Владимирская область,Юрьев-Польский,Not found
Михаило-Архангельский монастырь в селе Усть-Вымь.,монастыри,Республика Коми,Усть-Вымь,"(Decimal('50.39493'), Decimal('62.225349'))"
Архангельско-Михайловский монастырь,монастыри,Вологодская область,великий Устюг,"(Decimal('46.29784'), Decimal('60.761156'))"
Свято-Михайловский Покровский монастырь,монастыри,Рязанская область,Михайлов,"(Decimal('39.023508'), Decimal('54.232506'))"
Могилёвский Успенский монастырь,монастыри,Тверская область,Могилевка,"(Decimal('37.049837'), Decimal('56.770204'))"
Монастыри Рязанской области,монастыри,Рязанская область,,"(Decimal('40.950331'), Decimal('54.559725'))"
Монастырь &quot;Труд и молитва&quot; в Рамешковском районе Тверской области,монастыри,Тверская область,,Not found
Воскресенский монастырь,монастыри,Костромская область,Солигалич,"(Decimal('42.285973'), Decimal('59.077591'))"
Монастырь Царствующей Богородицы,монастыри,Калининградская область,Изобильное,Not found
Монастырь Святого Иоанна Предтечи,монастыри,Смоленская область,,Not found
Монастырь Оптина,монастыри,Калужская область,Козельск,"(Decimal('35.832916'), Decimal('54.054854'))"
Монастырь Святой Елизаветы,монастыри,Калининградская область,Лейкшир,"(Decimal('21.747881'), Decimal('55.005392'))"
Монастырь Спаса на Угре,монастыри,Калужская область,Калуга,"(Decimal('36.261215'), Decimal('54.513845'))"
Монастырь в Шамордино.,монастыри,Калужская область,Шамордино,"(Decimal('35.87997'), Decimal('54.156474'))"
Монастырь иконы Божией Матери «Всецарица».,монастыри,Краснодарский край,Краснодар,Not found
Мужской Казанский монастырь,монастыри,Пензенская область,Норовка,"(Decimal('43.641019'), Decimal('53.531092'))"
Монастырь во имя Казанской Божией Матери.,монастыри,Свердловская область,Нижний Тагил,Not found
Муромский Свято-Успенский монастырь.,монастыри,Республика Карелия,,Not found
Муромский Спасо-Преображенский монастырь.,монастыри,Владимирская область,Мур,"(Decimal('42.031418'), Decimal('55.569611'))"
Мценский Петропавловский монастырь в Орловской области.,монастыри,Орловская область,Менск,"(Decimal('36.565807'), Decimal('53.293528'))"
Никитский Каширский женский монастырь.,монастыри,Московская область,Кашира,"(Decimal('38.15154'), Decimal('54.834589'))"
Никитский монастырь,монастыри,Ярославская область,Переславль,"(Decimal('38.86836'), Decimal('56.75821'))"
Клобук Никольского женского монастыря в Кашине Тверской области.,монастыри,Тверская область,Кашин,"(Decimal('37.61344'), Decimal('57.358381'))"
Клобук Никольского монастыря в Кашине,монастыри,Тверская область,Кашин,Not found
Малицкий Никольский монастырь,монастыри,Тверская область,Никола-Бранч,Not found
Никольский монастырь,монастыри,Нижегородская область,Арзамас,"(Decimal('43.815687'), Decimal('55.386666'))"
Никольский монастырь Новосергиевского района Оренбургской области.,монастыри,Оренбургская область,,"(Decimal('55.457063'), Decimal('51.79139'))"
Николо - Улейменский монастырь,монастыри,Ярославская область,Углич,Not found
Свято-Николаевский монастырь в Бабаевском Некрасовском районе Ярославской области.,монастыри,Ярославская область,Некрасовское,"(Decimal('40.366705'), Decimal('57.67751'))"
Николо-Берлюковская мужская пустынь в Ногинском районе Московской области.,монастыри,Московская область,Лосино-Петровский,"(Decimal('38.200983'), Decimal('55.872183'))"
Николо-Волосовский епархиальный женский монастырь в селе Волосово.,монастыри,Владимирская область,Волосово,"(Decimal('40.16223'), Decimal('56.171653'))"
Свято-Николаевский Вяжищский монастырь,монастыри,Новгородская область,Вяжишти,"(Decimal('31.168055'), Decimal('58.625764'))"
Перервинский Николаевский монастырь в Москве.,монастыри,Москва,,Not found
Пешношский Николаевский монастырь в Московской области.,монастыри,Московская область,Луговой,"(Decimal('37.232761'), Decimal('56.457587'))"
Свято-Николаевский Радовицкий монастырь,монастыри,Московская область,Радовичи,"(Decimal('39.533616'), Decimal('55.098743'))"
Николао-Сольбинский женский монастырь в Переяславском районе Ярославской области (Николаевская Сольбинская женская пустынь),монастыри,Ярославская область,,Not found
Николая Столбенского Пустина Тверской области (Николай Столбенский Пустин),монастыри,Тверская область,Вышний Волочек,"(Decimal('35.181242'), Decimal('57.659604'))"
Николо-Теребенская пустыня.,монастыри,Тверская область,труженик,"(Decimal('35.66106'), Decimal('58.007503'))"
Свято-Николаевский Угрешский монастырь,монастыри,Московская область,Дзержинский,"(Decimal('37.849616'), Decimal('55.630939'))"
Николо-Угрешский ставропигиальный монастырь.,монастыри,Московская область,Дзержинский,Not found
Николо-Улейминский женский монастырь в Угличском районе Ярославской области.,монастыри,Ярославская область,Углич,"(Decimal('38.319372'), Decimal('57.526592'))"
Чернеевский Никольский монастырь в селе Старочернеевка Рязанской области.,монастыри,Рязанская область,,Not found
Шартомский Николаевский монастырь в селе Введенье Ивановской области.,монастыри,Ивановская область,Шуя,Not found
Верхотурский Никольский монастырь.,монастыри,Свердловская область,Верхотурье,"(Decimal('60.810213'), Decimal('58.862216'))"
Никольский монастырь Куженерский,монастыри,Республика Марий Эл,большой сабанер,"(Decimal('48.933659'), Decimal('56.828768'))"
Переславский Никольский женский монастырь в Ярославской области.,монастыри,Ярославская область,Переславль,"(Decimal('38.837592'), Decimal('56.730692'))"
Николо-Тихоновский Луговский монастырь в Ивановской области.,монастыри,Ивановская область,Тимирязево,"(Decimal('42.234024'), Decimal('57.04667'))"
Никольский монастырь,монастыри,Ленинградская область,,"(Decimal('34.06646'), Decimal('60.915487'))"
Никольский монастырь,монастыри,Ленинградская область,Старая Ладога,"(Decimal('32.292422'), Decimal('60.001131'))"
Пустыня Нило-Сора,монастыри,Вологодская область,Кириллов,"(Decimal('38.294183'), Decimal('59.982806'))"
Ниловская пустынь,монастыри,Республика Бурятия,Ниловка,"(Decimal('101.674198'), Decimal('51.694445'))"
Ниловская пустынь,монастыри,Тверская область,мансардные окна,"(Decimal('33.070076'), Decimal('57.237655'))"
Ново-Голутвин Троицкий женский монастырь,монастыри,Московская область,Коломна,Not found
Ново-Тихвинский женский монастырь,монастыри,Свердловская область,Екатеринбург,"(Decimal('60.597465'), Decimal('56.838011'))"
Новодевичий монастырь,монастыри,Москва,,"(Decimal('37.558535'), Decimal('55.728758'))"
Новоспасский монастырь,монастыри,Москва,,"(Decimal('37.653586'), Decimal('55.734075'))"
Носовский Спасо-Преображенский монастырь в с. Демьян бедный,монастыри,Тамбовская область,,Not found
Ольгин Волговерховый монастырь в Осташковском районе Тверской области.,монастыри,Тверская область,Волговерховье,Not found
Ольгин монастырь у истока Волги.,монастыри,Тверская область,Волговерховье,Not found
"Оранжевый, Богородичный монастырь",монастыри,Нижегородская область,пахота,"(Decimal('43.715579'), Decimal('55.895797'))"
остров Кий,архитектура,Архангельская область,Онега,"(Decimal('37.890193'), Decimal('63.99962'))"
Островоезерский Троицкий монастырь.,монастыри,Нижегородская область,Ворсма,"(Decimal('43.271955'), Decimal('55.98999'))"
Пантелеимонов монастырь Александро-Свирский монастырь в Лодейнопольском районе Ленинградской области (пустынь Феодоро-Александро-Свирский монастырь),монастыри,Ленинградская область,,Not found
Вознесенский Параскеви Пайгармский женский монастырь в Рузаевском районе Мордовии.,монастыри,Республика Мордовия,Рузаевка,"(Decimal('44.94911'), Decimal('54.058268'))"
Вознесенский женский монастырь Параскевы,монастыри,Республика Мордовия,Пайгарма,"(Decimal('44.838931'), Decimal('54.083016'))"
Пермский Богоявленский монастырь в Верхнем Курьере,монастыри,Пермь,Пермский,"(Decimal('56.229434'), Decimal('58.01045'))"
Ростовский Петровский монастырь в Ярославской области.,монастыри,Ярославская область,Ростов,"(Decimal('39.381504'), Decimal('57.17788'))"
Пещерный монастырь Игнатия,монастыри,Белгородская область,Валуйки,Not found
Подворье Введенского монастыря в Оптиной,монастыри,Санкт-Петербург,Санкт-Петербург,"(Decimal('30.315868'), Decimal('59.939095'))"
Комплекс Вознесенской пустыни Давида,монастыри,Московская область,Талеж,Not found
Покровский Александро-Невский женский монастырь.,монастыри,Новосибирская область,Колывань,Not found
Покровский Хотковский ставропигиальный женский монастырь.,монастыри,Московская область,Хотьково,"(Decimal('37.987732'), Decimal('56.251137'))"
Покровский монастырь в Корсакове.,монастыри,Сахалинская область,Корсаков,Not found
"Покровский Василевский монастырь,",монастыри,Московская область,Павловский Посад,"(Decimal('38.651318'), Decimal('55.779393'))"
Покровское подворье Соловецкого монастыря,монастыри,Архангельская область,Ижма,Not found
Посольский Спасо-Преображенский монастырь.,монастыри,Республика Бурятия,,"(Decimal('106.153881'), Decimal('51.948235'))"
Спасо-Преображенский монастырь,монастыри,Свердловская область,Каменск-Уральский,"(Decimal('61.918708'), Decimal('56.414927'))"
Раздольненский Казанский монастырь.,монастыри,Приморский край,,"(Decimal('131.529015'), Decimal('43.506277'))"
Раифский монастырь,монастыри,Республика Татарстан,место Раифа,Not found
Раненбургская Павел пустынь,монастыри,Липецкая область,Рошинский,"(Decimal('40.002195'), Decimal('53.262735'))"
Рдейский монастырь,монастыри,Новгородская область,,"(Decimal('31.270831'), Decimal('58.479475'))"
Ригодищенский Рождественский женский монастырь,монастыри,Тверская область,Ригодишти,"(Decimal('34.21232'), Decimal('57.989947'))"
Ризоположенский женский монастырь,монастыри,Владимирская область,Суздаль,"(Decimal('40.449457'), Decimal('56.419836'))"
Богородице-Рождественский женский монастырь,монастыри,Ярославская область,Ростов,Not found
Богородице-Рождественский Бобреневский монастырь.,монастыри,Московская область,Коломна,Not found
Богородице-Рождественский монастырь Санаксар.,монастыри,Республика Мордовия,Ихула,Not found
Рильский Свято-Никольский монастырь,монастыри,Курская область,пригородная Слободка,"(Decimal('34.687744'), Decimal('51.585278'))"
Савватева пустыня в Тверской области.,монастыри,Тверская область,Савватево,"(Decimal('36.104908'), Decimal('56.837135'))"
Саввино-Сторожевский монастырь.,монастыри,Московская область,Звенигород,"(Decimal('36.855325'), Decimal('55.729686'))"
Свенский Свято-Успенский монастырь,монастыри,Брянская область,Супонево,Not found
Свияжский Свято-Успенский монастырь,монастыри,Республика Татарстан,Свияжск,Not found
Свято-Александровский монастырь в Суздале.,монастыри,Владимирская область,Суздаль,Not found
Андреевский монастырь,монастыри,Оренбургская область,,Not found
Свято-Артемьево-Веркольский монастырь,монастыри,Архангельская область,Веркола,Not found
Свято-Благовещенская Никандрова пустынь.,монастыри,Псковская область,Любовец,"(Decimal('29.259324'), Decimal('57.851855'))"
Свято-Благовещенский Киржачский женский монастырь.,монастыри,Владимирская область,Киржач,"(Decimal('38.872052'), Decimal('56.161709'))"
Свято-Благовещенский Киржачский женский монастырь в Киржаче.,монастыри,Владимирская область,,"(Decimal('40.898894'), Decimal('55.904195'))"
Свято-Благовещенский женский монастырь Вязники.,монастыри,Владимирская область,Вязники,Not found
Свято-Благовещенский монастырь в Муроме.,монастыри,Владимирская область,,Not found
Свято-Боголюбский женский монастырь в пос.Боголюбово.,монастыри,Владимирская область,,Not found
Свято-Богородицкий Щегловский монастырь в Туле.,монастыри,Тульская область,Тула,"(Decimal('37.617348'), Decimal('54.193122'))"
Свято-Богоявленский монастырь в п.Мстора,монастыри,Владимирская область,Мстера,"(Decimal('41.926198'), Decimal('56.375334'))"
Введенский Макарий Жабынская пустынь.,монастыри,Тульская область,Джабин,Not found
Никоно-Введенский монастырь в Юрьеве-Польском.,монастыри,Владимирская область,Юрьев-Польский,"(Decimal('39.680814'), Decimal('56.49925'))"
Введенский Толгский женский монастырь.,монастыри,Ярославская область,Ярославль,Not found
Введенский женский монастырь,монастыри,Псковская область,Владимирец,"(Decimal('29.166896'), Decimal('57.37991'))"
Введенский женский монастырь на острове Н. Введенский,монастыри,Владимирская область,Введенский,Not found
Свято-Воскресенские мужчины Ермолинской пустыни,монастыри,Ивановская область,Ермолино,Not found
Свято-Воскресенский женский монастырь в Муроме.,монастыри,Владимирская область,Мур,Not found
Свято-Воскресенский монастырь,монастыри,Самарская область,,Not found
Свято-Георгиевский монастырь,монастыри,Ставропольский край,,Not found
Свято-Георгиевский монастырь,монастыри,Севастополь,,"(Decimal('33.525369'), Decimal('44.616604'))"
Свято-Дмитрий Троекуровский Иларионовский епархиальный женский монастырь,монастыри,Липецкая область,Троекурово,"(Decimal('38.975726'), Decimal('52.975219'))"
Свято-Духовский Яково-Боровичский женский монастырь.,монастыри,Новгородская область,Боровичи,"(Decimal('33.914025'), Decimal('58.388219'))"
Новосильский Свято-Духов монастырь в Орле.,монастыри,Орловская область,,Not found
Свято-Духовский Скопинский монастырь.,монастыри,Рязанская область,Скопин,"(Decimal('39.67599'), Decimal('53.924145'))"
Свято-Духов монастырь в Великом Новгороде.,монастыри,Новгородская область,Новгород,"(Decimal('31.269915'), Decimal('58.52281'))"
Свято-Духов монастырь,монастыри,Новгородская область,Боровичи,"(Decimal('33.914025'), Decimal('58.388219'))"
Свято-Духов монастырь,монастыри,Волгоградская область,,Not found
Святой Дух Алатырские пустыни,монастыри,Чувашская Республика,Алатырь,"(Decimal('46.564649'), Decimal('54.829564'))"
Свято-Екатерининский Тверской монастырь.,монастыри,Тверская область,Тверь,"(Decimal('35.907009'), Decimal('56.855073'))"
Свято-Иоанно-Богословский монастырь,монастыри,Рязанская область,Поштупово,"(Decimal('39.71981'), Decimal('54.820773'))"
Монастырь Святого Иоанна,монастыри,Санкт-Петербург,Санкт-Петербург,"(Decimal('30.315868'), Decimal('59.939095'))"
Санкт-Казанская Трифонова женская пустынь,монастыри,Пермь,Верхнечусовские города,Not found
Свято-Казанский Чимеевский монастырь.,монастыри,Курганская область,Чимеево,Not found
Свято-Казанский женский монастырь в Папоротке,монастыри,Тульская область,,"(Decimal('38.008959'), Decimal('54.348973'))"
Климентовский монастырь,монастыри,Севастополь,,Not found
Святые мужи Косминской пустыни,монастыри,Свердловская область,Костылева,"(Decimal('61.246579'), Decimal('58.795108'))"
Свято-Лаврентьевский монастырь в Калуге.,монастыри,Калужская область,Калуга,"(Decimal('36.167539'), Decimal('54.53284'))"
Свято-Михайловский Афонский монастырь,монастыри,Республика Адыгея,победа,Not found
Свято-Михайловский женский монастырь в Ульяновской области.,монастыри,Ульяновская область,Ульяновск,"(Decimal('47.873907'), Decimal('53.549671'))"
Свято-Николаевский Чернеевский монастырь,монастыри,Рязанская область,Старочернеево,"(Decimal('41.852734'), Decimal('53.856928'))"
Свято-Никольский Волосовский женский монастырь в г. Волосово,монастыри,Владимирская область,Михлино,Not found
Свято-Николаевский Мамонтовский женский монастырь,монастыри,Тамбовская область,Мамонт,Not found
Свято-Николаевский Черноостровский монастырь,монастыри,Калужская область,Дубна,"(Decimal('36.462555'), Decimal('55.011897'))"
Свято-Никольский епархиальный женский монастырь,монастыри,Калининградская область,Калининград,Not found
Свято-Николаевский женский епархиальный монастырь,монастыри,Тульская область,,Not found
Свято-Никольский монастырь,монастыри,Омская область,Большекулаче,"(Decimal('73.251665'), Decimal('55.212067'))"
Свято-Ольгинский женский монастырь,монастыри,Республика Мордовия,Инсарский,"(Decimal('44.372248'), Decimal('53.866508'))"
Свято-Пантелеймоновский монастырь,монастыри,Камчатский край,Петропавловск-Камчатский,"(Decimal('158.643566'), Decimal('53.024075'))"
Свято-Пантелеймоновский монастырь,монастыри,Кемеровская область,Безруково,"(Decimal('87.558512'), Decimal('53.778165'))"
Свято-Пафнутиев Боровский монастырь,монастыри,Калужская область,Боровский,"(Decimal('36.483584'), Decimal('55.207634'))"
Свято-Петропавловский монастырь,монастыри,Хабаровский край,фу,"(Decimal('135.523671'), Decimal('48.681674'))"
Свято-Покровский Авраамиево-Городецкий монастырь.,монастыри,Костромская область,Ножкин,Not found
Свято-Покровский Шиханский женский общежительный монастырь.,монастыри,Пензенская область,,Not found
Свято-Покровский женский монастырь,монастыри,Свердловская область,Камышов,"(Decimal('62.712288'), Decimal('56.846578'))"
Свято-Покровский женский монастырь,монастыри,Свердловская область,Верхотурье,"(Decimal('60.810213'), Decimal('58.862216'))"
Свято-Покровский женский монастырь в Суздале.,монастыри,Владимирская область,Суздаль,Not found
Свято-Покровский женский ставропигиальный женский монастырь,монастыри,Москва,,Not found
Предтеченский Свято-Иаково-Железноборовский монастырь,монастыри,Костромская область,Барак,Not found
Серафим Саровский монастырь,монастыри,Воронежская область,Новомакарово,"(Decimal('41.233498'), Decimal('51.457797'))"
Свято-Серафимовский женский монастырь,монастыри,Омская область,,"(Decimal('73.82143'), Decimal('54.663156'))"
Серафим Саровский монастырь,монастыри,Приморский край,Русский остров,"(Decimal('131.848429'), Decimal('43.005717'))"
Свято-Смоленская Зосимова мужская пустынь (станция Арсаки),монастыри,Владимирская область,,Not found
Свято-Сретенский женский монастырь в Гороховце.,монастыри,Владимирская область,Гороховец,Not found
Свято-Тихонова пустынь,монастыри,Калужская область,Лев Толстой,"(Decimal('36.080223'), Decimal('54.704248'))"
Свято-Тихоново-Преображенский женский монастырь,монастыри,Липецкая область,Задонск,Not found
Свято-Тихоновский монастырь в Торопце,монастыри,Тверская область,Торжок,"(Decimal('31.643704'), Decimal('56.483457'))"
Свято-Троице-Никольский монастырь в Гороховце.,монастыри,Владимирская область,Гороховец,Not found
Свято-Троицкая Александро-Невская Лавра.,монастыри,Санкт-Петербург,Санкт-Петербург,"(Decimal('30.315868'), Decimal('59.939095'))"
Свято-Троицкая Сергиева пустыня у моря,монастыри,Санкт-Петербург,Стрельна,Not found
Свято-Троицкая Сергиева Лавра,монастыри,Московская область,Сергиев Посад,"(Decimal('38.128866'), Decimal('56.309609'))"
Свято-Троицкий Александро-Свирский монастырь.,монастыри,Ленинградская область,Старая Слобода,Not found
Свято-Троицкий Александро-Невский ставропигиальный женский монастырь в с. Акатово Московской области.,монастыри,Московская область,Высоковск,Not found
Свято-Троицкий Всецарицынский монастырь.,монастыри,Свердловская область,Тарасково,Not found
Свято-Троицкий Зеленецкий монастырь.,монастыри,Ленинградская область,Зеленец,Not found
Свято-Троицкий Ипатьевский монастырь.,монастыри,Костромская область,Кострома,Not found
Свято-Троицкий Макарьево-Унженский женский монастырь.,монастыри,Костромская область,Макарьев,Not found
Свято-Троицкий Макарьевский Желтоводский монастырь.,монастыри,Нижегородская область,Макарьево,Not found
Свято-Троицкий Михаило-Клопский монастырь,монастыри,Новгородская область,Селко,"(Decimal('31.118432'), Decimal('58.385591'))"
Свято-Троицкий Никандровский женский монастырь.,монастыри,Новгородская область,Никандров,Not found
Свято-Троицкий Никольский монастырь,монастыри,Приморский край,горные ключи,Not found
Свято-Троицкий Свято-Павловский монастырь Обнорск,монастыри,Вологодская область,молодой,"(Decimal('40.339072'), Decimal('58.760685'))"
Свято-Троицкий епархиальный Селенгинский монастырь,монастыри,Республика Бурятия,пудра,Not found
Свято-Троицкий Серафимо-Дивеевский монастырь.,монастыри,Нижегородская область,Дивеево,"(Decimal('43.246883'), Decimal('55.036742'))"
Свято-Троицкий Стефано-Махрищский ставропигиальный женский монастырь в с. Махра,монастыри,Владимирская область,,Not found
Стефанов Свято-Троицкий монастырь в Перми.,монастыри,Пермь,Пермский,"(Decimal('56.229434'), Decimal('58.01045'))"
Свято-Троицкий Холковский монастырь,монастыри,Белгородская область,Холки,Not found
Свято-Троицкий женский монастырь,монастыри,Смоленская область,Смоленск,"(Decimal('32.045251'), Decimal('54.782635'))"
Свято-Троицкий женский монастырь,монастыри,Республика Крым,Симферополь,"(Decimal('34.100318'), Decimal('44.948237'))"
Свято-Троицкий женский монастырь в Муроме.,монастыри,Владимирская область,Мур,Not found
Свято-Троицкий монастырь,монастыри,Чувашская Республика,Чебоксары,"(Decimal('47.251079'), Decimal('56.146277'))"
Свято-Троицкий монастырь,монастыри,Чувашская Республика,Алатырь,"(Decimal('46.59194'), Decimal('54.840521'))"
Свято-Троицкий монастырь,монастыри,Тюменская область,Тюмень,"(Decimal('65.534328'), Decimal('57.153033'))"
Свято-Троицкий монастырь,монастыри,Рязанская область,Рязань,"(Decimal('39.736375'), Decimal('54.629216'))"
Свято-Троицкий монастырь,монастыри,Тамбовская область,Мичуринск,"(Decimal('40.498011'), Decimal('52.893913'))"
Свято-Успенская Тетеринская женская пустынь.,монастыри,Костромская область,Тетеринское,Not found
Свято-Успенская Флорищева пустынь,монастыри,Нижегородская область,Фрелих,"(Decimal('42.652737'), Decimal('56.423127'))"
Свято-Успенский Вышенский женский монастырь.,монастыри,Рязанская область,Витцлаус,Not found
Свято-Успенский Дивногорский монастырь.,монастыри,Воронежская область,Дивногорье,Not found
Свято-Успенский Княгинин женский монастырь во Владимире.,монастыри,Владимирская область,Владимир,Not found
Свято-Успенский Космо-Яхромский монастырь в с.Небылое,монастыри,Владимирская область,,Not found
Свято-Успенский Паисиево-Галичский женский монастырь.,монастыри,Костромская область,Галич,Not found
Свято-Успенский Псково-Печерский монастырь.,монастыри,Псковская область,Печора,"(Decimal('27.609064'), Decimal('57.813934'))"
Свято-Успенский Трифонов мужской скит.,монастыри,Пермь,Успенка,Not found
Свято-Успенский женский монастырь в Александрове.,монастыри,Владимирская область,Александров,Not found
Свято-Успенский монастырь в Липецке (Паройская пустынь),монастыри,Липецкая область,Липецк,Not found
Свято-Успенский епархиальный монастырь,монастыри,Тульская область,,Not found
Юрьев монастырь,монастыри,Новгородская область,Юрьево,"(Decimal('31.270831'), Decimal('58.479475'))"
Свято-Покровский женский монастырь,монастыри,Свердловская область,Верхотурье,"(Decimal('60.810213'), Decimal('58.862216'))"
Святогорский Свято-Успенский монастырь.,монастыри,Псковская область,Пушкинские горы,"(Decimal('28.916437'), Decimal('57.021427'))"
Седьмиозерная мужская десерты,монастыри,Республика Татарстан,Казань,"(Decimal('49.108795'), Decimal('55.796289'))"
Сезеновский Иоанно-Казанский женский монастырь.,монастыри,Липецкая область,Сезеново,Not found
Семигородная Успенская пустынь,монастыри,Вологодская область,Харовск,"(Decimal('40.168231'), Decimal('59.811555'))"
Серафимо-Понетаевский монастырь.,монастыри,Нижегородская область,Понетаевка,"(Decimal('43.885181'), Decimal('55.117849'))"
Серпухов Высоцкий монастырь.,монастыри,Московская область,Серпухов,"(Decimal('37.42235'), Decimal('54.903101'))"
Симонов монастырь,монастыри,Москва,,"(Decimal('37.572261'), Decimal('55.711595'))"
Сканы Пещерный Монастырь,монастыри,Пензенская область,,Not found
Стрит Трифона Вятского в Пермском крае (Пискорский Спасо-Преображенский монастырь),монастыри,Пермь,Пыскор,"(Decimal('56.587736'), Decimal('59.482232'))"
Скит Божией Матери «Неупиваемая чаша».,монастыри,Ленинградская область,Пирозеро,"(Decimal('33.951063'), Decimal('60.228916'))"
Кого Скорбящий монастырь,монастыри,Свердловская область,Нижний Тагил,"(Decimal('59.972211'), Decimal('57.907605'))"
Кто в Скорбященском монастыре. прыгать,монастыри,Владимирская область,,Not found
Снетогорский монастырь,монастыри,Псковская область,Псков,"(Decimal('28.491965'), Decimal('57.990462'))"
Соликамский Свято-Троицкий монастырь.,монастыри,Пермь,Соликамск,"(Decimal('56.771029'), Decimal('59.648333'))"
Соликамский Троицкий монастырь в Пермском крае. (Соликамский Вознесенский монастырь),монастыри,Пермь,Соликамск,"(Decimal('56.771029'), Decimal('59.648333'))"
Солотчинский женский монастырь Рождества Пресвятой Богородицы.,монастыри,Рязанская область,,"(Decimal('40.950331'), Decimal('54.559725'))"
Солотчинский монастырь,монастыри,Рязанская область,Рязань,"(Decimal('39.826323'), Decimal('54.770983'))"
Софийский женский монастырь в Рыбинске Ярославской области.,монастыри,Ярославская область,Рыбинск,"(Decimal('38.828385'), Decimal('58.026691'))"
Клык пустынной деревни Верникл,монастыри,Калужская область,Клыково,"(Decimal('35.806605'), Decimal('54.14616'))"
Спасо-Андроников монастырь,монастыри,Москва,,"(Decimal('37.572261'), Decimal('55.711595'))"
Свято-Богородицкий Одигитриевский монастырь,монастыри,Смоленская область,,Not found
Спасо-Бородинский женский монастырь.,монастыри,Московская область,Утица,"(Decimal('35.831488'), Decimal('55.486826'))"
Спасо-Вифания монастырь,монастыри,Московская область,Сергиев Посад,"(Decimal('38.135963'), Decimal('56.315311'))"
Спасо-Влахернский монастырь,монастыри,Московская область,,Not found
Свято-Вознесенский женский монастырь,монастыри,Смоленская область,Смоленск,"(Decimal('32.045251'), Decimal('54.782635'))"
Спасо-Геннадиев Любимский монастырь в селе Слобода Ярославской области.,монастыри,Ярославская область,бронировать,Not found
Спасо-Елизаровский женский монастырь.,монастыри,Псковская область,Елизарово,"(Decimal('28.193823'), Decimal('58.049917'))"
Спасо-Казанский Симанский женский монастырь в городе Остров Псковской области.,монастыри,Псковская область,Остров,"(Decimal('28.36762'), Decimal('57.338669'))"
Каменный монастырь,монастыри,Вологодская область,рот,"(Decimal('46.344301'), Decimal('60.124097'))"
Спасский монастырь в селе Кукотский Сербилово Ивановской области.,монастыри,Ивановская область,Гаврилов Посад,"(Decimal('40.07928'), Decimal('56.523632'))"
Спасо-Преображенский Авраамиев монастырь.,монастыри,Смоленская область,Смоленск,Not found
Спасо-Преображенский монастырь Арсеньевский,монастыри,Тульская область,Белев,"(Decimal('36.130097'), Decimal('53.809934'))"
Спасо-Преображенский Валаамский монастырь.,монастыри,Республика Карелия,Валаам,"(Decimal('30.946845'), Decimal('61.389943'))"
Спасо-Преображенский Валаамский монастырь.,монастыри,Республика Карелия,Леппяселькя,Not found
Спасо-Преображенский монастырь Геннадьева.,монастыри,Ярославская область,,Not found
Казанский Спасо-Преображенский монастырь,монастыри,Республика Татарстан,Казань,"(Decimal('49.155067'), Decimal('55.784789'))"
Спасо-Преображенский Макарьево-Писемский женский монастырь.,монастыри,Костромская область,,Not found
Спасо-Преображенский Соловецкий монастырь.,монастыри,Архангельская область,Соловецкий,"(Decimal('35.709128'), Decimal('65.026802'))"
Спасо-Преображенский Толшевский женский монастырь.,монастыри,Воронежская область,,Not found
Спасо-Преображенский женский монастырь.,монастыри,Чувашская Республика,Чебоксары,"(Decimal('47.251079'), Decimal('56.146277'))"
Спасо-Преображенский монастырь,монастыри,Нижегородская область,Арзамас,"(Decimal('43.815687'), Decimal('55.386666'))"
Спасо-Преображенский монастырь,монастыри,Смоленская область,,"(Decimal('32.998543'), Decimal('54.956192'))"
Спасо-Преображенский монастырь,монастыри,Ярославская область,Ярославль,"(Decimal('39.893804'), Decimal('57.626559'))"
Спасо-Преображенский монастырь в Рославле.,монастыри,Смоленская область,Смоленск,"(Decimal('32.301522'), Decimal('53.864071'))"
Спасо-Преображенский монастырь в Старой Руссе.,монастыри,Новгородская область,Старая Русса,"(Decimal('31.355452'), Decimal('57.990715'))"
Спасо-Прилуцкий Димитриев монастырь.,монастыри,Вологодская область,Вологда,"(Decimal('46.344301'), Decimal('60.124097'))"
Спасо-Суморинский монастырь.,монастыри,Вологодская область,Тотьма,"(Decimal('46.344301'), Decimal('60.124097'))"
Спасский Пальцевский женский монастырь Рамешковского района Тверской области.,монастыри,Тверская область,,Not found
Спасский монастырь,монастыри,Республика Саха (Якутия),Якутск,"(Decimal('129.732178'), Decimal('62.027216'))"
"Среднеуральский женский монастырь в честь Пресвятой Богородицы ""Спорительница хлебов""",монастыри,Свердловская область,Среднеуральск,"(Decimal('60.477136'), Decimal('56.991837'))"
Сретенский монастырь,монастыри,Москва,,"(Decimal('37.634703'), Decimal('55.766147'))"
Сретенский монастырь в Кашине.,монастыри,Тверская область,Кашин,Not found
Старицкий Свято-Успенский монастырь,монастыри,Тверская область,старуха,"(Decimal('34.933586'), Decimal('56.514927'))"
Старо-Голутвин Богоявленский монастырь в Коломне.,монастыри,Московская область,Коломна,"(Decimal('38.752917'), Decimal('55.103152'))"
Староладожский Свято-Успенский женский монастырь,монастыри,Ленинградская область,,"(Decimal('31.608301'), Decimal('60.103903'))"
Староладожский Свято-Успенский женский монастырь,монастыри,Ленинградская область,Старая Ладога,Not found
Сухотинский Знаменский женский монастырь.,монастыри,Тамбовская область,,"(Decimal('41.576672'), Decimal('52.490681'))"
Сызранский Вознесенский монастырь в Самарской области.,монастыри,Самарская область,Сызрань,"(Decimal('48.458962'), Decimal('53.134453'))"
Тантрический монастырь Лордов Зонкавы в Городовиковске,монастыри,Республика Калмыкия,Городовиковск,"(Decimal('41.936052'), Decimal('46.083105'))"
Творожковский монастырь,монастыри,Псковская область,Творожково,"(Decimal('28.668996'), Decimal('58.358544'))"
Тихвинский Богородицкий женский монастырь.,монастыри,Тамбовская область,полный профиль,"(Decimal('42.728663'), Decimal('52.650646'))"
Тихвинский Богородицкий женский монастырь.,монастыри,Чувашская Республика,сенсационный,Not found
Марианно-Тихвинский Успенский монастырь,монастыри,Ленинградская область,Тихвин,"(Decimal('33.542096'), Decimal('59.644209'))"
Бузулукский Тихвинский женский монастырь (старый) в Оренбургской области.,монастыри,Оренбургская область,Бузулук,"(Decimal('52.270676'), Decimal('52.768555'))"
Толгский женский монастырь в Ярославле.,монастыри,Ярославская область,Ярославль,Not found
Толшевский Спасо-Преображенский женский монастырь.,монастыри,Воронежская область,Воронеж,"(Decimal('39.426779'), Decimal('50.968912'))"
Толшевский Спасо-Преображенский женский монастырь в Воронежской области.,монастыри,Воронежская область,верхняя Хава,Not found
Топловский Свято-Троицкий Параскевиевский женский монастырь.,монастыри,Республика Крым,Обучение,Not found
Трифонов Печенгский монастырь в селе Луостари Мурманской области.,монастыри,Мурманская область,Луостари Нижний,Not found
Троекуров Димитриев Илларионовский женский монастырь в Лебедянском районе Липецкой области.,монастыри,Липецкая область,Троекурово второе,"(Decimal('38.963473'), Decimal('52.98237'))"
Троице-Георгиевский женский монастырь,монастыри,Краснодарский край,Сочи,"(Decimal('40.009975'), Decimal('43.591904'))"
Троицкий монастырь-Гледенгский,монастыри,Вологодская область,Морозовица,"(Decimal('46.296304'), Decimal('60.711011'))"
Троице-Одигитриевская Зосимова женская пустынь в Наро-Фоминском районе Московской области.,монастыри,Московская область,Верея,"(Decimal('36.185694'), Decimal('55.343369'))"
Свято-Троицкий Варницкий монастырь,монастыри,Ярославская область,Варницы,Not found
Свято-Троицкий Варницкий монастырь в Ростове Ярославской области.,монастыри,Ярославская область,Ростов,Not found
Троице-Синозерская пустыня.,монастыри,Вологодская область,Эрмитаж,"(Decimal('35.572908'), Decimal('59.141021'))"
Троицкий Стефано Ульновский монастырь.,монастыри,Республика Коми,Ульяново,Not found
Троицкое катание в Погомиево-Нерехцком монастыре,монастыри,Костромская область,тригон,Not found
Троицкий Александро-Невский женский монастырь в Акатове.,монастыри,Московская область,Высоковск,"(Decimal('36.551236'), Decimal('56.320243'))"
Троицкий Белбажский женский монастырь.,монастыри,Нижегородская область,Белбаж,Not found
Белопесоцкий Троицкий женский монастырь в Ступино.,монастыри,Московская область,Ступино,"(Decimal('38.078228'), Decimal('54.886274'))"
Троице-Болдинский Герасимовский монастырь.,монастыри,Смоленская область,Болдино,Not found
Троицкий Данилов монастырь в Переславле-Залесском Ярославской области.,монастыри,Ярославская область,Переславль,Not found
Елецкий Троицкий монастырь в Липецкой области.,монастыри,Липецкая область,Елец,"(Decimal('38.525616'), Decimal('52.606141'))"
Троицкий монастырь в селе Ромашкино Кимрского района Тверской области.,монастыри,Тверская область,Кимры,Not found
Троицкий Лаишевский женский монастырь,монастыри,Республика Татарстан,Лаишево,"(Decimal('49.061103'), Decimal('55.589783'))"
Лебедянский Троицкий женский монастырь в Липецкой области.,монастыри,Липецкая область,Лебедянь,"(Decimal('39.13135'), Decimal('53.020489'))"
Линтульский Свято-Троицкий женский монастырь в городе Огни Выборгского района Ленинградской области.,монастыри,Ленинградская область,Зеленогорск,Not found
Троицкий Мариинский женский монастырь в Егорьевске.,монастыри,Московская область,Егорьевск,"(Decimal('39.035833'), Decimal('55.38305'))"
Троицкий Небинский монастырь в Тверской области Торопец.,монастыри,Тверская область,Торжок,"(Decimal('31.643686'), Decimal('56.495171'))"
Троицкий Никольский монастырь,монастыри,Приморский край,горные ключи,Not found
Троицкий женский монастырь Оптина.,монастыри,Орловская область,Болхов,Not found
Рязанский Троицкий монастырь.,монастыри,Рязанская область,рыба,"(Decimal('39.723313'), Decimal('54.62932'))"
Троицкий монастырь в Севске Брянской области.,монастыри,Брянская область,Севск,"(Decimal('34.495091'), Decimal('52.156089'))"
Селижаровский Троицкий монастырь в Тверской области.,монастыри,Тверская область,,Not found
Сканы Троицкого женского монастыря в Пензенской области.,монастыри,Пензенская область,Сканово,Not found
Хвалынский Троицкий монастырь,монастыри,Саратовская область,Хвалынск,"(Decimal('48.105772'), Decimal('52.495501'))"
Троицкий монастырь в Лебедяни.,монастыри,Липецкая область,Лебедянь,Not found
Тулиновский Софийско-Успенский женский монастырь.,монастыри,Тамбовская область,,Not found
Туринский Свято-Николаевский монастырь,монастыри,Свердловская область,Туристику,"(Decimal('63.698144'), Decimal('58.039442'))"
Тындинский Покровский монастырь,монастыри,Амурская область,Усть-Цильма,"(Decimal('125.586714'), Decimal('54.404494'))"
Ульяновский Троице-Стефановский монастырь в селе Ульяново.,монастыри,Республика Коми,Ульяново,"(Decimal('53.557216'), Decimal('61.823368'))"
Валуйский Успенский монастырь в Белгородской области.,монастыри,Белгородская область,Валуйки,"(Decimal('38.080402'), Decimal('50.227039'))"
Успенский Второафонский монастырь Бештаугорский.,монастыри,Ставропольский край,Железноводск,Not found
Успенский Вышенский женский монастырь.,монастыри,Рязанская область,Витцлаус,Not found
Успенский Горный Вологодский женский монастырь в Вологде.,монастыри,Вологодская область,Вологда,"(Decimal('39.891523'), Decimal('59.220496'))"
Желтиков Успенский монастырь в Твери.,монастыри,Тверская область,Тверь,"(Decimal('37.067857'), Decimal('55.723055'))"
Успенский монастырь в Климовске Каменского района Брянской области.,монастыри,Брянская область,Абрам,"(Decimal('32.305987'), Decimal('52.136901'))"
Липецкий Успенский монастырь (Паройская пустынь),монастыри,Липецкая область,Липецк,"(Decimal('39.524561'), Decimal('52.698037'))"
Нижнеломовский Успенский женский монастырь в Пензенской области.,монастыри,Пензенская область,Нижний Ломов,"(Decimal('43.67299'), Decimal('53.530043'))"
Ольго-Успенский женский монастырь в Рязанской области (Льговский монастырь),монастыри,Рязанская область,Льгов,Not found
Успенский Орловский монастырь (Орловский архиерейский дом),монастыри,Орловская область,Орел,"(Decimal('35.355435'), Decimal('52.469011'))"
Отроч-Успенский монастырь в Твери.,монастыри,Тверская область,Тверь,"(Decimal('35.911995'), Decimal('56.859847'))"
Успенский Георгиевский монастырь «Святые Кусты»,монастыри,Республика Башкортостан,Уса Степановка,Not found
Черемшанский Успенский монастырь,монастыри,Саратовская область,Хвалынск,"(Decimal('48.054711'), Decimal('52.452417'))"
Успенский женский монастырь в Спирово.,монастыри,Тверская область,Спиров,Not found
Успенский женский монастырь в Перми.,монастыри,Пермь,Пермский,"(Decimal('56.229434'), Decimal('58.01045'))"
Успенский монастырь в Ивановской области Дунилово.,монастыри,Ивановская область,Шуя,Not found
Усть-Медведицкий Спасо-Преображенский женский монастырь.,монастыри,Волгоградская область,Железо,Not found
Феодорово Переславский женский монастырь в Ярославской области.,монастыри,Ярославская область,Переславль,"(Decimal('38.854373'), Decimal('56.739194'))"
Феодоровский монастырь,монастыри,Ярославская область,Переславль,"(Decimal('38.817506'), Decimal('56.715322'))"
Феофилова пустыня,монастыри,Псковская область,Поречье (город Грединская),"(Decimal('29.453063'), Decimal('58.264805'))"
Филипп-Ирапский монастырь,монастыри,Вологодская область,зеленый пляж,"(Decimal('37.181045'), Decimal('59.325368'))"
Рождественско-Слободской женский монастырь.,монастыри,Кировская область,Слободской,"(Decimal('50.183674'), Decimal('58.731886'))"
Рождественский женский монастырь в Твери.,монастыри,Тверская область,Тверь,Not found
Христофорова пустыня,монастыри,Архангельская область,Шалимов,"(Decimal('47.22545'), Decimal('61.186192'))"
Царевококшайский Богородице-Сергиевский Черемис женский монастырь.,монастыри,Республика Марий Эл,Йошкар-Ола,Not found
Чердынский Иоанно-Богословский монастырь в Пермском крае.,монастыри,Пермь,SCW,"(Decimal('56.479543'), Decimal('60.402836'))"
"Шелтомежский Вознесенский Шестоковский монастырь (Ярославская область, с. Шелдомеж)",монастыри,Ярославская область,,Not found
Яранский Знаменско-Мариинский женский монастырь.,монастыри,Кировская область,Яранск,"(Decimal('47.885855'), Decimal('57.304228'))"
Яранский Пророчицкий монастырь.,монастыри,Кировская область,Яранск,"(Decimal('47.885855'), Decimal('57.304228'))"
Курская Коренная Пустынь,монастыри,Курская область,,"(Decimal('36.837251'), Decimal('51.989966'))"
Можайский Лужецкий Ферапонтов монастырь.,монастыри,Московская область,Можайск,"(Decimal('36.017358'), Decimal('55.506714'))"
Никитский монастырь,монастыри,Ярославская область,,"(Decimal('39.105138'), Decimal('57.817361'))"
Введенский женский монастырь,монастыри,Ивановская область,Иваново,"(Decimal('40.973921'), Decimal('57.000348'))"
Свято-Успенский монастырь,монастыри,Курганская область,Дополнительная информация о,"(Decimal('62.939311'), Decimal('56.258608'))"
Монастырь Святого Евфимия,монастыри,Владимирская область,Суздаль,"(Decimal('40.449457'), Decimal('56.419836'))"
Спасо-Яковлевский Дмитриев монастырь.,монастыри,Ярославская область,Ростов,"(Decimal('39.414526'), Decimal('57.185866'))"
Гляденовское костище в Пермском крае.,языческие храмы,Пермь,Шумки,Not found
Лисья гора,Природа,Вологодская область,Кадников,"(Decimal('40.316983'), Decimal('59.524625'))"
Тиуновское святилище,Природа,Вологодская область,Тиуновская,"(Decimal('43.679584'), Decimal('60.408942'))"
Храм Солнца Улуг Хорума,языческие храмы,Республика Тыва,Саглам,"(Decimal('91.172138'), Decimal('50.4637'))"
церковь Благовещения,Заброшенный храм,Пермь,Покча,"(Decimal('56.455783'), Decimal('60.454972'))"
Бывшее здание лютеранской церкви,Заброшенный храм,Астраханская область,Астрахань,Not found
Введенская церковь,Заброшенный храм,Пермь,Камгорт,"(Decimal('56.498022'), Decimal('60.581818'))"
Дедова Троица мужские десерты,Заброшенный храм,Вологодская область,,"(Decimal('37.863459'), Decimal('59.824375'))"
Заброшенная армянская церковь,Заброшенный храм,Республика Крым,богатый,"(Decimal('34.767649'), Decimal('45.0274'))"
Католический костел в селе Каменка,Заброшенный храм,Саратовская область,Каменка,"(Decimal('45.429205'), Decimal('50.701447'))"
Кирилло-Челмогорская пустынь.,Заброшенный храм,Архангельская область,Орел,"(Decimal('42.657777'), Decimal('62.593468'))"
Крестовоздвиженский собор,Заброшенный храм,Пермь,Соликамск,"(Decimal('56.771029'), Decimal('59.648333'))"
Лютеранская церковь в селе Усть-Золиха.,Заброшенный храм,Саратовская область,Усть-Золиха,Not found
Церковь Святого Николая в Пыскоре,Заброшенный храм,Пермь,Пыскор,Not found
Новоалександровский Вознесенский храм,Заброшенный храм,Красноярский край,Новоалександровка,"(Decimal('96.579628'), Decimal('56.422729'))"
церковь Петра и Павла,Заброшенный храм,Пермь,В самый раз,"(Decimal('56.347832'), Decimal('59.303163'))"
Покровская церковь,Заброшенный храм,Пермь,,"(Decimal('55.989926'), Decimal('58.60714'))"
Покровская церковь,Заброшенный храм,Удмуртская республика,Выход,"(Decimal('53.461339'), Decimal('56.366844'))"
церковь Преображения Господня,Заброшенный храм,Пермь,SCW,"(Decimal('56.479543'), Decimal('60.402836'))"
Церковь Святой Троицы,Заброшенный храм,Удмуртская республика,копать,"(Decimal('51.751908'), Decimal('57.379891'))"
Церковь Святой Троицы,Заброшенный храм,Красноярский край,Сухоузимское,"(Decimal('93.274771'), Decimal('56.501188'))"
Святая пещера в селе Покровка.,Заброшенный храм,Оренбургская область,Покровский,Not found
Спасская церковь в деревне Поршенская Казаково.,Заброшенный храм,Архангельская область,Казаково,"(Decimal('47.681569'), Decimal('61.213928'))"
церковь нашего Спасителя,Заброшенный храм,Пермь,Лимеж,"(Decimal('56.335759'), Decimal('60.081385'))"
сырный монастырь,Заброшенный храм,Новгородская область,Сырковское,"(Decimal('31.270831'), Decimal('58.479475'))"
Троицкая церковь,Заброшенный храм,Пермь,Вильгорт,"(Decimal('56.463661'), Decimal('60.562411'))"
Участие Xram Эрды,Заброшенный храм,Республика Ингушетия,Таргим,"(Decimal('44.942354'), Decimal('42.835125'))"
Церковь Вознесения Господня на Ворбасе,Заброшенный храм,Архангельская область,Пенигеевская,Not found
Храм Ирины Салоники,Заброшенный храм,Ленинградская область,,Not found
Храм Архангела Михаила,Заброшенный храм,Архангельская область,Шалимов,"(Decimal('47.460691'), Decimal('61.204018'))"
Храм Святого Николая,Заброшенный храм,Пермь,Редикор,"(Decimal('56.459187'), Decimal('60.18677'))"
Храм Святителя Николая Мирликийского,Заброшенный храм,Республика Северная Осетия - Алания,,"(Decimal('44.262033'), Decimal('43.092669'))"
Храм-святилище Минц-Сели,Заброшенный храм,Республика Ингушетия,,"(Decimal('45.054581'), Decimal('43.10359'))"
Церковь Архангела (Архангела) Михаила,Православные церкви,Новгородская область,,Not found
Церковь Благовещения,Заброшенный храм,Архангельская область,Пустынка,Not found
Церковь Владимирской Богоматери,Руины,Пермь,Усолье,Not found
Церковь Воздвижения Креста Господня,Заброшенный храм,Пермь,Бондюг,Not found
Церковь Датун,Заброшенный храм,Республика Дагестан,Датуна,"(Decimal('46.645255'), Decimal('42.475871'))"
Церковь Святого Николая,Заброшенный храм,Ленинградская область,,"(Decimal('29.97953'), Decimal('59.810568'))"
Церковь Святой Параскевы,Заброшенный храм,Красноярский край,Барабанов,"(Decimal('93.420145'), Decimal('56.287157'))"
Церковь Рождества Пресвятой Богородицы,Заброшенный храм,Забайкальский край,,Not found
Церковь Рождества Пресвятой Богородицы,Заброшенный храм,Мурманская область,,Not found
Церковь Святой Троицы,Заброшенный храм,Ленинградская область,,Not found
Часовня Святого Георгия в Гаврогоре,Православные церкви,Архангельская область,Хаврогори,"(Decimal('41.876162'), Decimal('63.442493'))"
Церковь Святого Георгия,Заброшенный храм,Удмуртская республика,Кулюшево,"(Decimal('53.566325'), Decimal('56.054558'))"
Алтуфьевские парки и усадьбы,"Сады, скверы, парки",Москва,,"(Decimal('37.513035'), Decimal('55.842989'))"
Алфёрово,Гранжс,Владимирская область,,"(Decimal('41.218739'), Decimal('55.515941'))"
Васильевское,Гранжс,Владимирская область,Кольчугино,"(Decimal('39.376042'), Decimal('56.293901'))"
Великово,Гранжс,Владимирская область,Великово,"(Decimal('41.281522'), Decimal('56.244375'))"
большой,Гранжс,Владимирская область,,"(Decimal('42.303356'), Decimal('56.280881'))"
Волохова,Гранжс,Владимирская область,Волохова,"(Decimal('38.515555'), Decimal('56.393185'))"
Воскресенское,Гранжс,Владимирская область,Воскресенское,"(Decimal('39.858617'), Decimal('56.452832'))"
Имущество А. В. Суворова Undole,Гранжс,Владимирская область,Лакинск,"(Decimal('39.956525'), Decimal('56.018001'))"
Последний,Гранжс,Владимирская область,,"(Decimal('40.796674'), Decimal('56.267537'))"
Годунов,Гранжс,Владимирская область,Годунов,"(Decimal('39.036183'), Decimal('56.484079'))"
Городской особняк Мясоедова,Гранжс,Москва,,"(Decimal('37.617626'), Decimal('55.715003'))"
Коттедж СИ Сенькова Вязники,Гранжс,Владимирская область,Вязники,Not found
Коттедж С.Н. Татаринцева Вязники,Гранжс,Владимирская область,Вязники,Not found
дача Стамболь,Гранжс,Республика Крым,Феодосий,"(Decimal('35.383822'), Decimal('45.030209'))"
Дворянское имение Хвалевское,Гранжс,Вологодская область,Борисово-Триал,"(Decimal('36.00109'), Decimal('59.905136'))"
Дворянские усадьбы Псковской области.,Гранжс,Псковская область,,"(Decimal('29.236911'), Decimal('57.236486'))"
Дом творчества (Усадьба Шишкова),Гранжс,Томская область,Томск,"(Decimal('85.050946'), Decimal('56.469513'))"
Дом-музей Батюшковых и Александра Куприна,литературные музеи,Вологодская область,Даниловское,Not found
Дом-музей В.И. Ленина,Гранжс,Республика Татарстан,Казань,"(Decimal('49.013771'), Decimal('55.804794'))"
Дубасово,Гранжс,Владимирская область,Дубасово,"(Decimal('40.838149'), Decimal('55.781286'))"
Дубы,Гранжс,Владимирская область,Дубы,"(Decimal('38.710014'), Decimal('56.112086'))"
Ельцин,Гранжс,Владимирская область,Ельцин,"(Decimal('39.614851'), Decimal('56.210197'))"
Есиплево,Гранжс,Владимирская область,Есиплево,"(Decimal('39.542482'), Decimal('56.302473'))"
Забелино,Гранжс,Владимирская область,Забелино,"(Decimal('39.433705'), Decimal('56.365468'))"
Завалин,Гранжс,Владимирская область,вишня,"(Decimal('39.459307'), Decimal('56.206111'))"
Усадьба Михалкова «Петр»,Гранжс,Ярославская область,Рыбинск,"(Decimal('38.86173'), Decimal('58.007608'))"
Зиновьев,Гранжс,Владимирская область,Зиновьев,"(Decimal('39.419503'), Decimal('56.155187'))"
Ильинское,Гранжс,Владимирская область,Ильинское,"(Decimal('39.360367'), Decimal('56.395666'))"
Наличие «Помощи»,архитектура,Тамбовская область,Советск,"(Decimal('42.357829'), Decimal('52.238747'))"
Историко-культурный и природный музей-заповедник И.С. Тургенева «Бежин луг»,Музеи-заповедники,Тульская область,,Not found
Кирсаниха,Гранжс,Владимирская область,,"(Decimal('40.898894'), Decimal('55.904195'))"
киста,Гранжс,Владимирская область,,"(Decimal('40.280673'), Decimal('56.471059'))"
Коверино,Гранжс,Владимирская область,Коверино,"(Decimal('40.894105'), Decimal('56.362626'))"
Коломенское,"Сады, скверы, парки",Москва,,"(Decimal('37.659308'), Decimal('55.672991'))"
Крутец,Гранжс,Владимирская область,Крутец,"(Decimal('38.748039'), Decimal('56.377168'))"
Крутов,Гранжс,Владимирская область,Крутов,"(Decimal('41.338304'), Decimal('56.193367'))"
Купеческий особняк Бережок,Гранжс,Ленинградская область,СОМИ,Not found
Кусково,Гранжс,Москва,,"(Decimal('37.826601'), Decimal('55.735348'))"
Литературный музей Игоря Северянина,"Персональный, мемориальный музей",Вологодская область,Владимировка,"(Decimal('37.455938'), Decimal('59.172113'))"
Мемориальный музей-усадьба академика И. П. Павлова,галереи,Рязанская область,Рязань,"(Decimal('39.743714'), Decimal('54.611549'))"
Михалково,Гранжс,Москва,,"(Decimal('37.513035'), Decimal('55.842989'))"
Музей Демидовых,Другие музеи,Нижегородская область,Чикаго,"(Decimal('45.671086'), Decimal('55.985926'))"
Музей «Усадьба С.Н. Гедекова»,Музеи-заповедники,Рязанская область,,"(Decimal('39.725101'), Decimal('53.913741'))"
Музей-усадьба &quot;Малое Пирогово&quot;,Другие музеи,Тульская область,,Not found
Музей-усадьба &quot;Мемориальный комплекс М.Д. Скобелева&quot;,Гранжс,Рязанская область,,Not found
Музей-усадьба А.С. Хомякова «Богучарово».,галереи,Тульская область,Тула,"(Decimal('37.831138'), Decimal('53.920237'))"
Музей-усадьба А.Т. Болотова «Дворьянинова»,"Персональный, мемориальный музей",Тульская область,,Not found
Музей-усадьба Г. Р. Державина,"Персональный, мемориальный музей",Санкт-Петербург,Санкт-Петербург,"(Decimal('30.315868'), Decimal('59.939095'))"
Музей-усадьба Михаила Пришвина,галереи,Московская область,Дунино,"(Decimal('36.940279'), Decimal('55.722436'))"
Музей-усадьба Николая Рериха Извара,"Персональный, мемориальный музей",Ленинградская область,творог,"(Decimal('29.518038'), Decimal('59.352351'))"
"Музей-усадьба П.П. Семенова-Тянь-Шаня ""Рязанка""",Гранжс,Липецкая область,Рязанка,"(Decimal('39.579412'), Decimal('53.501822'))"
Музей-усадьба Рахманинова «Ивановка».,Гранжс,Тамбовская область,Ивановка,"(Decimal('42.002788'), Decimal('51.953175'))"
Усадьба Редкино,Гранжс,Ленинградская область,Редькин,"(Decimal('29.023722'), Decimal('59.163336'))"
Никольский парк,Гранжс,Вологодская область,Никольское,"(Decimal('42.524377'), Decimal('59.49079'))"
Охотничий домик герцога Мекленбург-Стрелиц,Гранжс,Ленинградская область,Черемыкино,"(Decimal('28.3314'), Decimal('59.349324'))"
Кордон охотничьего усадьбы «Зверинец»,Гранжс,Воронежская область,,"(Decimal('39.24611'), Decimal('51.896013'))"
Панков,Гранжс,Владимирская область,,"(Decimal('39.092992'), Decimal('56.096543'))"
Парк и усадьба Виноградово.,"Сады, скверы, парки",Москва,,"(Decimal('37.513035'), Decimal('55.842989'))"
Парк и усадьба Знаменское-Садки.,"Сады, скверы, парки",Москва,,"(Decimal('37.513035'), Decimal('55.842989'))"
Парк и усадьба Лукино,"Сады, скверы, парки",Москва,Переделкино,"(Decimal('37.337864'), Decimal('55.651303'))"
Парк и усадьба Свиблово.,"Сады, скверы, парки",Москва,,"(Decimal('37.636608'), Decimal('55.861711'))"
Парк и усадьба Усачева-Найденова,"Сады, скверы, парки",Москва,,"(Decimal('37.659146'), Decimal('55.751543'))"
Парк-усадьба Воронцово,"Сады, скверы, парки",Москва,,"(Decimal('37.652256'), Decimal('55.753504'))"
Усадьба Лонг Глейд,Гранжс,Республика Татарстан,длинная поляна,"(Decimal('48.941798'), Decimal('55.049328'))"
Родовое имение Толстых Никольское-Вяземское.,литературные музеи,Тульская область,,"(Decimal('37.400243'), Decimal('54.832261'))"
Рюминское,Гранжс,Владимирская область,,"(Decimal('38.778771'), Decimal('56.520564'))"
Сибирская усадьба Лампсакова.,Гранжс,Томская область,,"(Decimal('86.117327'), Decimal('57.065697'))"
Смольнево,Гранжс,Владимирская область,,"(Decimal('38.969384'), Decimal('56.271815'))"
Снегирёво,Гранжс,Владимирская область,Снегирево,"(Decimal('39.689528'), Decimal('56.236366'))"
старое Татарово,Гранжс,Владимирская область,,"(Decimal('42.133107'), Decimal('55.889563'))"
"Творческая усадьба ""Гуслица""",Гранжс,Московская область,,"(Decimal('38.9605'), Decimal('55.442592'))"
Усадебно-парковый комплекс «Терпилицы»,Гранжс,Ленинградская область,,Not found
Усадебный дом Скуратов,Гранжс,Липецкая область,Павлов,"(Decimal('40.454829'), Decimal('52.232344'))"
Усадебный дом и парк &quot;Сиворицы&quot;,Гранжс,Ленинградская область,,Not found
Усадьба &quot;Надбелье&quot;,Гранжс,Ленинградская область,,Not found
Усадьба &quot;Торбово&quot;,Гранжс,Воронежская область,,Not found
Усадьба &quot;Торбово&quot;,Гранжс,Воронежская область,,Not found
Усадьба «Белая Дача»,Гранжс,Московская область,Котлы,"(Decimal('37.851934'), Decimal('55.662806'))"
Усадьба «Большие Вяземы»,Гранжс,Московская область,большие Вяземы,"(Decimal('36.99442'), Decimal('55.628586'))"
"Усадьба ""Виноградово""",Гранжс,Московская область,Долгопрудный,"(Decimal('37.537946'), Decimal('55.945811'))"
"Усадьба ""Ленинские Горы""",Гранжс,Московская область,Ленинские горы,"(Decimal('37.76336'), Decimal('55.530454'))"
Усадьба «Подарки»,Гранжс,Московская область,Даровое,"(Decimal('38.742218'), Decimal('54.689237'))"
"Усадьба ""Дубцов""",Гранжс,Новгородская область,Батецкая,"(Decimal('30.485542'), Decimal('58.599221'))"
Усадьба «Захарово».,Гранжс,Московская область,Захаров,"(Decimal('38.331778'), Decimal('55.668666'))"
Усадьба «Знаменское Губайлово» (Культурно-выставочный центр),галереи,Московская область,Красногорск,"(Decimal('37.321739'), Decimal('55.821462'))"
"Усадьба ""Лопасня-Концепция""",Гранжс,Московская область,чехи,"(Decimal('37.503522'), Decimal('55.210177'))"
"Усадьба ""Мелихово""",Гранжс,Московская область,Мелихово,"(Decimal('37.631029'), Decimal('56.191048'))"
"Усадьба ""Несвойское""",туристические лагеря,Вологодская область,Несвойское,"(Decimal('39.511616'), Decimal('59.355645'))"
"Усадьба ""Ореховно""",Гранжс,Псковская область,Ореховно,"(Decimal('29.521326'), Decimal('56.217535'))"
"Усадьба ""Петровское-Алабино""",Гранжс,Московская область,АЛАБИН,"(Decimal('37.000834'), Decimal('55.525369'))"
"Усадьба ""Семенов-Отрада""",Гранжс,Московская область,Семенов,"(Decimal('37.7615'), Decimal('55.060621'))"
Усадьба «Середниково».,Гранжс,Московская область,,"(Decimal('37.241484'), Decimal('55.927573'))"
"Усадьба ""Галахальня""",Гранжс,Псковская область,Халахалинья,"(Decimal('27.974436'), Decimal('57.811023'))"
"Усадьба ""Ясная Поляна""",Гранжс,Республика Крым,,"(Decimal('34.180438'), Decimal('45.038509'))"
А.В. Усадьба Романова,Гранжс,Липецкая область,в любое время,"(Decimal('38.100273'), Decimal('52.147966'))"
Усадьба А.И. Губина,Гранжс,Астраханская область,Астрахань,Not found
Горная усадьба Акулова,Гранжс,Московская область,Пушкино,"(Decimal('37.812956'), Decimal('56.01164'))"
Усадьба Алмазово,Гранжс,Москва,,"(Decimal('37.513035'), Decimal('55.842989'))"
Усадьба Алмазово,Гранжс,Московская область,Алмазово,"(Decimal('38.033968'), Decimal('55.847856'))"
Усадьба Аннино,Гранжс,Московская область,Аннино,"(Decimal('38.667658'), Decimal('54.379263'))"
Усадьба Асеева Арженка,Гранжс,Тамбовская область,Рассказово,"(Decimal('41.945485'), Decimal('52.683305'))"
Усадьба Баташева,Гранжс,Рязанская область,Гусь-Айрон,"(Decimal('41.163726'), Decimal('55.057203'))"
Усадьба Безобразовых Патакино,Гранжс,Владимирская область,,"(Decimal('40.911012'), Decimal('56.269771'))"
Усадьба Разговоров,Гранжс,Московская область,разговоры,"(Decimal('37.795771'), Decimal('55.617602'))"
Усадьба Битуевых,Гранжс,Республика Северная Осетия - Алания,Галиат,"(Decimal('43.847811'), Decimal('42.920194'))"
Усадьба Боблово,Гранжс,Московская область,Боблово,"(Decimal('37.013491'), Decimal('56.380822'))"
Усадьба Брянчаниновых,Гранжс,Вологодская область,Покровское,"(Decimal('40.172462'), Decimal('60.595105'))"
Усадьба Быково,Гранжс,Московская область,Чикаго,"(Decimal('38.071491'), Decimal('55.626629'))"
VI Усадьба Айгины «Талицы»,Гранжс,Московская область,Талицы,"(Decimal('37.105488'), Decimal('55.882752'))"
Усадьба В.С. Храповицкого в Муромцево,Гранжс,Владимирская область,Муромцева,"(Decimal('40.89778'), Decimal('55.892466'))"
Усадьба Вавилова,архитектура,Приморский край,Владивосток,"(Decimal('131.885485'), Decimal('43.115536'))"
Усадьба Васильевское,Гранжс,Московская область,Васильевское,"(Decimal('37.400252'), Decimal('55.002661'))"
Усадьба Васи,Гранжс,Московская область,Васин,"(Decimal('37.496983'), Decimal('56.546788'))"
Усадьба Ведрова,Гранжс,Липецкая область,,"(Decimal('38.224106'), Decimal('52.359931'))"
Усадьба Воронцовых в Андреевском,Гранжс,Владимирская область,Андреев,Not found
Усадьба Всеволожск в Жерехово,Гранжс,Владимирская область,Жерехово,Not found
Усадьба Державина Званка,Гранжс,Новгородская область,Трегуово,"(Decimal('32.723551'), Decimal('57.514494'))"
Усадьба Гали,Гранжс,Вологодская область,Череповец,"(Decimal('37.903461'), Decimal('59.122612'))"
Усадьба Глинки,Гранжс,Московская область,санаторий Монино,"(Decimal('36.842236'), Decimal('55.892471'))"
Усадьба Голицыных в Зубрилово,Гранжс,Пензенская область,,"(Decimal('43.387415'), Decimal('52.384173'))"
Усадьба Голицыных в Sims,Гранжс,Владимирская область,,"(Decimal('39.712174'), Decimal('55.956315'))"
Усадьба Голицыных в селе Муром-Пречистое.,архитектура,Смоленская область,Пречистое,"(Decimal('34.628797'), Decimal('55.662471'))"
Усадьба Горенки,Гранжс,Московская область,Балашиха,"(Decimal('37.912669'), Decimal('55.790241'))"
Усадьба Горетово,Гранжс,Московская область,Горетово,"(Decimal('35.820412'), Decimal('55.609019'))"
Усадебная могила «Простор»,Гранжс,Новгородская область,Кулотино,Not found
Усадьба Гребнево,Гранжс,Московская область,Гребнево,"(Decimal('38.092781'), Decimal('55.953336'))"
Усадьба Гулевичей,Гранжс,Брянская область,конкретная Ута,"(Decimal('33.964951'), Decimal('52.862359'))"
Усадьба Демидовых,Гранжс,Москва,,"(Decimal('37.513035'), Decimal('55.842989'))"
Усадьба Дубровицы,Гранжс,Московская область,Дубровицы,"(Decimal('37.487559'), Decimal('55.438823'))"
Усадьба Думнова в р-не,Гранжс,Владимирская область,округ,Not found
Усадьба Зазовская,Гранжс,Забайкальский край,Чита,"(Decimal('113.468467'), Decimal('52.140152'))"
Усадьба Знаменское Райок,Гранжс,Тверская область,Марино,"(Decimal('36.824665'), Decimal('56.645217'))"
Усадьба Ивана Логгиновича Горемыкина,Гранжс,Новгородская область,Любитино,"(Decimal('33.390181'), Decimal('58.811115'))"
Усадьба Ильжо,Гранжс,Ленинградская область,,"(Decimal('29.695653'), Decimal('58.637958'))"
Усадьба К.М. Плотникова,Гранжс,Воронежская область,Воронеж,"(Decimal('39.240783'), Decimal('51.847913'))"
Усадьба Каменских «Сабуровская крепость».,Гранжс,Орловская область,Саурово,"(Decimal('35.929413'), Decimal('52.889729'))"
Усадьба Карачарово,Гранжс,Владимирская область,,"(Decimal('40.011807'), Decimal('56.08763'))"
Усадьба Константиново,Гранжс,Московская область,ГСА Константиново,"(Decimal('37.714249'), Decimal('55.432929'))"
Усадьба Космодемьянских-Зотовых,Гранжс,Москва,,"(Decimal('37.513035'), Decimal('55.842989'))"
Усадьба Кривякино,Гранжс,Московская область,Воскресенск,"(Decimal('38.673353'), Decimal('55.322978'))"
Усадьба Кузьминки,"Сады, скверы, парки",Москва,,"(Decimal('37.766145'), Decimal('55.705463'))"
Усадьба Лажечниковых,Гранжс,Московская область,Коломна,"(Decimal('38.752917'), Decimal('55.103152'))"
Усадьба Лаптевых,Гранжс,Владимирская область,Лаптев,"(Decimal('40.744509'), Decimal('56.244045'))"
Усадьба Лунина,Гранжс,Рязанская область,,"(Decimal('40.156849'), Decimal('54.542472'))"
Усадьба Любвин,Гранжс,Московская область,Тучково,"(Decimal('36.493052'), Decimal('55.59984'))"
Усадьба Михайловское Шорыгина-Грузинская,Гранжс,Владимирская область,,"(Decimal('39.915337'), Decimal('56.05033'))"
Усадьба Муромцева,архитектура,Липецкая область,Баловнево,"(Decimal('39.035931'), Decimal('53.215521'))"
Усадьба Н.Е. Жуковского Орехово,Гранжс,Владимирская область,грецкий орех,Not found
Усадьба Назарево,Гранжс,Московская область,Назарево,"(Decimal('38.769365'), Decimal('55.753514'))"
Усадьба Нарышкиных Быкова Гора,Гранжс,Рязанская область,Николаевка,"(Decimal('42.063254'), Decimal('54.034675'))"
Усадьба Нелидова,Гранжс,Курская область,Влажность 1-я,"(Decimal('36.091595'), Decimal('51.720297'))"
Никольское-Прозоровское,Гранжс,Московская область,Мытищи,"(Decimal('37.592464'), Decimal('56.037986'))"
Усадьба Осташево,Гранжс,Московская область,Осташев,"(Decimal('35.865435'), Decimal('55.854956'))"
Усадьба П.А. Борейши,Гранжс,Новгородская область,ЛЗИ,"(Decimal('32.723551'), Decimal('57.514494'))"
Усадьба П.М.Мальцева,Гранжс,Саратовская область,,"(Decimal('45.387865'), Decimal('51.305671'))"
PS Усадьба Паллас,Гранжс,Республика Крым,Симферополь,Not found
Усадьба Перхушково,Гранжс,Московская область,Перхушково,"(Decimal('37.127838'), Decimal('55.650886'))"
Усадьба Пехра-Яковлевское,Гранжс,Московская область,Балашиха,"(Decimal('37.925865'), Decimal('55.74867'))"
Усадьба Покровское-Рубцово,Гранжс,Московская область,пионер,"(Decimal('36.784304'), Decimal('55.896438'))"
Усадьба Прямоухино,Гранжс,Тверская область,Прямоухино,"(Decimal('34.446879'), Decimal('56.937147'))"
Усадьба Пущино-на-Наре,Гранжс,Московская область,Пущино,"(Decimal('37.363376'), Decimal('54.938736'))"
Усадьба Раздумово,Гранжс,Ярославская область,Тихменево,"(Decimal('38.609842'), Decimal('57.992699'))"
Усадьба Райка,Гранжс,Московская область,Молодость,"(Decimal('38.133484'), Decimal('55.924174'))"
Усадьба Расторгуева - Харитонов,Гранжс,Свердловская область,Екатеринбург,"(Decimal('60.844206'), Decimal('56.776769'))"
Усадьба Рукавишниковых,Другие музеи,Нижегородская область,Нижний Новгород,"(Decimal('44.007927'), Decimal('56.293886'))"
Усадьба Румянцевых-Задунайских,Гранжс,Брянская область,Великий Топалов,"(Decimal('32.359149'), Decimal('52.540727'))"
Усадьба Сандетских,Гранжс,Республика Татарстан,Казань,"(Decimal('49.161193'), Decimal('55.690268'))"
Усадьба Середниково,Гранжс,Москва,,"(Decimal('37.241484'), Decimal('55.927573'))"
Усадьба Спасское- Куркино,Гранжс,Вологодская область,Куркино (Майское МО),"(Decimal('39.62749'), Decimal('59.361671'))"
Усадьба Стаховичей,Гранжс,Липецкая область,Пальните Михайловка,"(Decimal('38.547131'), Decimal('52.752587'))"
Усадьба Суханово,Гранжс,Московская область,Суксаново,"(Decimal('37.668103'), Decimal('55.533343'))"
Усадьба Тайнинского,Гранжс,Московская область,Мытищи,"(Decimal('37.695286'), Decimal('55.899462'))"
Усадьба Танеевых в Маринино.,Гранжс,Владимирская область,Маринин,"(Decimal('41.285726'), Decimal('56.139612'))"
Усадьба Токарская «Заветная»,Гранжс,Новгородская область,,"(Decimal('32.723551'), Decimal('57.514494'))"
Усадьба Трубецких,Гранжс,Москва,,"(Decimal('37.577319'), Decimal('55.728682'))"
Усадьба Турчанинова,Гранжс,Пермь,Соликамск,"(Decimal('56.771029'), Decimal('59.648333'))"
Усадьба Ф.Х. Будагова,Гранжс,Астраханская область,Астрахань,"(Decimal('48.033574'), Decimal('46.347869'))"
Усадьба Ф. Шац,Гранжс,Новгородская область,Окуловка,"(Decimal('33.298679'), Decimal('58.377145'))"
Усадьба Ф.И. Пруве и А.И. Калиш,Гранжс,Москва,,"(Decimal('37.617635'), Decimal('55.755814'))"
Усадьба Флориски,Гранжс,Владимирская область,,"(Decimal('39.220616'), Decimal('56.302852'))"
Усадьба Фряново,Гранжс,Московская область,Фряново,"(Decimal('38.432668'), Decimal('56.129845'))"
Усадьба Галютиных-Соколова,Гранжс,Воронежская область,Никольское,"(Decimal('40.952262'), Decimal('51.46949'))"
Усадьба Черепановых,Гранжс,Свердловская область,Висим,"(Decimal('59.496463'), Decimal('57.651605'))"
Усадьба Черкизово,Гранжс,Московская область,Черкизово,"(Decimal('37.798206'), Decimal('55.965335'))"
Усадьба Чичериных &quot;Покровское&quot;,Гранжс,Тамбовская область,,Not found
Усадьба Шатиловых,Гранжс,Республика Крым,Цветущий,"(Decimal('34.878726'), Decimal('45.496336'))"
Усадьба Шибаева,Гранжс,Москва,,"(Decimal('37.513035'), Decimal('55.842989'))"
Усадьба Яковлево,Гранжс,Московская область,Яковлево,"(Decimal('38.378032'), Decimal('56.343064'))"
Усадьба Ясенево,Гранжс,Москва,,"(Decimal('37.5334'), Decimal('55.606182'))"
Усадьба Врангеля,Руины,Ленинградская область,,"(Decimal('30.857858'), Decimal('60.061363'))"
Барон фон Манор Дервиз,Гранжс,Рязанская область,островки,Not found
Усадебное село Горнешно,Гранжс,Новгородская область,Горнешно,"(Decimal('33.202209'), Decimal('58.27128'))"
Усадьба графа В. М. Толстого,Гранжс,Вологодская область,белые кресты,"(Decimal('35.242642'), Decimal('59.078899'))"
Рыбалка в имении графа,Гранжс,Тамбовская область,Дубовой,"(Decimal('40.299861'), Decimal('52.609099'))"
Усадьба и парк «Удеревка»,Гранжс,Белгородская область,Алексеевка,"(Decimal('38.688095'), Decimal('50.629961'))"
Усадебный парк и Грачев,"Сады, скверы, парки",Москва,,"(Decimal('37.513035'), Decimal('55.842989'))"
Усадьба Г.А. Князя Львовского,Гранжс,Ленинградская область,,"(Decimal('29.97953'), Decimal('59.810568'))"
Усадебный купец Дубинин,архитектура,Пермь,Кунгур,"(Decimal('56.944206'), Decimal('57.42881'))"
Финка для луга,Гранжс,Белгородская область,Никольское,"(Decimal('36.597976'), Decimal('50.451198'))"
Усадьба родителей С.А. Есенина,Гранжс,Рязанская область,рыба,"(Decimal('39.515748'), Decimal('54.720896'))"
Усадьба фон Дервиз,Гранжс,Рязанская область,,"(Decimal('40.156849'), Decimal('54.542472'))"
Усадьба фон Дервиз в Кирице,Гранжс,Рязанская область,,"(Decimal('40.156849'), Decimal('54.542472'))"
художник и архитектор Ге Манор Тринити,Гранжс,Воронежская область,Воронеж,"(Decimal('39.200269'), Decimal('51.660781'))"
Усадебный парк «выбил из строя»,Гранжс,Новгородская область,Сольцы,"(Decimal('30.424286'), Decimal('58.065154'))"
Фоминки,Гранжс,Владимирская область,,"(Decimal('42.367917'), Decimal('55.964181'))"
Цикули,Гранжс,Владимирская область,,"(Decimal('40.857885'), Decimal('55.372836'))"
Черниж,Гранжс,Владимирская область,,"(Decimal('40.432183'), Decimal('56.369955'))"
Музей-усадьба и парк Останкино,Гранжс,Москва,,"(Decimal('37.614671'), Decimal('55.825881'))"
Усадьба Татищевых,Гранжс,Липецкая область,Вешаловка,"(Decimal('39.285016'), Decimal('52.756321'))"
«Долина Центавра»,Заброшенные места,Астраханская область,,"(Decimal('47.466189'), Decimal('46.851463'))"
«Дом с Есениным»,Заброшенные места,Пермь,,"(Decimal('57.474499'), Decimal('57.253078'))"
«Кладбище кораблей»,Заброшенные места,Пермь,,"(Decimal('56.225679'), Decimal('59.117698'))"
Аксайские катакомбы,Заброшенные места,Ростовская область,Аксай,"(Decimal('39.851081'), Decimal('47.242129'))"
Бывшая пожарная каланча,Заброшенные места,Астраханская область,,Not found
Ветряная мельница,Заброшенные места,Воронежская область,Рамонский,"(Decimal('39.186651'), Decimal('51.929141'))"
"Восьмой цех завода ""Дагдизель""",Заброшенные места,Республика Дагестан,,"(Decimal('48.018051'), Decimal('42.015795'))"
Горно-Зерентуйская каторжная колония,Заброшенные места,Забайкальский край,Нерчинско-Заводский,"(Decimal('119.785483'), Decimal('51.668741'))"
Город-призрак под Фирсановкой,Развлечение,Московская область,Солнечногорск,"(Decimal('37.057958'), Decimal('56.121496'))"
Дом Абамелека-Лазарева,Заброшенные места,Пермь,Усольский,"(Decimal('56.281177'), Decimal('59.381362'))"
Николаевский дом,Заброшенные места,Пермь,,"(Decimal('57.474499'), Decimal('57.253078'))"
Заброшенный поселок Шумихинский.,Заброшенные места,Пермь,,"(Decimal('57.68404'), Decimal('58.748189'))"
Заброшенный санаторий «Мелихово».,Заброшенные места,Ростовская область,Усть-Донецк,"(Decimal('40.752944'), Decimal('47.683814'))"
Здание Кадаинской тюрьмы,Заброшенные места,Забайкальский край,Калганский,Not found
Истинская доменная печь,Заброшенные места,Рязанская область,Старожиловский,"(Decimal('39.976045'), Decimal('54.240962'))"
Кладбищенские локомотивы,Заброшенные места,Пермь,Кишерцкий,"(Decimal('57.602509'), Decimal('57.339738'))"
Кремлевский фуникулер,Заброшенные места,Нижегородская область,,"(Decimal('44.279559'), Decimal('56.595648'))"
Крестовоздвиженский собор,Заброшенный храм,Пермь,,"(Decimal('56.225679'), Decimal('59.117698'))"
Кудыкина гора,Развлечение,Московская область,,"(Decimal('38.723776'), Decimal('55.749861'))"
Завод Кузе-Александра,Заброшенные места,Пермь,горнодобывающая и металлургическая,"(Decimal('58.372994'), Decimal('58.286224'))"
Лагерь «Бутугычаг»,Заброшенные места,Магаданская область,,"(Decimal('149.080102'), Decimal('61.200746'))"
Башня маяка в деревне,Заброшенные места,Астраханская область,,"(Decimal('47.643364'), Decimal('45.610537'))"
Место смерти Михаила Романова,Заброшенные места,Пермь,,"(Decimal('54.620902'), Decimal('59.038094'))"
Мертвый город Цой-Педе,Заброшенные места,Чеченская Республика,Итум-Кале,"(Decimal('45.258606'), Decimal('42.708222'))"
Океанографическое исследовательское судно «Леонид Демин».,Заброшенные места,Ленинградская область,,Not found
Памятное место усадьбы Шиловских &quot;Усово&quot;,Заброшенные места,Тамбовская область,Бондарский,Not found
Пермский ипподром,Заброшенные места,Пермь,,"(Decimal('55.729001'), Decimal('57.787124'))"
церковь Петра и Павла,Заброшенный храм,Пермь,Усольский,"(Decimal('56.281177'), Decimal('59.381362'))"
Покровская церковь,Заброшенный храм,Пермь,Соликамск,"(Decimal('56.75759'), Decimal('59.774661'))"
Село-призрак Кадыкчан,промышленные объекты,Магаданская область,Сусуманский,"(Decimal('147.043387'), Decimal('63.086388'))"
Деревня-призрак Юбилейная,Заброшенные места,Пермь,,"(Decimal('57.778175'), Decimal('58.781476'))"
Похвалихинский фуникулер (лифт),Заброшенные места,Нижегородская область,,"(Decimal('44.279559'), Decimal('56.595648'))"
Отъезд «Длинного»,Заброшенные места,Ямало-Ненецкий автономный округ,,"(Decimal('80.005397'), Decimal('66.086435'))"
Северо-Канал Екатерина,Заброшенные места,Республика Коми,Усть-Кулом,"(Decimal('54.44149'), Decimal('61.714802'))"
Деревня-призрак: Гра и его единственный житель,Заброшенные места,Республика Дагестан,Ахтынский,"(Decimal('47.592681'), Decimal('41.381243'))"
Станция «Чайка»,Заброшенные места,Ямало-Ненецкий автономный округ,Приуральский,"(Decimal('67.647228'), Decimal('66.870715'))"
Старая ветряная мельница,Заброшенные места,Воронежская область,Павловский,"(Decimal('40.18997'), Decimal('50.540478'))"
Старая пристань,Заброшенные места,Волгоградская область,,"(Decimal('43.497944'), Decimal('48.708756'))"
Усадьба Бутакова-Рахманиновых «Онег».,Заброшенные места,Новгородская область,Новгород,"(Decimal('31.45106'), Decimal('58.573671'))"
Усадьба Голицыных в селе Муром-Пречистое.,архитектура,Смоленская область,Гагарин,"(Decimal('34.936991'), Decimal('55.650846'))"
Усадьба Нарышкиных Быкова Гора,Гранжс,Рязанская область,Шацкий,"(Decimal('42.063254'), Decimal('54.034675'))"
Усадьба Приклонских-Рукавишниковых,Заброшенные места,Нижегородская область,Богородский,"(Decimal('43.620645'), Decimal('56.023756'))"
Усадьба Шереметевых-Рукавишниковых,Заброшенные места,Нижегородская область,Богородский,"(Decimal('43.620645'), Decimal('56.023756'))"
Усадьба рода Пашковых,Заброшенные места,Нижегородская область,Гагинский,"(Decimal('44.989696'), Decimal('55.23135'))"
Усадьба фон Дервиз,Гранжс,Рязанская область,Старожиловский,"(Decimal('39.976045'), Decimal('54.240962'))"
Храм-святилище Маго-Ерды,Заброшенные места,Республика Ингушетия,Джейрахский,"(Decimal('44.912665'), Decimal('42.798639'))"
Обогатительный завод,Заброшенные места,Пермь,,"(Decimal('53.875633'), Decimal('58.550327'))"
Церковь Преображения Господня,Заброшенные места,Пермь,Усольский,"(Decimal('56.281177'), Decimal('59.381362'))"
Дьявольский мост,Заброшенные места,Сахалинская область,Холмский,"(Decimal('142.117035'), Decimal('46.986996'))"
Бал в Дубне,Заброшенные места,Московская область,,"(Decimal('37.380031'), Decimal('55.815792'))"
Добывайте их. Чкалов,горнодобывающие площадки,Пермь,,"(Decimal('57.645386'), Decimal('59.04631'))"
Шумихинский дворец культуры,Заброшенные места,Пермь,,"(Decimal('57.68404'), Decimal('58.748189'))"
Водонапорная башня,Заброшенные места,Удмуртская республика,,"(Decimal('52.796972'), Decimal('57.166784'))"
Коттедж ИФ Петров,Заброшенные места,Удмуртская республика,,"(Decimal('53.28915'), Decimal('56.869033'))"
Здание бывшего военного ведомства,Заброшенные места,Удмуртская республика,,Not found
Октябрьская ГЭС на реке Чепца.,Заброшенные места,Удмуртская республика,Кезский,"(Decimal('53.413764'), Decimal('57.885158'))"
почтовый дом,Заброшенные места,Удмуртская республика,Сарапульский,"(Decimal('53.529063'), Decimal('56.394625'))"
военная слава,военная слава,Воронежская область,Воронеж,"(Decimal('39.200269'), Decimal('51.660781'))"
военная слава,военная слава,Воронежская область,Воронеж,"(Decimal('39.200269'), Decimal('51.660781'))"
военная слава,военная слава,Воронежская область,,"(Decimal('40.233395'), Decimal('50.970898'))"
военная слава,военная слава,Архангельская область,Архангельск,"(Decimal('40.515753'), Decimal('64.539911'))"
Обелиск/Стела,Обелиск/Стела,Республика Хакасия,Абакан,"(Decimal('91.442387'), Decimal('53.721152'))"
Обелиск/Стела,Обелиск/Стела,Республика Хакасия,Абакан,"(Decimal('91.442387'), Decimal('53.721152'))"
Обелиск/Стела,Обелиск/Стела,Республика Крым,,Not found
Обелиск/Стела,Обелиск/Стела,Воронежская область,Селявное (Селявинское с/н),"(Decimal('39.227946'), Decimal('51.143873'))"
военная слава,военная слава,Псковская область,Псков,"(Decimal('28.332451'), Decimal('57.819274'))"
Обелиск/Стела,Обелиск/Стела,Мурманская область,Мончегорск,"(Decimal('32.937062'), Decimal('67.938917'))"
Обелиск/Стела,Обелиск/Стела,Мурманская область,Мончегорск,"(Decimal('32.937062'), Decimal('67.938917'))"
Обелиск/Стела,Обелиск/Стела,Новгородская область,,Not found
Обелиск/Стела,Обелиск/Стела,Новгородская область,Новгород,"(Decimal('31.269915'), Decimal('58.52281'))"
Обелиск/Стела,Обелиск/Стела,Ульяновская область,Ульяновск,"(Decimal('48.403123'), Decimal('54.314192'))"
Обелиск/Стела,Обелиск/Стела,Ленинградская область,,Not found
Обелиск/Стела,Обелиск/Стела,Архангельская область,Архангельск,"(Decimal('40.515753'), Decimal('64.539911'))"
Обелиск/Стела,Обелиск/Стела,Псковская область,великий Люк,"(Decimal('30.521969'), Decimal('56.342316'))"
Обелиск/Стела,Обелиск/Стела,Республика Крым,Керчь,"(Decimal('36.467378'), Decimal('45.356219'))"
Обелиск/Стела,Обелиск/Стела,Республика Крым,,Not found
Обелиск/Стела,Обелиск/Стела,Архангельская область,Никольский,"(Decimal('47.722371'), Decimal('61.254467'))"
Обелиск/Стела,Обелиск/Стела,Архангельская область,Фермеры,"(Decimal('48.612502'), Decimal('61.286842'))"
Обелиск/Стела,Обелиск/Стела,Архангельская область,Новоселка,"(Decimal('47.96249'), Decimal('61.082865'))"
Обелиск/Стела,Обелиск/Стела,Архангельская область,Соколова Гора,"(Decimal('47.975264'), Decimal('61.126967'))"
Обелиск/Стела,Обелиск/Стела,Архангельская область,соловей,"(Decimal('47.77035'), Decimal('61.151834'))"
Обелиск/Стела,Обелиск/Стела,Архангельская область,Вилегодский,"(Decimal('48.285309'), Decimal('61.158271'))"
Обелиск/Стела,Обелиск/Стела,Архангельская область,Павловск,"(Decimal('48.184006'), Decimal('61.067574'))"
Обелиск/Стела,Обелиск/Стела,Пермь,Кунгур,"(Decimal('56.944206'), Decimal('57.42881'))"
Обелиск/Стела,Обелиск/Стела,Архангельская область,Ильинско-Подомское,"(Decimal('47.978004'), Decimal('61.115665'))"
Обелиск/Стела,Обелиск/Стела,Ростовская область,мой,"(Decimal('40.215797'), Decimal('47.709601'))"
военная слава,военная слава,Севастополь,,"(Decimal('33.525369'), Decimal('44.616604'))"
Обелиск/Стела,Обелиск/Стела,Республика Калмыкия,Элиста,"(Decimal('44.269759'), Decimal('46.307743'))"
Обелиск/Стела,Обелиск/Стела,Камчатский край,Петропавловск-Камчатский,"(Decimal('158.643566'), Decimal('53.024075'))"
Обелиск/Стела,Обелиск/Стела,Ростовская область,Цимлянский,"(Decimal('42.09306'), Decimal('47.647714'))"
Обелиск/Стела,Обелиск/Стела,Ленинградская область,,Not found
Обелиск/Стела,Обелиск/Стела,Пермь,Пермский,"(Decimal('56.229434'), Decimal('58.01045'))"
"Сады, скверы, парки","Сады, скверы, парки",Ленинградская область,Приозерск,Not found
военная слава,военная слава,Ростовская область,Волгодонск,"(Decimal('42.20632'), Decimal('47.519618'))"
Обелиск/Стела,Обелиск/Стела,Пермь,Пермский,"(Decimal('56.229434'), Decimal('58.01045'))"
военная слава,военная слава,Республика Саха (Якутия),Ольокминск,"(Decimal('120.403075'), Decimal('60.372976'))"
Обелиск/Стела,Обелиск/Стела,Камчатский край,Петропавловск-Камчатский,"(Decimal('158.643566'), Decimal('53.024075'))"
Обелиск/Стела,Обелиск/Стела,Новгородская область,,Not found
Обелиск/Стела,Обелиск/Стела,Кабардино-Балкарская Республика,Нальчик,"(Decimal('43.607072'), Decimal('43.485259'))"
военная слава,военная слава,Краснодарский край,Анапа,"(Decimal('37.31617'), Decimal('44.894965'))"
Обелиск/Стела,Обелиск/Стела,Республика Башкортостан,,Not found
Обелиск/Стела,Обелиск/Стела,Краснодарский край,Новороссийск,"(Decimal('37.768974'), Decimal('44.723912'))"
Обелиск/Стела,Обелиск/Стела,Камчатский край,Петропавловск-Камчатский,"(Decimal('158.643566'), Decimal('53.024075'))"
Обелиск/Стела,Обелиск/Стела,Новосибирская область,Новосибирск,"(Decimal('82.92043'), Decimal('55.030199'))"
Обелиск/Стела,Обелиск/Стела,Ростовская область,мой,"(Decimal('40.215797'), Decimal('47.709601'))"
Обелиск/Стела,Обелиск/Стела,Новосибирская область,Новосибирск,"(Decimal('82.92043'), Decimal('55.030199'))"
Обелиск/Стела,Обелиск/Стела,Ростовская область,Каменск-Шахтинский,"(Decimal('40.268923'), Decimal('48.320515'))"
Анненкроне,защита,Ленинградская область,Выборг,"(Decimal('28.749404'), Decimal('60.710232'))"
Арабатская крепость,защита,Республика Крым,Каменское,"(Decimal('35.525504'), Decimal('45.281048'))"
Аранинская крепость,защита,Республика Дагестан,,"(Decimal('47.156055'), Decimal('43.365651'))"
Астрономический бастион,защита,Калининградская область,,"(Decimal('21.218944'), Decimal('54.56009'))"
Ахтынская крепость,защита,Республика Дагестан,,"(Decimal('47.156055'), Decimal('43.365651'))"
"Бастион ""Грольман""",защита,Калининградская область,,"(Decimal('21.218944'), Decimal('54.56009'))"
Бастион Панцерлакс,защита,Ленинградская область,,"(Decimal('29.856829'), Decimal('59.827944'))"
Крепление аккумулятора,Руины,Ленинградская область,Выборг,"(Decimal('28.761513'), Decimal('60.70711'))"
Башня «Дон»,защита,Калининградская область,,"(Decimal('21.218944'), Decimal('54.56009'))"
Врангелевская башня,защита,Калининградская область,,"(Decimal('21.218944'), Decimal('54.56009'))"
Береговая батарея «Тигр»,защита,Приморский край,Владивосток,"(Decimal('131.877238'), Decimal('43.114904'))"
Бары Great Wall Кавказский Дуг,защита,Республика Дагестан,Дербент,"(Decimal('48.288776'), Decimal('42.057669'))"
Лукская крепость,защита,Псковская область,великий Люк,"(Decimal('30.521969'), Decimal('56.342316'))"
Владивостокская крепость,защита,Приморский край,Владивосток,"(Decimal('131.885485'), Decimal('43.115536'))"
Гдовская крепость,защита,Псковская область,Гдов,"(Decimal('27.825181'), Decimal('58.736781'))"
Гдовская крепость,защита,Псковская область,Гдов,"(Decimal('27.825181'), Decimal('58.736781'))"
Генуэзская крепость,защита,Республика Крым,Судак,"(Decimal('34.957203'), Decimal('44.843451'))"
Городские пруды с деревьями - третья Галичская крепость,защита,Костромская область,Галич,Not found
Гунибская крепость,защита,Республика Дагестан,Гуни,"(Decimal('46.961147'), Decimal('42.387903'))"
Дербентская стена,защита,Республика Дагестан,Дербент,"(Decimal('48.288776'), Decimal('42.057669'))"
Деревянная крепость &quot;Стрелецкий острог&quot;,защита,Ленинградская область,,Not found
Древнеуйгурская крепость,защита,Республика Тыва,,"(Decimal('94.793085'), Decimal('51.584332'))"
Зылин Дуарте,защита,Республика Северная Осетия - Алания,нижний Зарамаг,"(Decimal('43.969452'), Decimal('42.69495'))"
Ивангородская крепость,защита,Ленинградская область,,"(Decimal('31.034691'), Decimal('59.953286'))"
Изборская крепость,защита,Псковская область,Изборск,"(Decimal('27.968301'), Decimal('57.771009'))"
Историко-культурный комплекс «Омская крепость».,защита,Омская область,Омск,"(Decimal('73.368212'), Decimal('54.989342'))"
Комдагал,защита,Республика Северная Осетия - Алания,,"(Decimal('44.262033'), Decimal('43.092669'))"
Укрепление «Тотур Кала»,защита,Кабардино-Балкарская Республика,,Not found
Валы с воротами Алексеевской,защита,Ростовская область,Азов,Not found
Укрепления Новгорода,защита,Новгородская область,Новгород,"(Decimal('31.092848'), Decimal('58.512818'))"
Окружные городские укрепления,защита,Псковская область,Псков,Not found
"Крепость ""Керчь"", форт ""Тотлебен""",защита,Республика Крым,Керчь,Not found
крепость Алустон,защита,Республика Крым,Алушта,"(Decimal('34.41012'), Decimal('44.676404'))"
крепость Валдай,защита,Калининградская область,,"(Decimal('21.218944'), Decimal('54.56009'))"
Крепость Ени-Кале,защита,Республика Крым,Керчь,"(Decimal('36.467378'), Decimal('45.356219'))"
Кала-Корейш,защита,Республика Дагестан,,"(Decimal('47.657153'), Decimal('42.102453'))"
крепость Каламита,защита,Севастополь,Инкиерман,"(Decimal('33.598833'), Decimal('44.613684'))"
крепость Керчь,защита,Республика Крым,Керчь,"(Decimal('36.467378'), Decimal('45.356219'))"
крепость была,защита,Ленинградская область,Копорье,"(Decimal('28.743358'), Decimal('59.695417'))"
крепость Орешек,защита,Санкт-Петербург,Санкт-Петербург,"(Decimal('31.034691'), Decimal('59.953286'))"
крепость Суанова,защита,Республика Северная Осетия - Алания,,"(Decimal('44.262033'), Decimal('43.092669'))"
крепость Сундовит,защита,Нижегородская область,Лысково,"(Decimal('45.040962'), Decimal('56.021357'))"
крепость Тронгзунд,Руины,Ленинградская область,Высоцк,"(Decimal('28.568277'), Decimal('60.625604'))"
крепость Фуна,защита,Республика Крым,Сияющий,"(Decimal('34.400211'), Decimal('44.737301'))"
Крепость Чембало,защита,Севастополь,Можжевельник excelsa Балаклава,"(Decimal('33.599857'), Decimal('44.501214'))"
Крепость в Усть-Элегесте,защита,Республика Тыва,Усть-Элегест,"(Decimal('94.099622'), Decimal('51.564243'))"
Крепость семи братьев Седаново.,защита,Республика Северная Осетия - Алания,Верн Задалеск,Not found
Крепость семи братьев и одной сестры,защита,Республика Дагестан,,"(Decimal('47.095742'), Decimal('42.259793'))"
Кутлакская (Боспорская) крепость.,защита,Республика Крым,Судак,"(Decimal('34.957203'), Decimal('44.843451'))"
Литовский вал,защита,Калининградская область,,"(Decimal('20.533906'), Decimal('54.715639'))"
Назрановская крепость,защита,Республика Ингушетия,Назрань,"(Decimal('44.777217'), Decimal('43.214723'))"
Скальный замок в селе Дзивгис.,защита,Республика Северная Осетия - Алания,Дзивгис,Not found
Новодвинская крепость,защита,Архангельская область,Архангельск,"(Decimal('40.419759'), Decimal('64.695036'))"
Новосильцевская батарея,защита,Приморский край,Владивосток,"(Decimal('131.885485'), Decimal('43.115536'))"
Оборонительная казарма Наследного Принца,защита,Калининградская область,,Not found
Оборонительная стена города Пензы.,защита,Пензенская область,Пенза,"(Decimal('45.023041'), Decimal('53.118367'))"
Опочетская крепость,защита,Псковская область,Опочка,"(Decimal('28.658881'), Decimal('56.714151'))"
Остатки крепостной стены,защита,Ставропольский край,Ставрополь,"(Decimal('41.969101'), Decimal('45.04333'))"
Островская крепость,защита,Псковская область,Остров,"(Decimal('28.39607'), Decimal('57.340608'))"
Порховская крепость,защита,Псковская область,Порхов,"(Decimal('29.564948'), Decimal('57.767049'))"
Преображенское укрепление,защита,Республика Дагестан,нижний Инхело,"(Decimal('46.259294'), Decimal('42.645113'))"
Псковская крепость,защита,Псковская область,Псков,"(Decimal('28.394632'), Decimal('57.820439'))"
ориентир замок,защита,Тамбовская область,,"(Decimal('41.592249'), Decimal('52.474699'))"
Сигнал и сторожевая вышка в селе Гига,архитектура,Республика Дагестан,Джигме,Not found
Смоленская крепостная стена,защита,Смоленская область,Смоленск,"(Decimal('31.815363'), Decimal('54.786711'))"
Спасская башня,архитектура,Смоленская область,Вязьма,"(Decimal('34.298037'), Decimal('55.205944'))"
Урсдонская скальная крепость,защита,Республика Северная Осетия - Алания,Урсдон,"(Decimal('44.173765'), Decimal('43.165452'))"
Форт «Южная Балаклава»,защита,Севастополь,Можжевельник excelsa Балаклава,"(Decimal('33.599094'), Decimal('44.497286'))"
Форт Красная Горка,защита,Ленинградская область,,"(Decimal('29.335564'), Decimal('59.972005'))"
Форт Поспелова,защита,Приморский край,Владивосток,"(Decimal('131.885485'), Decimal('43.115536'))"
Форт № 1 «Штайн»,защита,Калининградская область,,Not found
Форт № 11 «Дёнхофф»,защита,Калининградская область,,Not found
Форт № 2 «Бронзарт»,защита,Калининградская область,,Not found
Форт № 2а «Барнеков»,защита,Калининградская область,,Not found
Форт № 3 «Король Фридрих III»,защита,Калининградская область,,Not found
Форт № 4 «Гнейзенау»,защита,Калининградская область,Калининград,"(Decimal('20.512733'), Decimal('54.710454'))"
Форт № 5 «Король Фридрих Вильгельм III»,защита,Калининградская область,Калининград,Not found
Форт № 5а «Лендорф»,защита,Калининградская область,,Not found
Форт № 7 Цесаревич Алексей,защита,Приморский край,Владивосток,"(Decimal('131.901241'), Decimal('43.113107'))"
Форт № 9 «Дон»,защита,Калининградская область,,Not found
Хунзахская крепость,защита,Республика Дагестан,Хунзах,"(Decimal('46.702459'), Decimal('42.538574'))"
Цитадель 'Регионал',защита,Республика Дагестан,Дербент,"(Decimal('48.288776'), Decimal('42.057669'))"
Цитадель «Пиллаи»,защита,Калининградская область,,"(Decimal('19.892177'), Decimal('54.644072'))"
крепость Анны,защита,Ростовская область,Старочеркасская,"(Decimal('40.037562'), Decimal('47.238844'))"
Петропавловская крепость,защита,Санкт-Петербург,,"(Decimal('30.307792'), Decimal('59.948978'))"
